,page,product,link
0,1,"Last sold on
      28/05/20251 Pitt Street, North Dunedin1012m2$225,000(last sale price)",https://www.realestate.co.nz/property/1-pitt-street-north-dunedin-dunedin-city-otago/sgrm35fy
1,1,"Last sold on
      27/05/202558 Parklands Avenue, Mosgiel3$695,000(last sale price)",https://www.realestate.co.nz/property/58-parklands-avenue-mosgiel-dunedin-city-otago/8vryf7ms
2,1,"Last sold on
      23/05/2025267 Macandrew Road, Forbury31491m2$470,000(last sale price)",https://www.realestate.co.nz/property/267-macandrew-road-forbury-dunedin-city-otago/y73lpc3r
3,1,"Last sold on
      16/05/202521 Seaview Terrace, Kew31579m2$488,000(last sale price)",https://www.realestate.co.nz/property/21-seaview-terrace-kew-dunedin-city-otago/2zwsplyr
4,1,"Last sold on
      16/05/202530 Mcfadden Drive, Mosgiel31670m2$715,000(last sale price)",https://www.realestate.co.nz/property/30-mcfadden-drive-mosgiel-dunedin-city-otago/vw93bzks
5,1,"Last sold on
      16/05/202520 Holm Avenue, Broad Bay321362m2$1,200,000(last sale price)",https://www.realestate.co.nz/property/20-holm-avenue-broad-bay-dunedin-city-otago/p78twf7r
6,1,"Last sold on
      16/05/202516 Balmain Street, Halfway Bush33664m2$640,000(last sale price)",https://www.realestate.co.nz/property/16-balmain-street-halfway-bush-dunedin-city-otago/b9ftc4hr
7,1,"Last sold on
      15/05/202542 Hope Street, Dunedin Central3175m2$595,000(last sale price)",https://www.realestate.co.nz/property/42-hope-street-dunedin-central-dunedin-city-otago/7l5xw1nr
8,1,"Last sold on
      13/05/202522 Kura Place, Mosgiel32620m2$935,000(last sale price)",https://www.realestate.co.nz/property/22-kura-place-mosgiel-dunedin-city-otago/k2k2k2js
9,1,"Last sold on
      09/05/202520 Jensen Street, Green Island31675m2$509,000(last sale price)",https://www.realestate.co.nz/property/20-jensen-street-green-island-dunedin-city-otago/x18l1kbs
10,1,"Last sold on
      09/05/202516 Cosy Dell Road, North Dunedin63208m2$958,000(last sale price)",https://www.realestate.co.nz/property/16-cosy-dell-road-north-dunedin-dunedin-city-otago/c1l2fqrr
11,1,"Last sold on
      09/05/202543 Main Road, Fairfield42731m2$900,000(last sale price)",https://www.realestate.co.nz/property/43-main-road-fairfield-dunedin-city-otago/prqlc1ds
12,1,"Last sold on
      09/05/202557 Helena Street, Forbury21$363,000(last sale price)",https://www.realestate.co.nz/property/57-helena-street-forbury-dunedin-city-otago/ktvpbs1r
13,1,"Last sold on
      09/05/202517 Bolton Street, East Otago4831m2$125,000(last sale price)",https://www.realestate.co.nz/property/17-bolton-street-east-otago-dunedin-city-otago/j8s486bs
14,1,"Last sold on
      09/05/2025114 Argyle Street, Mosgiel41890m2$750,000(last sale price)",https://www.realestate.co.nz/property/114-argyle-street-mosgiel-dunedin-city-otago/bc2gldms
15,1,"Last sold on
      08/05/20259 Camden Grove, Maia32664m2$1,154,000(last sale price)",https://www.realestate.co.nz/property/9-camden-grove-maia-dunedin-city-otago/WLM9zCtXk
16,1,"Recently sold106 Ashmore Street, Halfway Bush31622m2Price is not yet confirmed",https://www.realestate.co.nz/property/106-ashmore-street-halfway-bush-dunedin-city-otago/7l5xw1hr
17,1,"Last sold on
      06/05/202513 Argyle Street, Mornington31387m2$530,000(last sale price)",https://www.realestate.co.nz/property/13-argyle-street-mornington-dunedin-city-otago/7m1fv7lr
18,1,"Last sold on
      06/05/202531 Stanley Street, Kenmure31458m2$555,000(last sale price)",https://www.realestate.co.nz/property/31-stanley-street-kenmure-dunedin-city-otago/p4snqzmr
19,1,"Last sold on
      05/05/2025115 Hagart-alexander Drive, Mosgiel31602m2$620,000(last sale price)",https://www.realestate.co.nz/property/115-hagart-alexander-drive-mosgiel-dunedin-city-otago/5p153vns
20,2,"Last sold on
      02/05/202523 Delphic Street, Sawyers Bay31768m2$615,000(last sale price)",https://www.realestate.co.nz/property/23-delphic-street-sawyers-bay-dunedin-city-otago/5hyg3t5q
21,2,"Last sold on
      01/05/2025235 Gladstone Road North, Mosgiel31809m2$586,250(last sale price)",https://www.realestate.co.nz/property/235-gladstone-road-north-mosgiel-dunedin-city-otago/c2b7ps9v
22,2,"Last sold on
      01/05/202598C Factory Road, Mosgiel11106m2$420,000(last sale price)",https://www.realestate.co.nz/property/98c-factory-road-mosgiel-dunedin-city-otago/n5X8gnlYk
23,2,"Last sold on
      30/04/202513 Maryhill Terrace, Maryhill31455m2$575,000(last sale price)",https://www.realestate.co.nz/property/13-maryhill-terrace-maryhill-dunedin-city-otago/n0kb9fmr
24,2,"Last sold on
      30/04/202542A Ayr Street, Mosgiel31130m2$515,000(last sale price)",https://www.realestate.co.nz/property/42a-ayr-street-mosgiel-dunedin-city-otago/s2nkr7ls
25,2,"Last sold on
      30/04/202598B Victoria Road, Saint Kilda21$380,000(last sale price)",https://www.realestate.co.nz/property/98b-victoria-road-saint-kilda-dunedin-city-otago/cy3w874r
26,2,"Last sold on
      30/04/20259 De Carle Street, Saint Kilda53369m2$745,000(last sale price)",https://www.realestate.co.nz/property/9-de-carle-street-saint-kilda-dunedin-city-otago/2vj3ky4r
27,2,"Last sold on
      29/04/20252 Chapel Street, Kaikorai31567m2$435,000(last sale price)",https://www.realestate.co.nz/property/2-chapel-street-kaikorai-dunedin-city-otago/rwtk3fhr
28,2,"Last sold on
      29/04/2025484 South Road, Calton Hill31417m2$350,000(last sale price)",https://www.realestate.co.nz/property/484-south-road-calton-hill-dunedin-city-otago/jrcdtmxr
29,2,"Last sold on
      29/04/202525 Council Street, Saint Kilda21235m2$315,000(last sale price)",https://www.realestate.co.nz/property/25-council-street-saint-kilda-dunedin-city-otago/6rjhn04r
30,2,"Last sold on
      29/04/2025131 Gladstone Road South, East Taieri433348m2$1,850,000(last sale price)",https://www.realestate.co.nz/property/131-gladstone-road-south-east-taieri-dunedin-city-otago/p21mtlcgc
31,2,"Last sold on
      28/04/202531 Botha Street, Tainui32378m2$485,000(last sale price)",https://www.realestate.co.nz/property/31-botha-street-tainui-dunedin-city-otago/b46l983r
32,2,"Last sold on
      28/04/202534 Mulford Street, Concord42512m2$630,000(last sale price)",https://www.realestate.co.nz/property/34-mulford-street-concord-dunedin-city-otago/7nxysf8r
33,2,"Last sold on
      28/04/202559 Beresford Street, Wakari31853m2$620,000(last sale price)",https://www.realestate.co.nz/property/59-beresford-street-wakari-dunedin-city-otago/k492ggfr
34,2,"Last sold on
      24/04/202546 Aberdeen Road, Saint Clair42716m2$775,000(last sale price)",https://www.realestate.co.nz/property/46-aberdeen-road-saint-clair-dunedin-city-otago/fp4snqyr
35,2,"Last sold on
      24/04/202579 Playfair Street, Caversham41807m2$375,000(last sale price)",https://www.realestate.co.nz/property/79-playfair-street-caversham-dunedin-city-otago/psgrm3yr
36,2,"Last sold on
      24/04/202535 Murray Street, Mosgiel31809m2$515,000(last sale price)",https://www.realestate.co.nz/property/35-murray-street-mosgiel-dunedin-city-otago/0r9msqjs
37,2,"Last sold on
      24/04/202527 Elliot Street, Andersons Bay31673m2$706,000(last sale price)",https://www.realestate.co.nz/property/27-elliot-street-andersons-bay-dunedin-city-otago/d1gqrlvr
38,2,"Last sold on
      24/04/20257/63 Opoho Road, North East Valley62485m2$525,000(last sale price)",https://www.realestate.co.nz/property/7-63-opoho-road-north-east-valley-dunedin-city-otago/nzptb84x
39,2,"Last sold on
      24/04/2025784 Portobello Road, Broad Bay311.38ha$960,000(last sale price)",https://www.realestate.co.nz/property/784-portobello-road-broad-bay-dunedin-city-otago/jd5tdw7r
40,3,"Last sold on
      24/04/20257 Malvern Street, Woodhaugh508m2$589,675(last sale price)",https://www.realestate.co.nz/property/7-malvern-street-woodhaugh-dunedin-city-otago/2sxfcpbr
41,3,"Last sold on
      23/04/202531 Mitchell Street, Abbotsford31501m2$595,000(last sale price)",https://www.realestate.co.nz/property/31-mitchell-street-abbotsford-dunedin-city-otago/dx30my8r
42,3,"Last sold on
      22/04/202521 Turner Street, Halfway Bush31544m2$537,250(last sale price)",https://www.realestate.co.nz/property/21-turner-street-halfway-bush-dunedin-city-otago/8hkd1gcr
43,3,"Last sold on
      22/04/202510 Alison Crescent, Belleknowes421050m2$1,220,000(last sale price)",https://www.realestate.co.nz/property/10-alison-crescent-belleknowes-dunedin-city-otago/y4mfjxgr
44,3,"Last sold on
      22/04/202513 Mcmaster Road, Saddle Hill121.75ha$955,000(last sale price)",https://www.realestate.co.nz/property/13-mcmaster-road-saddle-hill-dunedin-city-otago/9gkjd5gs
45,3,"Last sold on
      22/04/202528A Forfar Street, Mosgiel21$399,000(last sale price)",https://www.realestate.co.nz/property/28a-forfar-street-mosgiel-dunedin-city-otago/pddp84ls
46,3,"Last sold on
      17/04/202517 Trafalgar Street, Saint Kilda31405m2$512,000(last sale price)",https://www.realestate.co.nz/property/17-trafalgar-street-saint-kilda-dunedin-city-otago/2y4mfj5r
47,3,"Last sold on
      17/04/20258 Benhar Street, Maryhill3567m2$500,000(last sale price)",https://www.realestate.co.nz/property/8-benhar-street-maryhill-dunedin-city-otago/4fg5kpmr
48,3,"Last sold on
      17/04/202535 Kinmont Crescent, Mosgiel21$534,000(last sale price)",https://www.realestate.co.nz/property/35-kinmont-crescent-mosgiel-dunedin-city-otago/s1s1s1ks
49,3,"Last sold on
      17/04/20255 Seddon Street, Ravensbourne31931m2$313,000(last sale price)",https://www.realestate.co.nz/property/5-seddon-street-ravensbourne-dunedin-city-otago/5m946g6q
50,3,"Last sold on
      17/04/20257 Wren Lane, Saint Leonards431567m2$877,500(last sale price)",https://www.realestate.co.nz/property/7-wren-lane-saint-leonards-dunedin-city-otago/hcfp4srlk
51,3,"Last sold on
      17/04/202554 Waimea Avenue, Calton Hill21667m2$510,000(last sale price)",https://www.realestate.co.nz/property/54-waimea-avenue-calton-hill-dunedin-city-otago/7bgknrxr
52,3,"Last sold on
      17/04/202559 Argyle Street, Mornington622m2$155,000(last sale price)",https://www.realestate.co.nz/property/59-argyle-street-mornington-dunedin-city-otago/bwh71zst
53,3,"Last sold on
      17/04/20256 Victoria Street, Waikouaiti2502m2$67,000(last sale price)",https://www.realestate.co.nz/property/6-victoria-street-waikouaiti-dunedin-city-otago/sfw34zpz
54,3,"Last sold on
      17/04/2025111 Hillhead Road, Corstorphine21500m2$431,000(last sale price)",https://www.realestate.co.nz/property/111-hillhead-road-corstorphine-dunedin-city-otago/g5kph0pw
55,3,"Last sold on
      16/04/202547 Melbourne Street, South Dunedin31393m2$380,000(last sale price)",https://www.realestate.co.nz/property/47-melbourne-street-south-dunedin-dunedin-city-otago/30myyn2r
56,3,"Last sold on
      16/04/202573 Mckerrow Street, Shiel Hill31554m2$595,000(last sale price)",https://www.realestate.co.nz/property/73-mckerrow-street-shiel-hill-dunedin-city-otago/c1l2fqtr
57,3,"Last sold on
      16/04/20258 Knox Street, North East Valley62316m2$845,000(last sale price)",https://www.realestate.co.nz/property/8-knox-street-north-east-valley-dunedin-city-otago/l8jfxz8q
58,3,"Last sold on
      16/04/202519A Queens Drive, Saint Kilda31301m2$655,000(last sale price)",https://www.realestate.co.nz/property/19a-queens-drive-saint-kilda-dunedin-city-otago/pn31hg4r
59,3,"Last sold on
      15/04/202557 Manchester Street, Bradford31582m2$240,000(last sale price)",https://www.realestate.co.nz/property/57-manchester-street-bradford-dunedin-city-otago/46gylgjr
60,4,"Last sold on
      15/04/202559A Magdala Street, Tainui31344m2$680,000(last sale price)",https://www.realestate.co.nz/property/59a-magdala-street-tainui-dunedin-city-otago/55lfn8wr
61,4,"Last sold on
      15/04/202537 Puketai Street, Andersons Bay21643m2$580,000(last sale price)",https://www.realestate.co.nz/property/37-puketai-street-andersons-bay-dunedin-city-otago/snqzf3vr
62,4,"Last sold on
      15/04/2025228 Harington Point Road, Portobello1150m2$225,000(last sale price)",https://www.realestate.co.nz/property/228-harington-point-road-portobello-dunedin-city-otago/s1s1s16r
63,4,"Last sold on
      15/04/202546 Tainui Road, Tainui31419m2$511,000(last sale price)",https://www.realestate.co.nz/property/46-tainui-road-tainui-dunedin-city-otago/h71z04wr
64,4,"Last sold on
      14/04/2025114 Scurr Road, Scroggs Hill22ha$1,200,000(last sale price)",https://www.realestate.co.nz/property/114-scurr-road-scroggs-hill-dunedin-city-otago/3p9wh3gs
65,4,"Last sold on
      14/04/202528 Hart Street, Belleknowes1012m2$845,000(last sale price)",https://www.realestate.co.nz/property/28-hart-street-belleknowes-dunedin-city-otago/b1qf4tgr
66,4,"Last sold on
      14/04/20251 Gilmore Street, Kaikorai31474m2$535,000(last sale price)",https://www.realestate.co.nz/property/1-gilmore-street-kaikorai-dunedin-city-otago/71z04cqrz
67,4,"Last sold on
      14/04/202523 Thornly Park Avenue, Mosgiel42951m2$1,285,000(last sale price)",https://www.realestate.co.nz/property/23-thornly-park-avenue-mosgiel-dunedin-city-otago/7t0s542fk
68,4,"Last sold on
      14/04/20252 Carnarvon Street, Belleknowes42582m2$849,000(last sale price)",https://www.realestate.co.nz/property/2-carnarvon-street-belleknowes-dunedin-city-otago/5g2y4mkr
69,4,"Last sold on
      14/04/202574 Woodside Road, Outram316.48ha$1,025,000(last sale price)",https://www.realestate.co.nz/property/74-woodside-road-outram-dunedin-city-otago/21mtlzhs
70,4,"Last sold on
      11/04/2025202 North Road, North East Valley41206m2$410,000(last sale price)",https://www.realestate.co.nz/property/202-north-road-north-east-valley-dunedin-city-otago/vkz2wd9q
71,4,"Last sold on
      11/04/202516 Taieri Mouth Road, Brighton531.89ha$1,050,000(last sale price)",https://www.realestate.co.nz/property/16-taieri-mouth-road-brighton-dunedin-city-otago/frrgwzgs
72,4,"Last sold on
      11/04/202520 Skerries Street, Outram211012m2$685,000(last sale price)",https://www.realestate.co.nz/property/20-skerries-street-outram-dunedin-city-otago/z8vryfhs
73,4,"Last sold on
      11/04/202572 Heathfield Drive, Mosgiel833m2$430,000(last sale price)",https://www.realestate.co.nz/property/72-heathfield-drive-mosgiel-dunedin-city-otago/9ZgRvKXXk
74,4,"Last sold on
      11/04/202551 Tay Street, Mosgiel31768m2$590,000(last sale price)",https://www.realestate.co.nz/property/51-tay-street-mosgiel-dunedin-city-otago/90vstyjs
75,4,"Last sold on
      11/04/2025380 Taieri Road, Halfway Bush31854m2$544,000(last sale price)",https://www.realestate.co.nz/property/380-taieri-road-halfway-bush-dunedin-city-otago/34zm29br
76,4,"Last sold on
      11/04/202551 Silver Springs Boulevard, Mosgiel21560m2$765,000(last sale price)",https://www.realestate.co.nz/property/51-silver-springs-boulevard-mosgiel-dunedin-city-otago/grm35v81d
77,4,"Last sold on
      10/04/2025110 Rolla Street, Normanby1512m2$350,000(last sale price)",https://www.realestate.co.nz/property/110-rolla-street-normanby-dunedin-city-otago/swp6db8q
78,4,"Last sold on
      10/04/202510 Walton Park Avenue, Fairfield31830m2$715,000(last sale price)",https://www.realestate.co.nz/property/10-walton-park-avenue-fairfield-dunedin-city-otago/gjs7wrds
79,4,"Last sold on
      10/04/202596 Easther Crescent, Kew31516m2$545,000(last sale price)",https://www.realestate.co.nz/property/96-easther-crescent-kew-dunedin-city-otago/9fp0fzyr
80,5,"Last sold on
      10/04/202516F Mure Street, Mosgiel21$448,000(last sale price)",https://www.realestate.co.nz/property/16f-mure-street-mosgiel-dunedin-city-otago/rt2j61ls
81,5,"Last sold on
      10/04/2025126 Musselburgh Rise, Musselburgh32516m2$701,000(last sale price)",https://www.realestate.co.nz/property/126-musselburgh-rise-musselburgh-dunedin-city-otago/wgck1twr
82,5,"Last sold on
      10/04/202537 Glen Road, Mornington31460m2$410,000(last sale price)",https://www.realestate.co.nz/property/37-glen-road-mornington-dunedin-city-otago/1z04cqlr
83,5,"Last sold on
      09/04/2025438 Riccarton Road West, North Taieri22.01ha$1,200,000(last sale price)",https://www.realestate.co.nz/property/438-riccarton-road-west-north-taieri-dunedin-city-otago/01wjz6s3c
84,5,"Last sold on
      09/04/202589 Belford Street, Waverley311065m2$710,000(last sale price)",https://www.realestate.co.nz/property/89-belford-street-waverley-dunedin-city-otago/kgn4x0sr
85,5,"Last sold on
      09/04/20259 Connell Street, Waverley32639m2$910,000(last sale price)",https://www.realestate.co.nz/property/9-connell-street-waverley-dunedin-city-otago/1y8z3mtr
86,5,"Last sold on
      08/04/202534 Chapman Street, Wakari3474m2$520,000(last sale price)",https://www.realestate.co.nz/property/34-chapman-street-wakari-dunedin-city-otago/nsl396fr
87,5,"Last sold on
      08/04/202553 Cranley Street, Saint Kilda31466m2$535,000(last sale price)",https://www.realestate.co.nz/property/53-cranley-street-saint-kilda-dunedin-city-otago/splhd93r
88,5,"Last sold on
      08/04/20252D Bruce Street, Mosgiel21200m2$660,000(last sale price)",https://www.realestate.co.nz/property/2d-bruce-street-mosgiel-dunedin-city-otago/4jybr481d
89,5,"Last sold on
      08/04/202595 Severn Street, Green Island32690m2$970,000(last sale price)",https://www.realestate.co.nz/property/95-severn-street-green-island-dunedin-city-otago/frrgwz81d
90,5,"Last sold on
      08/04/2025255 Riccarton Road West, Mosgiel4314.57ha$1,405,000(last sale price)",https://www.realestate.co.nz/property/255-riccarton-road-west-mosgiel-dunedin-city-otago/hf5p15s3c
91,5,"Last sold on
      08/04/20257 Wilkinson Street, Liberton31619m2$580,000(last sale price)",https://www.realestate.co.nz/property/7-wilkinson-street-liberton-dunedin-city-otago/k9dyv59q
92,5,"Last sold on
      08/04/20254 Okahau Terrace, Warrington431008m2$1,200,000(last sale price)",https://www.realestate.co.nz/property/4-okahau-terrace-warrington-dunedin-city-otago/lgd6rb9Zk
93,5,"Last sold on
      08/04/20256 Grandview Crescent, Opoho31728m2$850,000(last sale price)",https://www.realestate.co.nz/property/6-grandview-crescent-opoho-dunedin-city-otago/k6xrpq8q
94,5,"Last sold on
      08/04/202516B Cosy Dell Road, North Dunedin73564m2$1,060,000(last sale price)",https://www.realestate.co.nz/property/16b-cosy-dell-road-north-dunedin-dunedin-city-otago/wq2x833fk
95,5,"Last sold on
      07/04/202569 Hood Street, Wakari311012m2$690,000(last sale price)",https://www.realestate.co.nz/property/69-hood-street-wakari-dunedin-city-otago/tdw7hphr
96,5,"Last sold on
      07/04/202534A Drivers Road, Maori Hill21$609,000(last sale price)",https://www.realestate.co.nz/property/34a-drivers-road-maori-hill-dunedin-city-otago/y77ychdr
97,5,"Last sold on
      07/04/202578 Beresford Street, Wakari31496m2$510,000(last sale price)",https://www.realestate.co.nz/property/78-beresford-street-wakari-dunedin-city-otago/xllwgcfr
98,5,"Last sold on
      07/04/20258 Heriot Row, Dunedin Central72585m2$785,500(last sale price)",https://www.realestate.co.nz/property/8-heriot-row-dunedin-central-dunedin-city-otago/43zrf0qr
99,5,"Last sold on
      07/04/20259 King Edward Street, Kensington31207m2$390,000(last sale price)",https://www.realestate.co.nz/property/9-king-edward-street-kensington-dunedin-city-otago/wp6dby1r
100,6,"Last sold on
      07/04/2025328 Brockville Road, Brockville-31642m2$520,000(last sale price)",https://www.realestate.co.nz/property/328-brockville-road-brockville-dunedin-city-otago/t9c2b7jr
101,6,"Last sold on
      07/04/202512 Highcliff Road, Andersons Bay32549m2$839,000(last sale price)",https://www.realestate.co.nz/property/12-highcliff-road-andersons-bay-dunedin-city-otago/v8c6pxvr
102,6,"Last sold on
      07/04/202547 Main Road, Fairfield31568m2$650,000(last sale price)",https://www.realestate.co.nz/property/47-main-road-fairfield-dunedin-city-otago/m35v40ds
103,6,"Last sold on
      07/04/202511/27 Saint Albans Street, Bradford41$545,000(last sale price)",https://www.realestate.co.nz/property/11-27-saint-albans-street-bradford-dunedin-city-otago/kgn4x0l7c
104,6,"Last sold on
      07/04/2025401 Malvern Street, Glenleith31860m2$530,000(last sale price)",https://www.realestate.co.nz/property/401-malvern-street-glenleith-dunedin-city-otago/6rjhn0br
105,6,"Recently sold15 Soper Road, Mosgiel321099m2Price is not yet confirmed",https://www.realestate.co.nz/property/15-soper-road-mosgiel-dunedin-city-otago/r582ltcs
106,6,"Last sold on
      04/04/202517 Beach Street, Waikouaiti32913m2$570,000(last sale price)",https://www.realestate.co.nz/property/17-beach-street-waikouaiti-dunedin-city-otago/wdmj4f4q
107,6,"Last sold on
      04/04/202541A Kauri Street, Ravensbourne21608m2$430,000(last sale price)",https://www.realestate.co.nz/property/41a-kauri-street-ravensbourne-dunedin-city-otago/j4fg5k6q
108,6,"Last sold on
      04/04/20255 Epsilon Street, Belleknowes53692m2$860,000(last sale price)",https://www.realestate.co.nz/property/5-epsilon-street-belleknowes-dunedin-city-otago/l1k6xrkr
109,6,"Last sold on
      04/04/202514A Burns Street, Port Chalmers31512m2$535,000(last sale price)",https://www.realestate.co.nz/property/14a-burns-street-port-chalmers-dunedin-city-otago/ylgjs74q
110,6,"Last sold on
      04/04/2025160 Kenmure Road, Kenmure21387m2$555,000(last sale price)",https://www.realestate.co.nz/property/160-kenmure-road-kenmure-dunedin-city-otago/44v8c6kr
111,6,"Last sold on
      04/04/202510 Shand Street, Green Island21463m2$479,000(last sale price)",https://www.realestate.co.nz/property/10-shand-street-green-island-dunedin-city-otago/4ktvpbbs
112,6,"Last sold on
      03/04/2025243 Oxford Street, South Dunedin31455m2$403,500(last sale price)",https://www.realestate.co.nz/property/243-oxford-street-south-dunedin-dunedin-city-otago/s2nkr72r
113,6,"Last sold on
      03/04/202580 Greenock Street, Kaikorai41506m2$515,000(last sale price)",https://www.realestate.co.nz/property/80-greenock-street-kaikorai-dunedin-city-otago/y20r9mhr
114,6,"Last sold on
      03/04/2025188 Signal Hill Road, Opoho31744m2$660,000(last sale price)",https://www.realestate.co.nz/property/188-signal-hill-road-opoho-dunedin-city-otago/k7s8mx7q
115,6,"Last sold on
      03/04/202541 Gordon Road, Mosgiel311012m2$750,000(last sale price)",https://www.realestate.co.nz/property/41-gordon-road-mosgiel-dunedin-city-otago/6gylgjls
116,6,"Last sold on
      03/04/202525 Forth Street, Mosgiel31483m2$580,000(last sale price)",https://www.realestate.co.nz/property/25-forth-street-mosgiel-dunedin-city-otago/tpg4p5js
117,6,"Last sold on
      03/04/202526 Whitby Street, Mornington31373m2$486,000(last sale price)",https://www.realestate.co.nz/property/26-whitby-street-mornington-dunedin-city-otago/lj8s48kr
118,6,"Last sold on
      03/04/20256C Berwick Street, Mosgiel22220m2$665,000(last sale price)",https://www.realestate.co.nz/property/6c-berwick-street-mosgiel-dunedin-city-otago/qj8sD8Cbl
119,6,"Last sold on
      03/04/202512 Silverdale Place, Mosgiel730m2$408,000(last sale price)",https://www.realestate.co.nz/property/12-silverdale-place-mosgiel-dunedin-city-otago/rQbPNpNXk
120,7,"Last sold on
      03/04/202539 Paterson Road, Mosgiel9255m2$700,000(last sale price)",https://www.realestate.co.nz/property/39-paterson-road-mosgiel-dunedin-city-otago/l6sd0lcs
121,7,"Last sold on
      03/04/2025136 Morris Road, Fairfield311.11ha$780,000(last sale price)",https://www.realestate.co.nz/property/136-morris-road-fairfield-dunedin-city-otago/r9msqgfs
122,7,"Last sold on
      03/04/202519 Rona Street, Saint Kilda31612m2$405,000(last sale price)",https://www.realestate.co.nz/property/19-rona-street-saint-kilda-dunedin-city-otago/r2sxfc4r
123,7,"Last sold on
      02/04/20254 Hawthorn Avenue, Mornington31463m2$438,000(last sale price)",https://www.realestate.co.nz/property/4-hawthorn-avenue-mornington-dunedin-city-otago/xqykl0kr
124,7,"Last sold on
      02/04/20252 Clifford Street, Dalmore31681m2$620,000(last sale price)",https://www.realestate.co.nz/property/2-clifford-street-dalmore-dunedin-city-otago/v0ntgm9q
125,7,"Last sold on
      02/04/202531B Woodland Avenue, Mosgiel31442m2$730,000(last sale price)",https://www.realestate.co.nz/property/31b-woodland-avenue-mosgiel-dunedin-city-otago/59y3rxks
126,7,"Last sold on
      02/04/202520 Turner Street, Halfway Bush31673m2$612,000(last sale price)",https://www.realestate.co.nz/property/20-turner-street-halfway-bush-dunedin-city-otago/s486yhcr
127,7,"Last sold on
      02/04/202531 Forfar Street, Mosgiel31$525,000(last sale price)",https://www.realestate.co.nz/property/31-forfar-street-mosgiel-dunedin-city-otago/myyn25ls
128,7,"Last sold on
      02/04/202517 Wakari Road, Halfway Bush311836m2$605,000(last sale price)",https://www.realestate.co.nz/property/17-wakari-road-halfway-bush-dunedin-city-otago/1hgxv9br
129,7,"Last sold on
      02/04/202545 Cockerell Street, Brockville21647m2$482,500(last sale price)",https://www.realestate.co.nz/property/45-cockerell-street-brockville-dunedin-city-otago/952zwsjr
130,7,"Last sold on
      02/04/202518 Stewart Street, Waikouaiti21864m2$337,000(last sale price)",https://www.realestate.co.nz/property/18-stewart-street-waikouaiti-dunedin-city-otago/5clsz53q
131,7,"Last sold on
      02/04/20256 Quarry Road, Green Island31517m2$480,000(last sale price)",https://www.realestate.co.nz/property/6-quarry-road-green-island-dunedin-city-otago/pkmwb09r
132,7,"Last sold on
      01/04/2025149 Taieri Road, Kaikorai31266m2$583,000(last sale price)",https://www.realestate.co.nz/property/149-taieri-road-kaikorai-dunedin-city-otago/4snqzfhr
133,7,"Last sold on
      01/04/2025280 Main South Road, Green Island3411m2$475,000(last sale price)",https://www.realestate.co.nz/property/280-main-south-road-green-island-dunedin-city-otago/tz10wnbs
134,7,"Last sold on
      01/04/202533 District Road, Roseneath311012m2$650,000(last sale price)",https://www.realestate.co.nz/property/33-district-road-roseneath-dunedin-city-otago/q80z4h5q
135,7,"Last sold on
      31/03/202521A Quarry Road, Green Island31544m2$585,000(last sale price)",https://www.realestate.co.nz/property/21a-quarry-road-green-island-dunedin-city-otago/d4ywx19r
136,7,"Last sold on
      31/03/202537 Green Street, Mosgiel32697m2$675,000(last sale price)",https://www.realestate.co.nz/property/37-green-street-mosgiel-dunedin-city-otago/3bzzd7hs
137,7,"Last sold on
      31/03/202518 Ross Street, Mosgiel31699m2$650,000(last sale price)",https://www.realestate.co.nz/property/18-ross-street-mosgiel-dunedin-city-otago/vzxn6jjs
138,7,"Last sold on
      31/03/202544 David Street, Caversham2355m2$500,000(last sale price)",https://www.realestate.co.nz/property/44-david-street-caversham-dunedin-city-otago/dwfqJ6WYk
139,7,"Last sold on
      31/03/2025138 Bull Creek Road, Henley7.93ha$1,320,000(last sale price)",https://www.realestate.co.nz/property/138-bull-creek-road-henley-dunedin-city-otago/7cb2lyhs
140,8,"Last sold on
      31/03/202518 Parklands Avenue, Mosgiel2$680,000(last sale price)",https://www.realestate.co.nz/property/18-parklands-avenue-mosgiel-dunedin-city-otago/hgxv97ms
141,8,"Last sold on
      31/03/202523C Cargill Street, Dunedin Central53$857,500(last sale price)",https://www.realestate.co.nz/property/23c-cargill-street-dunedin-central-dunedin-city-otago/6t8hkdbv
142,8,"Last sold on
      31/03/202523A Cargill Street, Dunedin Central53$857,500(last sale price)",https://www.realestate.co.nz/property/23a-cargill-street-dunedin-central-dunedin-city-otago/wsplhdbv
143,8,"Last sold on
      31/03/202538 Severn Street, Green Island21492m2$720,000(last sale price)",https://www.realestate.co.nz/property/38-severn-street-green-island-dunedin-city-otago/w7hprq0y
144,8,"Last sold on
      31/03/202523B Cargill Street, Dunedin Central53$855,000(last sale price)",https://www.realestate.co.nz/property/23b-cargill-street-dunedin-central-dunedin-city-otago/19gkjdbv
145,8,"Last sold on
      31/03/2025291 Gladstone Road North, Mosgiel52974m2$990,000(last sale price)",https://www.realestate.co.nz/property/291-gladstone-road-north-mosgiel-dunedin-city-otago/3vdrwt9v
146,8,"Last sold on
      31/03/202549 Canongate, Dunedin Central11255m2$299,000(last sale price)",https://www.realestate.co.nz/property/49-canongate-dunedin-central-dunedin-city-otago/vmq3sspr
147,8,"Last sold on
      31/03/202551 Magdala Street, Tainui32254m2$511,000(last sale price)",https://www.realestate.co.nz/property/51-magdala-street-tainui-dunedin-city-otago/r8r8r8wr
148,8,"Last sold on
      31/03/2025298 Gladstone Road North, Mosgiel31754m2$715,000(last sale price)",https://www.realestate.co.nz/property/298-gladstone-road-north-mosgiel-dunedin-city-otago/wgck1t9v
149,8,"Last sold on
      31/03/202516A Cosy Dell Road, North Dunedin73230m2$1,060,000(last sale price)",https://www.realestate.co.nz/property/16a-cosy-dell-road-north-dunedin-dunedin-city-otago/q68y733fk
150,8,"Last sold on
      31/03/202535E Factory Road, Mosgiel21144m2$545,000(last sale price)",https://www.realestate.co.nz/property/35e-factory-road-mosgiel-dunedin-city-otago/fqp0ByLYk
151,8,"Last sold on
      31/03/202599 Shetland Street, Wakari41999m2$662,500(last sale price)",https://www.realestate.co.nz/property/99-shetland-street-wakari-dunedin-city-otago/98k517dr
152,8,"Last sold on
      31/03/202516 Ethel Street, Wakari32590m2$630,000(last sale price)",https://www.realestate.co.nz/property/16-ethel-street-wakari-dunedin-city-otago/7wrt2jfr
153,8,"Last sold on
      31/03/202510 Hall Street, Mosgiel31594m2$551,000(last sale price)",https://www.realestate.co.nz/property/10-hall-street-mosgiel-dunedin-city-otago/tgm8d2ls
154,8,"Last sold on
      30/03/202517 Fingall Street, South Dunedin21$448,000(last sale price)",https://www.realestate.co.nz/property/17-fingall-street-south-dunedin-dunedin-city-otago/2ly20r2r
155,8,"Recently sold10 Dover Street, Liberton211427m2Price is not yet confirmed",https://www.realestate.co.nz/property/10-dover-street-liberton-dunedin-city-otago/lj8s489q
156,8,"Last sold on
      28/03/202565 Signal Hill Road, Opoho42387m2$650,000(last sale price)",https://www.realestate.co.nz/property/65-signal-hill-road-opoho-dunedin-city-otago/d32czv8q
157,8,"Last sold on
      28/03/202583 Tahuna Road, Tainui31583m2$540,000(last sale price)",https://www.realestate.co.nz/property/83-tahuna-road-tainui-dunedin-city-otago/1hgxv9wr
158,8,"Last sold on
      28/03/202546A Kenmure Road, Belleknowes31567m2$620,000(last sale price)",https://www.realestate.co.nz/property/46a-kenmure-road-belleknowes-dunedin-city-otago/c2b7pskr
159,8,"Last sold on
      28/03/2025978 Brighton Road, Brighton211310m2$700,000(last sale price)",https://www.realestate.co.nz/property/978-brighton-road-brighton-dunedin-city-otago/qv2dvcgs
160,9,"Last sold on
      28/03/202512 Beaumaris Street, Outram521012m2$1,010,000(last sale price)",https://www.realestate.co.nz/property/12-beaumaris-street-outram-dunedin-city-otago/ghxqykhs
161,9,"Last sold on
      28/03/2025106 Glenross Street, Glenross44779m2$855,000(last sale price)",https://www.realestate.co.nz/property/106-glenross-street-glenross-dunedin-city-otago/mcx7cbjr
162,9,"Last sold on
      28/03/202519 Douglas Street, Saint Kilda32372m2$710,000(last sale price)",https://www.realestate.co.nz/property/19-douglas-street-saint-kilda-dunedin-city-otago/80z4h24r
163,9,"Last sold on
      28/03/202525 Hyde Street, North Dunedin228m2$720,000(last sale price)",https://www.realestate.co.nz/property/25-hyde-street-north-dunedin-dunedin-city-otago/x4rs60rr
164,9,"Last sold on
      28/03/202519 Cole Street, Caversham31365m2$565,000(last sale price)",https://www.realestate.co.nz/property/19-cole-street-caversham-dunedin-city-otago/qt6ww5xr
165,9,"Last sold on
      28/03/202545 Gresham Street, Tainui41803m2$620,000(last sale price)",https://www.realestate.co.nz/property/45-gresham-street-tainui-dunedin-city-otago/9lx6htvr
166,9,"Last sold on
      27/03/202525 Ryehill Street, Calton Hill21508m2$407,500(last sale price)",https://www.realestate.co.nz/property/25-ryehill-street-calton-hill-dunedin-city-otago/kk492gzr
167,9,"Last sold on
      27/03/20253/138 Macandrew Road, South Dunedin21$335,000(last sale price)",https://www.realestate.co.nz/property/3-138-macandrew-road-south-dunedin-dunedin-city-otago/pypypy7z
168,9,"Last sold on
      27/03/202543 Arthur Street, Dunedin Central63192m2$700,000(last sale price)",https://www.realestate.co.nz/property/43-arthur-street-dunedin-central-dunedin-city-otago/9fp0fzpr
169,9,"Last sold on
      27/03/202576 Fawcett Street, South Dunedin31283m2$331,000(last sale price)",https://www.realestate.co.nz/property/76-fawcett-street-south-dunedin-dunedin-city-otago/fcpdj12r
170,9,"Last sold on
      27/03/202544 Mcmeakin Road, Abbotsford1.38ha$520,000(last sale price)",https://www.realestate.co.nz/property/44-mcmeakin-road-abbotsford-dunedin-city-otago/plhd95ds
171,9,"Last sold on
      27/03/2025148 Melbourne Street, South Dunedin31643m2$540,000(last sale price)",https://www.realestate.co.nz/property/148-melbourne-street-south-dunedin-dunedin-city-otago/fbtwkv2r
172,9,"Last sold on
      27/03/202531 Plunket Street, Saint Kilda31395m2$620,000(last sale price)",https://www.realestate.co.nz/property/31-plunket-street-saint-kilda-dunedin-city-otago/41c36q5r
173,9,"Last sold on
      27/03/20258B Bellona Street, Saint Kilda21$440,000(last sale price)",https://www.realestate.co.nz/property/8b-bellona-street-saint-kilda-dunedin-city-otago/ph063q4r
174,9,"Last sold on
      27/03/202528 Frasers Road, Glenross31574m2$365,000(last sale price)",https://www.realestate.co.nz/property/28-frasers-road-glenross-dunedin-city-otago/84bvmqhr
175,9,"Last sold on
      26/03/202514 Hugh Street, Sawyers Bay21756m2$580,000(last sale price)",https://www.realestate.co.nz/property/14-hugh-street-sawyers-bay-dunedin-city-otago/zjl45q5q
176,9,"Last sold on
      26/03/20255 Doon Street, Mosgiel2775m2$530,000(last sale price)",https://www.realestate.co.nz/property/5-doon-street-mosgiel-dunedin-city-otago/607vw9hs
177,9,"Last sold on
      26/03/202531 Lawrence Street, Mornington421525m2$640,000(last sale price)",https://www.realestate.co.nz/property/31-lawrence-street-mornington-dunedin-city-otago/k492gglr
178,9,"Last sold on
      26/03/20256 Exeter Street, Abbotsford31911m2$565,000(last sale price)",https://www.realestate.co.nz/property/6-exeter-street-abbotsford-dunedin-city-otago/xdh5fb9r
179,9,"Last sold on
      26/03/202519 Dundonald Street, Tainui42703m2$780,000(last sale price)",https://www.realestate.co.nz/property/19-dundonald-street-tainui-dunedin-city-otago/lxbwh7wr
180,10,"Last sold on
      26/03/202595 Marlow Street, Musselburgh3607m2$415,000(last sale price)",https://www.realestate.co.nz/property/95-marlow-street-musselburgh-dunedin-city-otago/r64lk0wr
181,10,"Last sold on
      26/03/202520 Peter Street, Caversham21309m2$276,000(last sale price)",https://www.realestate.co.nz/property/20-peter-street-caversham-dunedin-city-otago/zm29b6xr
182,10,"Last sold on
      26/03/202589 Coast Road, Warrington211257m2$360,000(last sale price)",https://www.realestate.co.nz/property/89-coast-road-warrington-dunedin-city-otago/g3tnlm1q
183,10,"Last sold on
      26/03/202511 Kilgour Street, Roslyn52529m2$688,445(last sale price)",https://www.realestate.co.nz/property/11-kilgour-street-roslyn-dunedin-city-otago/8y73lpgr
184,10,"Last sold on
      26/03/202581A Musselburgh Rise, Musselburgh21$460,000(last sale price)",https://www.realestate.co.nz/property/81a-musselburgh-rise-musselburgh-dunedin-city-otago/q3ss2nwr
185,10,"Last sold on
      26/03/202551 Centennial Avenue, Helensburgh311321m2$630,000(last sale price)",https://www.realestate.co.nz/property/51-centennial-avenue-helensburgh-dunedin-city-otago/c1l2fqcr
186,10,"Last sold on
      26/03/202530 Wray Street, Brockville31690m2$522,500(last sale price)",https://www.realestate.co.nz/property/30-wray-street-brockville-dunedin-city-otago/5qsbdyjr
187,10,"Last sold on
      26/03/202564 Perth Street, Mosgiel32700m2$649,000(last sale price)",https://www.realestate.co.nz/property/64-perth-street-mosgiel-dunedin-city-otago/sy9vmlks
188,10,"Last sold on
      26/03/202528B Forfar Street, Mosgiel21$420,000(last sale price)",https://www.realestate.co.nz/property/28b-forfar-street-mosgiel-dunedin-city-otago/vx5m94ls
189,10,"Last sold on
      25/03/2025113A Richardson Street, Saint Kilda31395m2$400,000(last sale price)",https://www.realestate.co.nz/property/113a-richardson-street-saint-kilda-dunedin-city-otago/c8fyqt5r
190,10,"Last sold on
      25/03/20257 Norwood Street, Normanby41529m2$553,600(last sale price)",https://www.realestate.co.nz/property/7-norwood-street-normanby-dunedin-city-otago/5X8g2dHk
191,10,"Last sold on
      25/03/20253 Dundee Road, Mosgiel42823m2$960,000(last sale price)",https://www.realestate.co.nz/property/3-dundee-road-mosgiel-dunedin-city-otago/0r9msq8gk
192,10,"Last sold on
      25/03/20251 Thorn Street, Caversham21142m2$510,000(last sale price)",https://www.realestate.co.nz/property/1-thorn-street-caversham-dunedin-city-otago/2x83gb1r
193,10,"Last sold on
      24/03/202522 Henry Street, Waikouaiti322081m2$491,000(last sale price)",https://www.realestate.co.nz/property/22-henry-street-waikouaiti-dunedin-city-otago/7gt7rd4q
194,10,"Last sold on
      22/03/2025133 Tahuna Road, Andersons Bay31878m2$680,000(last sale price)",https://www.realestate.co.nz/property/133-tahuna-road-andersons-bay-dunedin-city-otago/63q11rvr
195,10,"Last sold on
      21/03/202545 Aberdeen Road, Saint Clair321126m2$1,000,000(last sale price)",https://www.realestate.co.nz/property/45-aberdeen-road-saint-clair-dunedin-city-otago/qxp21m0r
196,10,"Last sold on
      21/03/202574 Tainui Road, Tainui31359m2$520,000(last sale price)",https://www.realestate.co.nz/property/74-tainui-road-tainui-dunedin-city-otago/bj9nn7wr
197,10,"Last sold on
      21/03/202535 Thorn Street, Caversham51283m2$610,000(last sale price)",https://www.realestate.co.nz/property/35-thorn-street-caversham-dunedin-city-otago/4dlnmhyr
198,10,"Last sold on
      21/03/202529 Beechworth Street, North East Valley31426m2$527,000(last sale price)",https://www.realestate.co.nz/property/29-beechworth-street-north-east-valley-dunedin-city-otago/nzptb86q
199,10,"Last sold on
      21/03/202527 Boundary Street, Purakaunui1012m2$150,000(last sale price)",https://www.realestate.co.nz/property/27-boundary-street-purakaunui-dunedin-city-otago/9nn7d62q
200,11,"Last sold on
      21/03/20256 Edwin Street, Caversham21304m2$335,000(last sale price)",https://www.realestate.co.nz/property/6-edwin-street-caversham-dunedin-city-otago/g75bq80r
201,11,"Last sold on
      21/03/20254 Shetland Street, Kaikorai41402m2$610,000(last sale price)",https://www.realestate.co.nz/property/4-shetland-street-kaikorai-dunedin-city-otago/dlnmh8fr
202,11,"Last sold on
      21/03/2025725 Highgate, Maori Hill32372m2$655,000(last sale price)",https://www.realestate.co.nz/property/725-highgate-maori-hill-dunedin-city-otago/hn0kb9cr
203,11,"Last sold on
      21/03/202526A Normanby Street, Saint Kilda21$520,000(last sale price)",https://www.realestate.co.nz/property/26a-normanby-street-saint-kilda-dunedin-city-otago/q68y733r
204,11,"Recently sold315 Double Hill Road, Waitati3115.43haPrice is not yet confirmed",https://www.realestate.co.nz/property/315-double-hill-road-waitati-dunedin-city-otago/p5jtz11q
205,11,"Last sold on
      20/03/2025101 Musselburgh Rise, Musselburgh31455m2$650,000(last sale price)",https://www.realestate.co.nz/property/101-musselburgh-rise-musselburgh-dunedin-city-otago/xv97pnwr
206,11,"Last sold on
      20/03/202556 Doon Street, Vauxhall811295m2$750,000(last sale price)",https://www.realestate.co.nz/property/56-doon-street-vauxhall-dunedin-city-otago/13cvhctr
207,11,"Last sold on
      20/03/202543 Torquay Street, Abbotsford31693m2$660,000(last sale price)",https://www.realestate.co.nz/property/43-torquay-street-abbotsford-dunedin-city-otago/6sd0l68r
208,11,"Last sold on
      20/03/202513 Lorne Street, Mosgiel31830m2$520,000(last sale price)",https://www.realestate.co.nz/property/13-lorne-street-mosgiel-dunedin-city-otago/sk7s8mjs
209,11,"Last sold on
      20/03/2025135 Shetland Street, Wakari1201m2$575,000(last sale price)",https://www.realestate.co.nz/property/135-shetland-street-wakari-dunedin-city-otago/jjjjjjfr
210,11,"Last sold on
      20/03/202516 Hunt Street, Andersons Bay42440m2$700,000(last sale price)",https://www.realestate.co.nz/property/16-hunt-street-andersons-bay-dunedin-city-otago/t8hkd1vr
211,11,"Last sold on
      20/03/202522A Josephine Street, Caversham21$321,000(last sale price)",https://www.realestate.co.nz/property/22a-josephine-street-caversham-dunedin-city-otago/fdkxg70r
212,11,"Last sold on
      20/03/2025156A Hagart-alexander Drive, Mosgiel21$567,000(last sale price)",https://www.realestate.co.nz/property/156a-hagart-alexander-drive-mosgiel-dunedin-city-otago/b1qf4tns
213,11,"Last sold on
      20/03/202537A Rutherford Street, Caversham21$366,000(last sale price)",https://www.realestate.co.nz/property/37a-rutherford-street-caversham-dunedin-city-otago/j9nn7dyr
214,11,"Last sold on
      20/03/202522 Neidpath Road, Mornington421136m2$720,000(last sale price)",https://www.realestate.co.nz/property/22-neidpath-road-mornington-dunedin-city-otago/yg3tnllr
215,11,"Last sold on
      20/03/2025322 Highcliff Road, Highcliff31814m2$650,000(last sale price)",https://www.realestate.co.nz/property/322-highcliff-road-highcliff-dunedin-city-otago/v97pn37r
216,11,"Last sold on
      20/03/2025120 Quarry Road, Mosgiel431776m2$875,000(last sale price)",https://www.realestate.co.nz/property/120-quarry-road-mosgiel-dunedin-city-otago/mvghxqns
217,11,"Last sold on
      20/03/2025116 Signal Hill Road, Opoho41556m2$720,000(last sale price)",https://www.realestate.co.nz/property/116-signal-hill-road-opoho-dunedin-city-otago/zqpv6r8q
218,11,"Recently sold9 Souter Street, Mosgiel41743m2Price is not yet confirmed",https://www.realestate.co.nz/property/9-souter-street-mosgiel-dunedin-city-otago/666666js
219,11,"Last sold on
      19/03/202553A Bush Road, Mosgiel1$705,000(last sale price)",https://www.realestate.co.nz/property/53a-bush-road-mosgiel-dunedin-city-otago/8k9dyvks
220,12,"Last sold on
      19/03/202534 Main South Road, Concord31607m2$506,000(last sale price)",https://www.realestate.co.nz/property/34-main-south-road-concord-dunedin-city-otago/vmlr3n9r
221,12,"Last sold on
      19/03/202551 Dunrobin Street, Waverley31506m2$99,000(last sale price)",https://www.realestate.co.nz/property/51-dunrobin-street-waverley-dunedin-city-otago/l5xw1dtr
222,12,"Last sold on
      19/03/202512 Wynyard Street, South Dunedin21245m2$425,000(last sale price)",https://www.realestate.co.nz/property/12-wynyard-street-south-dunedin-dunedin-city-otago/y20r9m2r
223,12,"Last sold on
      19/03/202573 Severn Street, Green Island32414m2$865,000(last sale price)",https://www.realestate.co.nz/property/73-severn-street-green-island-dunedin-city-otago/gbpjwqfs
224,12,"Last sold on
      19/03/202511 Sretlaw Place, Brockville43896m2$1,020,000(last sale price)",https://www.realestate.co.nz/property/11-sretlaw-place-brockville-dunedin-city-otago/hwvfmdjr
225,12,"Last sold on
      19/03/202563 Bellona Street, Saint Kilda31306m2$450,000(last sale price)",https://www.realestate.co.nz/property/63-bellona-street-saint-kilda-dunedin-city-otago/n90vst4r
226,12,"Last sold on
      19/03/202527 Rosebery Street, Belleknowes31551m2$645,000(last sale price)",https://www.realestate.co.nz/property/27-rosebery-street-belleknowes-dunedin-city-otago/jtz10wkr
227,12,"Last sold on
      19/03/20256 Gibson Street, Wakari31579m2$655,000(last sale price)",https://www.realestate.co.nz/property/6-gibson-street-wakari-dunedin-city-otago/4fg5kpqrz
228,12,"Last sold on
      18/03/20259 Churchill Street, Saint Kilda31511m2$550,000(last sale price)",https://www.realestate.co.nz/property/9-churchill-street-saint-kilda-dunedin-city-otago/g3tnlm4r
229,12,"Last sold on
      18/03/202523 Byron Street, Mornington31462m2$599,000(last sale price)",https://www.realestate.co.nz/property/23-byron-street-mornington-dunedin-city-otago/wh71z0lr
230,12,"Last sold on
      18/03/202599 Doon Street, Waverley42729m2$920,000(last sale price)",https://www.realestate.co.nz/property/99-doon-street-waverley-dunedin-city-otago/qhwvfmtr
231,12,"Last sold on
      18/03/202518 Marlow Street, Saint Kilda33584m2$490,000(last sale price)",https://www.realestate.co.nz/property/18-marlow-street-saint-kilda-dunedin-city-otago/kph0633r
232,12,"Last sold on
      18/03/202519 Calder Street, Saint Kilda31372m2$419,000(last sale price)",https://www.realestate.co.nz/property/19-calder-street-saint-kilda-dunedin-city-otago/582ltq4r
233,12,"Last sold on
      18/03/202522 Tay Street, Mosgiel31758m2$550,000(last sale price)",https://www.realestate.co.nz/property/22-tay-street-mosgiel-dunedin-city-otago/xbwh71js
234,12,"Last sold on
      18/03/202541 Oxford Street, South Dunedin31284m2$437,000(last sale price)",https://www.realestate.co.nz/property/41-oxford-street-south-dunedin-dunedin-city-otago/gwzs9h2r
235,12,"Last sold on
      18/03/202578 Cliffs Road, Saint Clair431024m2$1,800,000(last sale price)",https://www.realestate.co.nz/property/78-cliffs-road-saint-clair-dunedin-city-otago/s486yh0r
236,12,"Last sold on
      18/03/202531 Nicholson Street, Forbury51379m2$390,000(last sale price)",https://www.realestate.co.nz/property/31-nicholson-street-forbury-dunedin-city-otago/qwyxsk1r
237,12,"Last sold on
      18/03/20255 Ethel Benjamin Place, North Dunedin5229m2$805,000(last sale price)",https://www.realestate.co.nz/property/5-ethel-benjamin-place-north-dunedin-dunedin-city-otago/93bzzdrr
238,12,"Last sold on
      18/03/202569 Albert Street, Saint Clair42997m2$1,250,000(last sale price)",https://www.realestate.co.nz/property/69-albert-street-saint-clair-dunedin-city-otago/fbtwkv5r
239,12,"Last sold on
      17/03/202514 Highgrove, Saint Clair421619m2$1,450,000(last sale price)",https://www.realestate.co.nz/property/14-highgrove-saint-clair-dunedin-city-otago/v1jbft0r
240,13,"Last sold on
      17/03/202516 Albion Street, Shiel Hill42549m2$750,000(last sale price)",https://www.realestate.co.nz/property/16-albion-street-shiel-hill-dunedin-city-otago/2pf856tr
241,13,"Last sold on
      17/03/2025410 Kaikorai Valley Road, Bradford31525m2$630,000(last sale price)",https://www.realestate.co.nz/property/410-kaikorai-valley-road-bradford-dunedin-city-otago/4tj7xmyw
242,13,"Last sold on
      17/03/202519 Argyle Street, Mornington32669m2$895,000(last sale price)",https://www.realestate.co.nz/property/19-argyle-street-mornington-dunedin-city-otago/ylgjs7lr
243,13,"Last sold on
      17/03/202512 Kellas Street, Macandrew Bay21526m2$355,000(last sale price)",https://www.realestate.co.nz/property/12-kellas-street-macandrew-bay-dunedin-city-otago/qzf3y05r
244,13,"Last sold on
      17/03/202539 Seaton Road, Portobello321863m2$785,000(last sale price)",https://www.realestate.co.nz/property/39-seaton-road-portobello-dunedin-city-otago/zm29b66r
245,13,"Last sold on
      17/03/2025481 Garthmyl Road, Middlemarch8557m2$155,000(last sale price)",https://www.realestate.co.nz/property/481-garthmyl-road-middlemarch-dunedin-city-otago/dsrbj9bs
246,13,"Last sold on
      17/03/202517 Mure Street, Mosgiel21506m2$520,000(last sale price)",https://www.realestate.co.nz/property/17-mure-street-mosgiel-dunedin-city-otago/h4ktvpls
247,13,"Last sold on
      17/03/202511 Mary Street, Port Chalmers21298m2$512,377(last sale price)",https://www.realestate.co.nz/property/11-mary-street-port-chalmers-dunedin-city-otago/dyzjl44q
248,13,"Last sold on
      17/03/202561 Reynoldstown Road, Careys Bay5m2$300,000(last sale price)",https://www.realestate.co.nz/property/61-reynoldstown-road-careys-bay-dunedin-city-otago/0xjvvk3q
249,13,"Last sold on
      17/03/202587 Wingatui Road, Mosgiel42734m2$1,360,000(last sale price)",https://www.realestate.co.nz/property/87-wingatui-road-mosgiel-dunedin-city-otago/5bq80zwkk
250,13,"Last sold on
      16/03/2025132 Doctors Point Road, Waitati1012m2$560,000(last sale price)",https://www.realestate.co.nz/property/132-doctors-point-road-waitati-dunedin-city-otago/t44v8c2q
251,13,"Last sold on
      16/03/202533 Pacific Street, Roslyn31685m2$653,000(last sale price)",https://www.realestate.co.nz/property/33-pacific-street-roslyn-dunedin-city-otago/7ych9sfr
252,13,"Last sold on
      16/03/2025231 Forbury Road, Saint Clair72622m2$1,230,000(last sale price)",https://www.realestate.co.nz/property/231-forbury-road-saint-clair-dunedin-city-otago/y4mfjx5r
253,13,"Last sold on
      14/03/202564 Geelong Street, Waikouaiti222023m2$550,000(last sale price)",https://www.realestate.co.nz/property/64-geelong-street-waikouaiti-dunedin-city-otago/3rxkqc4q
254,13,"Last sold on
      14/03/202512 Nairn Street, Mosgiel31767m2$610,000(last sale price)",https://www.realestate.co.nz/property/12-nairn-street-mosgiel-dunedin-city-otago/ywx18ljs
255,13,"Last sold on
      14/03/202567E Forfar Street, Mosgiel11$285,000(last sale price)",https://www.realestate.co.nz/property/67e-forfar-street-mosgiel-dunedin-city-otago/9tr2sxjs
256,13,"Last sold on
      14/03/20259 Picardy Street, Maryhill21513m2$629,750(last sale price)",https://www.realestate.co.nz/property/9-picardy-street-maryhill-dunedin-city-otago/w0jgshmr
257,13,"Last sold on
      14/03/202522 Cavell Street, Musselburgh41425m2$670,000(last sale price)",https://www.realestate.co.nz/property/22-cavell-street-musselburgh-dunedin-city-otago/rkc5yrwr
258,13,"Last sold on
      14/03/2025257 Gladstone Road South, East Taieri4219m2$2,400,000(last sale price)",https://www.realestate.co.nz/property/257-gladstone-road-south-east-taieri-dunedin-city-otago/jrcdtmcgc
259,13,"Last sold on
      14/03/202546 Playfair Street, Caversham32702m2$58,000(last sale price)",https://www.realestate.co.nz/property/46-playfair-street-caversham-dunedin-city-otago/h2tsy9xr
260,14,"Last sold on
      14/03/202538A Grove Street, Saint Kilda21$420,000(last sale price)",https://www.realestate.co.nz/property/38a-grove-street-saint-kilda-dunedin-city-otago/2mp78t3r
261,14,"Last sold on
      14/03/202521 Hill Road, Warrington311013m2$660,000(last sale price)",https://www.realestate.co.nz/property/21-hill-road-warrington-dunedin-city-otago/69tr2s1q
262,14,"Last sold on
      14/03/202511 Didham Drive, Mosgiel32934m2$849,000(last sale price)",https://www.realestate.co.nz/property/11-didham-drive-mosgiel-dunedin-city-otago/2sxfcpcs
263,14,"Last sold on
      14/03/202541 Wesley Street, South Dunedin21207m2$280,000(last sale price)",https://www.realestate.co.nz/property/41-wesley-street-south-dunedin-dunedin-city-otago/1xdh5f2r
264,14,"Last sold on
      14/03/202517 Magdala Street, Tainui31395m2$535,000(last sale price)",https://www.realestate.co.nz/property/17-magdala-street-tainui-dunedin-city-otago/98k517wr
265,14,"Last sold on
      14/03/202529B Highgate, Belleknowes32298m2$1,075,000(last sale price)",https://www.realestate.co.nz/property/29b-highgate-belleknowes-dunedin-city-otago/5dg9xchr
266,14,"Last sold on
      14/03/20254A Begg Street, Saint Kilda21$270,000(last sale price)",https://www.realestate.co.nz/property/4a-begg-street-saint-kilda-dunedin-city-otago/r4dlnm3r
267,14,"Last sold on
      14/03/202572 Kinmont Crescent, Mosgiel31688m2$580,000(last sale price)",https://www.realestate.co.nz/property/72-kinmont-crescent-mosgiel-dunedin-city-otago/5yrkc5ks
268,14,"Recently sold178 Malvern Street, Woodhaugh31517m2Price is not yet confirmed",https://www.realestate.co.nz/property/178-malvern-street-woodhaugh-dunedin-city-otago/s2nkr79q
269,14,"Last sold on
      14/03/202551 Goodall Street, Mosgiel42658m2$694,100(last sale price)",https://www.realestate.co.nz/property/51-goodall-street-mosgiel-dunedin-city-otago/kk492gks
270,14,"Last sold on
      13/03/20255 Broomlea Street, Wakari31908m2$570,000(last sale price)",https://www.realestate.co.nz/property/5-broomlea-street-wakari-dunedin-city-otago/rkc5yrhr
271,14,"Last sold on
      13/03/2025186 Main South Road, East Taieri416488m2$680,000(last sale price)",https://www.realestate.co.nz/property/186-main-south-road-east-taieri-dunedin-city-otago/h063q17z
272,14,"Last sold on
      13/03/202552 Tyne Street, Mosgiel31556m2$510,000(last sale price)",https://www.realestate.co.nz/property/52-tyne-street-mosgiel-dunedin-city-otago/243zrfks
273,14,"Last sold on
      13/03/202539 Rutherford Street, Caversham21221m2$480,000(last sale price)",https://www.realestate.co.nz/property/39-rutherford-street-caversham-dunedin-city-otago/cswp6dyr
274,14,"Last sold on
      13/03/202546 Cranley Street, Musselburgh41486m2$460,000(last sale price)",https://www.realestate.co.nz/property/46-cranley-street-musselburgh-dunedin-city-otago/0d32czwr
275,14,"Last sold on
      13/03/202584 Grendon Street, Maori Hill41774m2$877,500(last sale price)",https://www.realestate.co.nz/property/84-grendon-street-maori-hill-dunedin-city-otago/mfjxlldr
276,14,"Last sold on
      13/03/202555 Newington Avenue, Maori Hill786m2$820,000(last sale price)",https://www.realestate.co.nz/property/55-newington-avenue-maori-hill-dunedin-city-otago/ypypypfr
277,14,"Last sold on
      13/03/202527 Bathgate Street, South Dunedin31361m2$410,000(last sale price)",https://www.realestate.co.nz/property/27-bathgate-street-south-dunedin-dunedin-city-otago/tb8k9d2r
278,14,"Last sold on
      13/03/202536 Glendining Avenue, North East Valley32659m2$750,000(last sale price)",https://www.realestate.co.nz/property/36-glendining-avenue-north-east-valley-dunedin-city-otago/rl7nxy8q
279,14,"Last sold on
      13/03/2025463 Highgate, Maori Hill42802m2$1,310,000(last sale price)",https://www.realestate.co.nz/property/463-highgate-maori-hill-dunedin-city-otago/0fzlb5fr
280,15,"Last sold on
      13/03/202550 Tower Avenue, Waverley31612m2$660,000(last sale price)",https://www.realestate.co.nz/property/50-tower-avenue-waverley-dunedin-city-otago/8xhzbmsr
281,15,"Last sold on
      13/03/2025108 Victoria Road, Saint Kilda31372m2$470,000(last sale price)",https://www.realestate.co.nz/property/108-victoria-road-saint-kilda-dunedin-city-otago/z04cq44r
282,15,"Last sold on
      13/03/202561D Earls Road, Saint Clair22$775,000(last sale price)",https://www.realestate.co.nz/property/61d-earls-road-saint-clair-dunedin-city-otago/wfh12mxv
283,15,"Last sold on
      13/03/2025124 Argyle Street, Mosgiel21301m2$620,000(last sale price)",https://www.realestate.co.nz/property/124-argyle-street-mosgiel-dunedin-city-otago/rpqv2dms
284,15,"Last sold on
      13/03/202511A Allandale Road, Saint Clair21807m2$570,000(last sale price)",https://www.realestate.co.nz/property/11a-allandale-road-saint-clair-dunedin-city-otago/5lfn88zr
285,15,"Last sold on
      13/03/2025219 Highcliff Road, Shiel Hill31575m2$500,000(last sale price)",https://www.realestate.co.nz/property/219-highcliff-road-shiel-hill-dunedin-city-otago/6rjhn0tr
286,15,"Last sold on
      12/03/202547 Bellona Street, Saint Kilda3469m2$550,000(last sale price)",https://www.realestate.co.nz/property/47-bellona-street-saint-kilda-dunedin-city-otago/5237gt4r
287,15,"Last sold on
      12/03/202557 Brighton Road, Green Island31549m2$580,000(last sale price)",https://www.realestate.co.nz/property/57-brighton-road-green-island-dunedin-city-otago/t8hkd1bs
288,15,"Last sold on
      12/03/2025387 Taieri Road, Halfway Bush41924m2$667,500(last sale price)",https://www.realestate.co.nz/property/387-taieri-road-halfway-bush-dunedin-city-otago/bq80z4hr
289,15,"Last sold on
      12/03/202556 Glenholm Street, Glenleith42903m2$1,020,000(last sale price)",https://www.realestate.co.nz/property/56-glenholm-street-glenleith-dunedin-city-otago/bpjwq2br
290,15,"Last sold on
      12/03/202545A Ascot Street, Saint Kilda21$576,500(last sale price)",https://www.realestate.co.nz/property/45a-ascot-street-saint-kilda-dunedin-city-otago/x4rs603r
291,15,"Last sold on
      12/03/202510 Beach Street, Waikouaiti211012m2$340,000(last sale price)",https://www.realestate.co.nz/property/10-beach-street-waikouaiti-dunedin-city-otago/tk3flj4q
292,15,"Last sold on
      12/03/20256 Council Street, Saint Kilda23400m2$885,000(last sale price)",https://www.realestate.co.nz/property/6-council-street-saint-kilda-dunedin-city-otago/9dyv5w4r
293,15,"Last sold on
      12/03/2025815 Mount Cargill Road, Mount Cargill423.46ha$1,310,000(last sale price)",https://www.realestate.co.nz/property/815-mount-cargill-road-mount-cargill-dunedin-city-otago/t2j6131q
294,15,"Last sold on
      11/03/202594 Skibo Street, Kew211283m2$480,000(last sale price)",https://www.realestate.co.nz/property/94-skibo-street-kew-dunedin-city-otago/54qxp2zr
295,15,"Last sold on
      11/03/202522 Russell Street, Dunedin Central52195m2$653,000(last sale price)",https://www.realestate.co.nz/property/22-russell-street-dunedin-central-dunedin-city-otago/1vng81pr
296,15,"Recently sold244 Taieri Road, Wakari31449m2Price is not yet confirmed",https://www.realestate.co.nz/property/244-taieri-road-wakari-dunedin-city-otago/30myynfr
297,15,"Last sold on
      11/03/20253 Gebbie Street, Mosgiel41807m2$615,000(last sale price)",https://www.realestate.co.nz/property/3-gebbie-street-mosgiel-dunedin-city-otago/j7xmb1ks
298,15,"Last sold on
      11/03/2025247 Highcliff Road, Shiel Hill41625m2$610,000(last sale price)",https://www.realestate.co.nz/property/247-highcliff-road-shiel-hill-dunedin-city-otago/x4rs60tr
299,15,"Last sold on
      11/03/20253 Dalgety Street, Saint Kilda21417m2$525,000(last sale price)",https://www.realestate.co.nz/property/3-dalgety-street-saint-kilda-dunedin-city-otago/v6rjhn4r
300,16,"Last sold on
      11/03/202544C Forfar Street, Mosgiel21$420,000(last sale price)",https://www.realestate.co.nz/property/44c-forfar-street-mosgiel-dunedin-city-otago/7rd4ywjs
301,16,"Last sold on
      11/03/2025144 Surrey Street, Forbury31446m2$540,000(last sale price)",https://www.realestate.co.nz/property/144-surrey-street-forbury-dunedin-city-otago/1jbfth1r
302,16,"Last sold on
      11/03/20251 Kirkland Street, Green Island311012m2$515,000(last sale price)",https://www.realestate.co.nz/property/1-kirkland-street-green-island-dunedin-city-otago/02r1xdbs
303,16,"Last sold on
      11/03/202525 Gebbie Street, Mosgiel41012m2$730,000(last sale price)",https://www.realestate.co.nz/property/25-gebbie-street-mosgiel-dunedin-city-otago/y5hyg3ks
304,16,"Last sold on
      11/03/202546 Newport Street, Belleknowes32452m2$760,000(last sale price)",https://www.realestate.co.nz/property/46-newport-street-belleknowes-dunedin-city-otago/gxv97pkr
305,16,"Last sold on
      11/03/202519 Picardy Street, Maryhill31543m2$560,000(last sale price)",https://www.realestate.co.nz/property/19-picardy-street-maryhill-dunedin-city-otago/sqg0bhmr
306,16,"Last sold on
      11/03/2025115 Riselaw Road, Calton Hill31584m2$530,000(last sale price)",https://www.realestate.co.nz/property/115-riselaw-road-calton-hill-dunedin-city-otago/9hf1bczr
307,16,"Last sold on
      11/03/202511 Marama Street, Musselburgh42506m2$810,000(last sale price)",https://www.realestate.co.nz/property/11-marama-street-musselburgh-dunedin-city-otago/nn7d6kwr
308,16,"Last sold on
      10/03/202568 Rosebery Street, Belleknowes31450m2$672,000(last sale price)",https://www.realestate.co.nz/property/68-rosebery-street-belleknowes-dunedin-city-otago/3gbpjwkr
309,16,"Last sold on
      10/03/202510 Braeview Crescent, Maori Hill43829m2$1,360,000(last sale price)",https://www.realestate.co.nz/property/10-braeview-crescent-maori-hill-dunedin-city-otago/h3p9whbr
310,16,"Last sold on
      10/03/202516 Esk Place, Mosgiel31615m2$613,500(last sale price)",https://www.realestate.co.nz/property/16-esk-place-mosgiel-dunedin-city-otago/d0l6sdks
311,16,"Last sold on
      10/03/20256 Alexander Street, Abbotsford31631m2$585,000(last sale price)",https://www.realestate.co.nz/property/6-alexander-street-abbotsford-dunedin-city-otago/rwtk3f9r
312,16,"Last sold on
      10/03/202538 Islington Street, North East Valley31529m2$740,000(last sale price)",https://www.realestate.co.nz/property/38-islington-street-north-east-valley-dunedin-city-otago/v38bb68q
313,16,"Last sold on
      10/03/202548 Elwyn Crescent, Green Island31513m2$580,000(last sale price)",https://www.realestate.co.nz/property/48-elwyn-crescent-green-island-dunedin-city-otago/86yhvzbs
314,16,"Last sold on
      10/03/20252 Flower Street, Fairfield31812m2$590,000(last sale price)",https://www.realestate.co.nz/property/2-flower-street-fairfield-dunedin-city-otago/z10wnbds
315,16,"Last sold on
      10/03/202557 Beach Street, Waikouaiti311012m2$450,000(last sale price)",https://www.realestate.co.nz/property/57-beach-street-waikouaiti-dunedin-city-otago/h8xhzb4q
316,16,"Last sold on
      10/03/20251 Mallard Place, Mosgiel31824m2$620,000(last sale price)",https://www.realestate.co.nz/property/1-mallard-place-mosgiel-dunedin-city-otago/v1jbftks
317,16,"Last sold on
      09/03/202518 Fifield Street, Roslyn42539m2$890,000(last sale price)",https://www.realestate.co.nz/property/18-fifield-street-roslyn-dunedin-city-otago/ych9s0fr
318,16,"Last sold on
      08/03/202587C Ravenswood Road, Saint Clair32755m2$1,700,000(last sale price)",https://www.realestate.co.nz/property/87c-ravenswood-road-saint-clair-dunedin-city-otago/N4d101Kbl
319,16,"Last sold on
      07/03/202584 Glenross Street, Glenross41745m2$747,000(last sale price)",https://www.realestate.co.nz/property/84-glenross-street-glenross-dunedin-city-otago/z10wnbjr
320,17,"Last sold on
      07/03/20256/26 Maitland Street, Dunedin Central21$313,000(last sale price)",https://www.realestate.co.nz/property/6-26-maitland-street-dunedin-central-dunedin-city-otago/ks3j2pgx
321,17,"Last sold on
      07/03/2025116 Sidey Street, Calton Hill31773m2$545,000(last sale price)",https://www.realestate.co.nz/property/116-sidey-street-calton-hill-dunedin-city-otago/8nsl39yr
322,17,"Last sold on
      07/03/2025112 Bush Road, Mosgiel32630m2$1,015,000(last sale price)",https://www.realestate.co.nz/property/112-bush-road-mosgiel-dunedin-city-otago/hFj31PdZk
323,17,"Last sold on
      07/03/20254 Coach Road, Fairfield31599m2$902,000(last sale price)",https://www.realestate.co.nz/property/4-coach-road-fairfield-dunedin-city-otago/g9xcmnds
324,17,"Last sold on
      07/03/202518 Collins Street, Waikouaiti311012m2$295,000(last sale price)",https://www.realestate.co.nz/property/18-collins-street-waikouaiti-dunedin-city-otago/fp0fzl4q
325,17,"Last sold on
      07/03/2025135 Balmacewen Road, Wakari52599m2$805,000(last sale price)",https://www.realestate.co.nz/property/135-balmacewen-road-wakari-dunedin-city-otago/hd952zcr
326,17,"Last sold on
      07/03/202531 Arawa Street, Tainui51572m2$610,000(last sale price)",https://www.realestate.co.nz/property/31-arawa-street-tainui-dunedin-city-otago/p9wh3pvr
327,17,"Last sold on
      07/03/202524 Mulford Street, Concord31759m2$480,000(last sale price)",https://www.realestate.co.nz/property/24-mulford-street-concord-dunedin-city-otago/b0vx5m9r
328,17,"Last sold on
      07/03/202578 Norwood Street, Normanby21506m2$520,000(last sale price)",https://www.realestate.co.nz/property/78-norwood-street-normanby-dunedin-city-otago/2b7psg7q
329,17,"Last sold on
      07/03/202529 Blanc Avenue, Fairfield42742m2$825,000(last sale price)",https://www.realestate.co.nz/property/29-blanc-avenue-fairfield-dunedin-city-otago/fbtwkvds
330,17,"Last sold on
      07/03/20253 Gresham Street, Tainui31718m2$560,000(last sale price)",https://www.realestate.co.nz/property/3-gresham-street-tainui-dunedin-city-otago/6xrpqvvr
331,17,"Last sold on
      07/03/20258 Auld Street, Saint Kilda31429m2$550,000(last sale price)",https://www.realestate.co.nz/property/8-auld-street-saint-kilda-dunedin-city-otago/ftc4273r
332,17,"Last sold on
      07/03/202525 Calder Street, Saint Kilda1372m2$390,000(last sale price)",https://www.realestate.co.nz/property/25-calder-street-saint-kilda-dunedin-city-otago/3mkwlq4r
333,17,"Last sold on
      07/03/202514B Ascot Street, Saint Kilda31$507,000(last sale price)",https://www.realestate.co.nz/property/14b-ascot-street-saint-kilda-dunedin-city-otago/kk492g4r
334,17,"Last sold on
      07/03/20258 Pinfold Place, Mosgiel1443m2$379,000(last sale price)",https://www.realestate.co.nz/property/8-pinfold-place-mosgiel-dunedin-city-otago/5fbtwkcs
335,17,"Last sold on
      07/03/20258 Christie Street, Abbotsford51722m2$655,000(last sale price)",https://www.realestate.co.nz/property/8-christie-street-abbotsford-dunedin-city-otago/lwgck18r
336,17,"Last sold on
      07/03/202514 Maple Grove, Mosgiel31626m2$705,000(last sale price)",https://www.realestate.co.nz/property/14-maple-grove-mosgiel-dunedin-city-otago/pjrcdtms
337,17,"Last sold on
      06/03/202535 Brownville Crescent, Maori Hill31430m2$595,000(last sale price)",https://www.realestate.co.nz/property/35-brownville-crescent-maori-hill-dunedin-city-otago/nzptb8cr
338,17,"Last sold on
      06/03/2025135 Oakwood Avenue, Balaclava21299m2$487,045(last sale price)",https://www.realestate.co.nz/property/135-oakwood-avenue-balaclava-dunedin-city-otago/ss2nkrmr
339,17,"Last sold on
      06/03/20251 Glenimrie Close, Mosgiel42699m2$1,160,000(last sale price)",https://www.realestate.co.nz/property/1-glenimrie-close-mosgiel-dunedin-city-otago/0vsty5dqz
340,18,"Last sold on
      06/03/2025189 Taieri Road, Kaikorai32680m2$630,000(last sale price)",https://www.realestate.co.nz/property/189-taieri-road-kaikorai-dunedin-city-otago/w0jgshhr
341,18,"Last sold on
      06/03/2025118 Mulford Street, Concord31587m2$560,000(last sale price)",https://www.realestate.co.nz/property/118-mulford-street-concord-dunedin-city-otago/w0jgsh8r
342,18,"Last sold on
      06/03/202522 Clearwater Street, Broad Bay53843m2$1,510,000(last sale price)",https://www.realestate.co.nz/property/22-clearwater-street-broad-bay-dunedin-city-otago/mp78tw7r
343,18,"Last sold on
      06/03/202515B Ethel Benjamin Place, North Dunedin32$802,000(last sale price)",https://www.realestate.co.nz/property/15b-ethel-benjamin-place-north-dunedin-dunedin-city-otago/x9zz8v0v
344,18,"Last sold on
      06/03/202513 Athol Place, Ravensbourne31755m2$490,000(last sale price)",https://www.realestate.co.nz/property/13-athol-place-ravensbourne-dunedin-city-otago/8jfxzn6q
345,18,"Last sold on
      06/03/202512 Rockside Road, Glenleith31712m2$480,000(last sale price)",https://www.realestate.co.nz/property/12-rockside-road-glenleith-dunedin-city-otago/tfrrgwbr
346,18,"Last sold on
      06/03/20254A Wairoa Street, Kaikorai4482m2$605,000(last sale price)",https://www.realestate.co.nz/property/4a-wairoa-street-kaikorai-dunedin-city-otago/t2j613sz
347,18,"Last sold on
      05/03/2025281 Highcliff Road, Shiel Hill31809m2$565,000(last sale price)",https://www.realestate.co.nz/property/281-highcliff-road-shiel-hill-dunedin-city-otago/4bvmq3tr
348,18,"Recently sold18 Panmure Avenue, Calton Hill311099m2Price is not yet confirmed",https://www.realestate.co.nz/property/18-panmure-avenue-calton-hill-dunedin-city-otago/2zwsplzr
349,18,"Last sold on
      05/03/202542A Saint Leonards Drive, Saint Leonards331367m2$1,200,000(last sale price)",https://www.realestate.co.nz/property/42a-saint-leonards-drive-saint-leonards-dunedin-city-otago/l7nxyslmk
350,18,"Last sold on
      05/03/202524 Bennett Road, Ocean View31984m2$497,000(last sale price)",https://www.realestate.co.nz/property/24-bennett-road-ocean-view-dunedin-city-otago/vj3ky6fs
351,18,"Last sold on
      05/03/202537 Pennant Street, Wakari21573m2$567,000(last sale price)",https://www.realestate.co.nz/property/37-pennant-street-wakari-dunedin-city-otago/xfcpdjfr
352,18,"Last sold on
      05/03/202530A Forrester Avenue, Liberton21376m2$350,000(last sale price)",https://www.realestate.co.nz/property/30a-forrester-avenue-liberton-dunedin-city-otago/dkxg754v
353,18,"Last sold on
      05/03/202517 Adderley Terrace, Ravensbourne21769m2$480,000(last sale price)",https://www.realestate.co.nz/property/17-adderley-terrace-ravensbourne-dunedin-city-otago/5p153v6q
354,18,"Last sold on
      05/03/202519 Koremata Street, Green Island41711m2$640,000(last sale price)",https://www.realestate.co.nz/property/19-koremata-street-green-island-dunedin-city-otago/x243zr9r
355,18,"Last sold on
      05/03/202538 Eastbourne Street, Caversham21209m2$407,000(last sale price)",https://www.realestate.co.nz/property/38-eastbourne-street-caversham-dunedin-city-otago/jnw6m50r
356,18,"Last sold on
      04/03/202543 Melrose Street, Roslyn31832m2$800,000(last sale price)",https://www.realestate.co.nz/property/43-melrose-street-roslyn-dunedin-city-otago/tmvghxfr
357,18,"Last sold on
      04/03/202514 Irwin Logan Drive, Mosgiel421070m2$1,149,000(last sale price)",https://www.realestate.co.nz/property/14-irwin-logan-drive-mosgiel-dunedin-city-otago/zm29b6cs
358,18,"Last sold on
      04/03/202565 Law Street, Caversham41608m2$500,000(last sale price)",https://www.realestate.co.nz/property/65-law-street-caversham-dunedin-city-otago/xysfw30r
359,18,"Last sold on
      04/03/20259 Dalry Street, Mornington32546m2$460,000(last sale price)",https://www.realestate.co.nz/property/9-dalry-street-mornington-dunedin-city-otago/3dq09llr
360,19,"Last sold on
      04/03/202516 Kinmont Crescent, Mosgiel31640m2$617,508(last sale price)",https://www.realestate.co.nz/property/16-kinmont-crescent-mosgiel-dunedin-city-otago/ych9s0ks
361,19,"Last sold on
      03/03/202511 Carnarvon Street, Belleknowes41572m2$610,000(last sale price)",https://www.realestate.co.nz/property/11-carnarvon-street-belleknowes-dunedin-city-otago/yhvzxnkr
362,19,"Last sold on
      03/03/202549 Kauri Street, Ravensbourne311012m2$300,000(last sale price)",https://www.realestate.co.nz/property/49-kauri-street-ravensbourne-dunedin-city-otago/jybr4j6q
363,19,"Last sold on
      03/03/2025115 Lynn Street, Wakari31479m2$618,000(last sale price)",https://www.realestate.co.nz/property/115-lynn-street-wakari-dunedin-city-otago/tnlmrzdr
364,19,"Last sold on
      03/03/2025192C Gordon Road, Mosgiel21$370,000(last sale price)",https://www.realestate.co.nz/property/192c-gordon-road-mosgiel-dunedin-city-otago/7d6kk4js
365,19,"Last sold on
      03/03/2025198B Gordon Road, Mosgiel21$320,000(last sale price)",https://www.realestate.co.nz/property/198b-gordon-road-mosgiel-dunedin-city-otago/4jybr4js
366,19,"Last sold on
      03/03/202552 Sutherland Street, Dunedin Central52483m2$600,000(last sale price)",https://www.realestate.co.nz/property/52-sutherland-street-dunedin-central-dunedin-city-otago/0vx5m9pr
367,19,"Last sold on
      03/03/2025146 Surrey Street, Forbury31446m2$600,000(last sale price)",https://www.realestate.co.nz/property/146-surrey-street-forbury-dunedin-city-otago/613cvh1r
368,19,"Last sold on
      03/03/202587 Somerville Street, Andersons Bay312666m2$490,000(last sale price)",https://www.realestate.co.nz/property/87-somerville-street-andersons-bay-dunedin-city-otago/wvfmdssr
369,19,"Last sold on
      03/03/202580 Koremata Street, Green Island31622m2$405,000(last sale price)",https://www.realestate.co.nz/property/80-koremata-street-green-island-dunedin-city-otago/w87t0s9r
370,19,"Last sold on
      03/03/20254 Franklin Street, Dalmore21400m2$505,000(last sale price)",https://www.realestate.co.nz/property/4-franklin-street-dalmore-dunedin-city-otago/w7hprq9q
371,19,"Last sold on
      03/03/20252D Belford Street, Waverley321851m2$785,000(last sale price)",https://www.realestate.co.nz/property/2d-belford-street-waverley-dunedin-city-otago/t6ww5rsr
372,19,"Last sold on
      03/03/20253 Blackman Avenue, Sawyers Bay21401m2$356,238(last sale price)",https://www.realestate.co.nz/property/3-blackman-avenue-sawyers-bay-dunedin-city-otago/mvghxq5q
373,19,"Last sold on
      02/03/202513 Rennie Street, Green Island31713m2$495,000(last sale price)",https://www.realestate.co.nz/property/13-rennie-street-green-island-dunedin-city-otago/hf5p159r
374,19,"Last sold on
      01/03/202574 Hocken Street, Kenmure331303m2$766,000(last sale price)",https://www.realestate.co.nz/property/74-hocken-street-kenmure-dunedin-city-otago/44v8c6mr
375,19,"Last sold on
      01/03/202528 Arran Street, Mosgiel32344m2$590,000(last sale price)",https://www.realestate.co.nz/property/28-arran-street-mosgiel-dunedin-city-otago/6sd0l6hs
376,19,"Last sold on
      01/03/202510 Mechanic Street, North East Valley31448m2$500,000(last sale price)",https://www.realestate.co.nz/property/10-mechanic-street-north-east-valley-dunedin-city-otago/rvy1478q
377,19,"Last sold on
      01/03/202537 Dowling Street, Dunedin Central7211518m2$3,280,000(last sale price)",https://www.realestate.co.nz/property/37-dowling-street-dunedin-central-dunedin-city-otago/fw34zmpr
378,19,"Last sold on
      01/03/20258 Hawthorn Avenue, Mornington21457m2$440,000(last sale price)",https://www.realestate.co.nz/property/8-hawthorn-avenue-mornington-dunedin-city-otago/6rjhn0kr
379,19,"Last sold on
      28/02/202516 Benhar Street, Maryhill31592m2$742,500(last sale price)",https://www.realestate.co.nz/property/16-benhar-street-maryhill-dunedin-city-otago/x83gbpmr
380,20,"Last sold on
      28/02/202578 Skibo Street, Kew31767m2$585,000(last sale price)",https://www.realestate.co.nz/property/78-skibo-street-kew-dunedin-city-otago/cb2ly2zr
381,20,"Last sold on
      28/02/20251/21 Irvine Street, Mosgiel21$571,000(last sale price)",https://www.realestate.co.nz/property/1-21-irvine-street-mosgiel-dunedin-city-otago/gd6LSG8Xk
382,20,"Last sold on
      28/02/202540 Hocken Street, Kenmure21191m2$670,000(last sale price)",https://www.realestate.co.nz/property/40-hocken-street-kenmure-dunedin-city-otago/z672q5mr
383,20,"Last sold on
      28/02/20258 Exeter Street, Abbotsford31911m2$640,000(last sale price)",https://www.realestate.co.nz/property/8-exeter-street-abbotsford-dunedin-city-otago/swp6db9r
384,20,"Last sold on
      28/02/202530B Tedder Street, Saint Kilda21$420,000(last sale price)",https://www.realestate.co.nz/property/30b-tedder-street-saint-kilda-dunedin-city-otago/0c7kfs3r
385,20,"Last sold on
      28/02/20251 Mure Street, Mosgiel42463m2$675,000(last sale price)",https://www.realestate.co.nz/property/1-mure-street-mosgiel-dunedin-city-otago/sk7s8mls
386,20,"Last sold on
      28/02/202588 Barr Street, Kenmure31717m2$487,500(last sale price)",https://www.realestate.co.nz/property/88-barr-street-kenmure-dunedin-city-otago/28gpw2mr
387,20,"Last sold on
      28/02/202524 Shortland Street, Caversham21506m2$449,000(last sale price)",https://www.realestate.co.nz/property/24-shortland-street-caversham-dunedin-city-otago/c2gldxxr
388,20,"Last sold on
      28/02/202529 Lonsdale Street, Belleknowes41655m2$685,000(last sale price)",https://www.realestate.co.nz/property/29-lonsdale-street-belleknowes-dunedin-city-otago/v2dvc0kr
389,20,"Recently sold129A Helensburgh Road, Halfway Bush21Price is not yet confirmed",https://www.realestate.co.nz/property/129a-helensburgh-road-halfway-bush-dunedin-city-otago/bq80z4lw
390,20,"Last sold on
      27/02/2025249 North Road, North East Valley31314m2$425,000(last sale price)",https://www.realestate.co.nz/property/249-north-road-north-east-valley-dunedin-city-otago/87t0s56q
391,20,"Last sold on
      27/02/2025111 Centennial Avenue, Helensburgh31525m2$635,000(last sale price)",https://www.realestate.co.nz/property/111-centennial-avenue-helensburgh-dunedin-city-otago/36qnzpcr
392,20,"Last sold on
      27/02/202513 Treetop Drive, Portobello878m2$85,000(last sale price)",https://www.realestate.co.nz/property/13-treetop-drive-portobello-dunedin-city-otago/wS68mtQXk
393,20,"Last sold on
      27/02/202549 Nottingham Crescent, Calton Hill31873m2$540,000(last sale price)",https://www.realestate.co.nz/property/49-nottingham-crescent-calton-hill-dunedin-city-otago/bbbbbbzr
394,20,"Last sold on
      27/02/20254 Beverley Place, Waverley31628m2$740,000(last sale price)",https://www.realestate.co.nz/property/4-beverley-place-waverley-dunedin-city-otago/dh5fbttr
395,20,"Last sold on
      27/02/202550 Hall Road, Sawyers Bay411012m2$430,000(last sale price)",https://www.realestate.co.nz/property/50-hall-road-sawyers-bay-dunedin-city-otago/h5fbtw5q
396,20,"Last sold on
      27/02/202594 Centennial Avenue, Helensburgh31653m2$600,000(last sale price)",https://www.realestate.co.nz/property/94-centennial-avenue-helensburgh-dunedin-city-otago/9lx6htcr
397,20,"Last sold on
      26/02/2025104 Main Road, Fairfield21809m2$540,000(last sale price)",https://www.realestate.co.nz/property/104-main-road-fairfield-dunedin-city-otago/dfks3jds
398,20,"Last sold on
      26/02/20259 Summertime Avenue, Corstorphine31782m2$631,447(last sale price)",https://www.realestate.co.nz/property/9-summertime-avenue-corstorphine-dunedin-city-otago/9s0xjvzr
399,20,"Last sold on
      26/02/202559 Glen Road, Mornington31800m2$460,000(last sale price)",https://www.realestate.co.nz/property/59-glen-road-mornington-dunedin-city-otago/d89k1plr
400,21,"Last sold on
      26/02/202587 Main South Road, East Taieri311012m2$500,000(last sale price)",https://www.realestate.co.nz/property/87-main-south-road-east-taieri-dunedin-city-otago/h3p9whms
401,21,"Last sold on
      26/02/202595 Doon Street, Waverley42524m2$1,800,000(last sale price)",https://www.realestate.co.nz/property/95-doon-street-waverley-dunedin-city-otago/9k1pkmtr
402,21,"Last sold on
      26/02/20251106A Brighton Road, Brighton22622m2$930,000(last sale price)",https://www.realestate.co.nz/property/1106a-brighton-road-brighton-dunedin-city-otago/2wdmj47pz
403,21,"Last sold on
      26/02/202539 Centennial Avenue, Helensburgh31587m2$550,000(last sale price)",https://www.realestate.co.nz/property/39-centennial-avenue-helensburgh-dunedin-city-otago/ppzkgncr
404,21,"Last sold on
      26/02/2025156 Surrey Street, Saint Clair1503m2$470,000(last sale price)",https://www.realestate.co.nz/property/156-surrey-street-saint-clair-dunedin-city-otago/kb9ftc3r
405,21,"Last sold on
      26/02/2025504 Queens Drive, Dunedin Central631393m2$985,000(last sale price)",https://www.realestate.co.nz/property/504-queens-drive-dunedin-central-dunedin-city-otago/b5237gpr
406,21,"Last sold on
      26/02/2025601 Highcliff Road, Highcliff21.16ha$905,000(last sale price)",https://www.realestate.co.nz/property/601-highcliff-road-highcliff-dunedin-city-otago/fcpdj17r
407,21,"Last sold on
      26/02/202577B Ravelston Street, Musselburgh31341m2$525,000(last sale price)",https://www.realestate.co.nz/property/77b-ravelston-street-musselburgh-dunedin-city-otago/333333py
408,21,"Last sold on
      25/02/2025123 Saint Leonards Drive, Saint Leonards21534m2$465,000(last sale price)",https://www.realestate.co.nz/property/123-saint-leonards-drive-saint-leonards-dunedin-city-otago/m946gyv7c
409,21,"Last sold on
      25/02/2025102 Preston Crescent, Belleknowes31437m2$625,000(last sale price)",https://www.realestate.co.nz/property/102-preston-crescent-belleknowes-dunedin-city-otago/l6sd0lkr
410,21,"Last sold on
      25/02/202532 Nottingham Crescent, Calton Hill31508m2$615,000(last sale price)",https://www.realestate.co.nz/property/32-nottingham-crescent-calton-hill-dunedin-city-otago/46gylgzr
411,21,"Last sold on
      25/02/202548 Marewa Street, Kew509m2$1,685,000(last sale price)",https://www.realestate.co.nz/property/48-marewa-street-kew-dunedin-city-otago/zm29b6yr
412,21,"Last sold on
      25/02/202518 Argyle Street, Mosgiel31675m2$510,000(last sale price)",https://www.realestate.co.nz/property/18-argyle-street-mosgiel-dunedin-city-otago/88pjrcls
413,21,"Last sold on
      24/02/20252 Sargood Street, Maori Hill521044m2$2,000,000(last sale price)",https://www.realestate.co.nz/property/2-sargood-street-maori-hill-dunedin-city-otago/jnw6m5fr
414,21,"Last sold on
      24/02/202565 Mechanic Street, North East Valley31396m2$482,000(last sale price)",https://www.realestate.co.nz/property/65-mechanic-street-north-east-valley-dunedin-city-otago/h8xhzb9q
415,21,"Last sold on
      24/02/202529 Grove Street, Saint Kilda21$580,000(last sale price)",https://www.realestate.co.nz/property/29-grove-street-saint-kilda-dunedin-city-otago/37gt7r3r
416,21,"Last sold on
      24/02/202532A Baker Street, Caversham31321m2$485,000(last sale price)",https://www.realestate.co.nz/property/32a-baker-street-caversham-dunedin-city-otago/l396t40r
417,21,"Last sold on
      24/02/202592A Holyhead Street, Outram1038m2$330,000(last sale price)",https://www.realestate.co.nz/property/92a-holyhead-street-outram-dunedin-city-otago/QbPtRDgbl
418,21,"Last sold on
      24/02/20252 Haggart Street, Mosgiel31841m2$615,000(last sale price)",https://www.realestate.co.nz/property/2-haggart-street-mosgiel-dunedin-city-otago/j4fg5kcs
419,21,"Last sold on
      23/02/20253 Solway Place, Mosgiel33698m2$1,033,000(last sale price)",https://www.realestate.co.nz/property/3-solway-place-mosgiel-dunedin-city-otago/m7jk8nms
420,22,"Last sold on
      23/02/2025130 Wakari Road, Helensburgh31525m2$650,000(last sale price)",https://www.realestate.co.nz/property/130-wakari-road-helensburgh-dunedin-city-otago/bmsvtpcr
421,22,"Last sold on
      22/02/202572 Mailer Street, Mornington42956m2$1,200,000(last sale price)",https://www.realestate.co.nz/property/72-mailer-street-mornington-dunedin-city-otago/dlnmh8kr
422,22,"Last sold on
      21/02/202534 Crammond Avenue, Corstorphine21749m2$285,000(last sale price)",https://www.realestate.co.nz/property/34-crammond-avenue-corstorphine-dunedin-city-otago/5237gtzr
423,22,"Last sold on
      21/02/2025192 Gladstone Road, Dalmore31661m2$650,000(last sale price)",https://www.realestate.co.nz/property/192-gladstone-road-dalmore-dunedin-city-otago/20r9ms9q
424,22,"Last sold on
      21/02/202576 Fingall Street, South Dunedin21164m2$379,000(last sale price)",https://www.realestate.co.nz/property/76-fingall-street-south-dunedin-dunedin-city-otago/mtlzyj2r
425,22,"Last sold on
      21/02/20257 View Street, Warrington31812m2$642,000(last sale price)",https://www.realestate.co.nz/property/7-view-street-warrington-dunedin-city-otago/m29b6t1q
426,22,"Last sold on
      21/02/202519 Dalrymple Street, Pine Hill511065m2$689,000(last sale price)",https://www.realestate.co.nz/property/19-dalrymple-street-pine-hill-dunedin-city-otago/1s1s1s7q
427,22,"Last sold on
      21/02/2025168 Victoria Road, Saint Clair31690m2$800,000(last sale price)",https://www.realestate.co.nz/property/168-victoria-road-saint-clair-dunedin-city-otago/zccy3w5r
428,22,"Last sold on
      21/02/202511 Cedar Crescent, Mosgiel41689m2$625,000(last sale price)",https://www.realestate.co.nz/property/11-cedar-crescent-mosgiel-dunedin-city-otago/fp0fzlns
429,22,"Last sold on
      21/02/202514 Paterson Road, Mosgiel1396m2$280,000(last sale price)",https://www.realestate.co.nz/property/14-paterson-road-mosgiel-dunedin-city-otago/hxqyklcs
430,22,"Last sold on
      21/02/2025380 Bay View Road, Saint Clair31772m2$664,500(last sale price)",https://www.realestate.co.nz/property/380-bay-view-road-saint-clair-dunedin-city-otago/l5xw1d3r
431,22,"Last sold on
      21/02/2025161A Eglinton Road, Mornington21$520,000(last sale price)",https://www.realestate.co.nz/property/161a-eglinton-road-mornington-dunedin-city-otago/cdtmvglr
432,22,"Last sold on
      20/02/202546 Stevenson Avenue, Sawyers Bay21744m2$400,000(last sale price)",https://www.realestate.co.nz/property/46-stevenson-avenue-sawyers-bay-dunedin-city-otago/1k6xrp5q
433,22,"Last sold on
      20/02/20254 Tirohanga Road, North Taieri412ha$1,690,000(last sale price)",https://www.realestate.co.nz/property/4-tirohanga-road-north-taieri-dunedin-city-otago/kvq68ycs
434,22,"Last sold on
      20/02/20254 Silverdale Place, Mosgiel664m2$417,500(last sale price)",https://www.realestate.co.nz/property/4-silverdale-place-mosgiel-dunedin-city-otago/ky9Z9pNXk
435,22,"Last sold on
      20/02/202557 Shetland Street, Wakari31450m2$601,500(last sale price)",https://www.realestate.co.nz/property/57-shetland-street-wakari-dunedin-city-otago/ydctr6dr
436,22,"Last sold on
      20/02/2025155 Middleton Road, Corstorphine21563m2$475,000(last sale price)",https://www.realestate.co.nz/property/155-middleton-road-corstorphine-dunedin-city-otago/0z4h2tyr
437,22,"Last sold on
      20/02/2025222 Gordon Road, Mosgiel31358m2$510,000(last sale price)",https://www.realestate.co.nz/property/222-gordon-road-mosgiel-dunedin-city-otago/ftc427js
438,22,"Last sold on
      20/02/202570 Cockerell Street, Brockville21721m2$500,000(last sale price)",https://www.realestate.co.nz/property/70-cockerell-street-brockville-dunedin-city-otago/rcdtmvjr
439,22,"Last sold on
      20/02/20253 Eskvale Street, Saint Kilda31613m2$595,000(last sale price)",https://www.realestate.co.nz/property/3-eskvale-street-saint-kilda-dunedin-city-otago/mmmmmm3r
440,23,"Last sold on
      20/02/202514 Grey Street, North East Valley31651m2$500,000(last sale price)",https://www.realestate.co.nz/property/14-grey-street-north-east-valley-dunedin-city-otago/msvtpg9q
441,23,"Last sold on
      20/02/202520 Gilmore Street, Wakari31573m2$617,000(last sale price)",https://www.realestate.co.nz/property/20-gilmore-street-wakari-dunedin-city-otago/w0jgshfr
442,23,"Last sold on
      20/02/202535 Meadow Street, Mornington11140m2$321,200(last sale price)",https://www.realestate.co.nz/property/35-meadow-street-mornington-dunedin-city-otago/nrvy14kr
443,23,"Last sold on
      20/02/202510 Earls Road, Saint Clair431227m2$835,000(last sale price)",https://www.realestate.co.nz/property/10-earls-road-saint-clair-dunedin-city-otago/ldx30myr
444,23,"Last sold on
      20/02/202518 Westgate, Corstorphine32819m2$850,000(last sale price)",https://www.realestate.co.nz/property/18-westgate-corstorphine-dunedin-city-otago/53vdrwyz
445,23,"Last sold on
      20/02/20255 Stanley Street, Kenmure22534m2$523,000(last sale price)",https://www.realestate.co.nz/property/5-stanley-street-kenmure-dunedin-city-otago/43zrf0mr
446,23,"Last sold on
      20/02/202519 Hawthorn Avenue, Mornington21579m2$540,000(last sale price)",https://www.realestate.co.nz/property/19-hawthorn-avenue-mornington-dunedin-city-otago/xrpqv2kr
447,23,"Last sold on
      20/02/20258 Kew Place, Corstorphine31571m2$805,000(last sale price)",https://www.realestate.co.nz/property/8-kew-place-corstorphine-dunedin-city-otago/0r9msq0fk
448,23,"Last sold on
      20/02/202523 Dundonald Street, Tainui311012m2$640,000(last sale price)",https://www.realestate.co.nz/property/23-dundonald-street-tainui-dunedin-city-otago/8vryf7wr
449,23,"Last sold on
      19/02/202552 Dons Creek Road, Waitati2.00ha$720,000(last sale price)",https://www.realestate.co.nz/property/52-dons-creek-road-waitati-dunedin-city-otago/gg16zc81d
450,23,"Last sold on
      19/02/202553C Grove Street, Saint Kilda21$430,000(last sale price)",https://www.realestate.co.nz/property/53c-grove-street-saint-kilda-dunedin-city-otago/gknrvy3r
451,23,"Last sold on
      19/02/202546A David Street, Caversham21$370,000(last sale price)",https://www.realestate.co.nz/property/46a-david-street-caversham-dunedin-city-otago/9xcmnhyr
452,23,"Last sold on
      19/02/2025109 Wakari Road, Helensburgh31506m2$635,000(last sale price)",https://www.realestate.co.nz/property/109-wakari-road-helensburgh-dunedin-city-otago/jnw6m5br
453,23,"Last sold on
      19/02/202524 Benhar Street, Maryhill42592m2$800,000(last sale price)",https://www.realestate.co.nz/property/24-benhar-street-maryhill-dunedin-city-otago/jc99fpmr
454,23,"Last sold on
      19/02/202526 Corstorphine Road, Corstorphine311092m2$540,000(last sale price)",https://www.realestate.co.nz/property/26-corstorphine-road-corstorphine-dunedin-city-otago/0ntgm8yr
455,23,"Last sold on
      19/02/202514A Ascot Street, Saint Kilda21$640,000(last sale price)",https://www.realestate.co.nz/property/14a-ascot-street-saint-kilda-dunedin-city-otago/f1bc2g4r
456,23,"Last sold on
      19/02/20254 Elizabeth Avenue, East Taieri42750m2$755,000(last sale price)",https://www.realestate.co.nz/property/4-elizabeth-avenue-east-taieri-dunedin-city-otago/9b6t8hms
457,23,"Last sold on
      19/02/202565 Fawcett Street, South Dunedin31283m2$385,000(last sale price)",https://www.realestate.co.nz/property/65-fawcett-street-south-dunedin-dunedin-city-otago/gknrvy2r
458,23,"Last sold on
      19/02/202518 Royston Street, North East Valley32640m2$656,000(last sale price)",https://www.realestate.co.nz/property/18-royston-street-north-east-valley-dunedin-city-otago/6m5sjc9q
459,23,"Last sold on
      19/02/20258 Catalina Lane, Waldronville42506m2$880,000(last sale price)",https://www.realestate.co.nz/property/8-catalina-lane-waldronville-dunedin-city-otago/92gg16sdd
460,24,"Last sold on
      19/02/2025211 Doctors Point Road, Waitati414130m2$1,640,000(last sale price)",https://www.realestate.co.nz/property/211-doctors-point-road-waitati-dunedin-city-otago/mlr3nf2q
461,24,"Last sold on
      19/02/202535 Glendining Avenue, North East Valley31565m2$680,000(last sale price)",https://www.realestate.co.nz/property/35-glendining-avenue-north-east-valley-dunedin-city-otago/nj02r18q
462,24,"Last sold on
      19/02/202564 Botha Street, Tainui41487m2$703,000(last sale price)",https://www.realestate.co.nz/property/64-botha-street-tainui-dunedin-city-otago/vhcfp4wr
463,24,"Last sold on
      18/02/202511 Beresford Street, Kaikorai31367m2$455,000(last sale price)",https://www.realestate.co.nz/property/11-beresford-street-kaikorai-dunedin-city-otago/tqbnncfr
464,24,"Last sold on
      18/02/2025205 North Road, North East Valley31435m2$410,000(last sale price)",https://www.realestate.co.nz/property/205-north-road-north-east-valley-dunedin-city-otago/cx7cb26q
465,24,"Last sold on
      18/02/2025107 Forfar Street, Maryhill21521m2$580,000(last sale price)",https://www.realestate.co.nz/property/107-forfar-street-maryhill-dunedin-city-otago/v97pn3xr
466,24,"Last sold on
      18/02/202597 Glenross Street, Glenross31635m2$675,000(last sale price)",https://www.realestate.co.nz/property/97-glenross-street-glenross-dunedin-city-otago/msqg0bjr
467,24,"Last sold on
      18/02/202567 Viscount Road, Waldronville41868m2$625,000(last sale price)",https://www.realestate.co.nz/property/67-viscount-road-waldronville-dunedin-city-otago/dp84bvgs
468,24,"Last sold on
      18/02/202593 Highcliff Road, Andersons Bay421042m2$845,000(last sale price)",https://www.realestate.co.nz/property/93-highcliff-road-andersons-bay-dunedin-city-otago/vghxqyvr
469,24,"Last sold on
      18/02/202524 Mold Street, Middlemarch1903m2$265,000(last sale price)",https://www.realestate.co.nz/property/24-mold-street-middlemarch-dunedin-city-otago/22hbk5bs
470,24,"Last sold on
      18/02/20256 Lethaby Street, Abbotsford411012m2$555,000(last sale price)",https://www.realestate.co.nz/property/6-lethaby-street-abbotsford-dunedin-city-otago/sfw34z8r
471,24,"Last sold on
      18/02/202598A Church Street, Mosgiel21$700,200(last sale price)",https://www.realestate.co.nz/property/98a-church-street-mosgiel-dunedin-city-otago/9nn7d6ks
472,24,"Last sold on
      18/02/202532 Calluna Crescent, Mosgiel421488m2$1,045,000(last sale price)",https://www.realestate.co.nz/property/32-calluna-crescent-mosgiel-dunedin-city-otago/qd89k1yzd
473,24,"Last sold on
      18/02/2025124 Gladfield Road, Mosgiel122m2$1,150,000(last sale price)",https://www.realestate.co.nz/property/124-gladfield-road-mosgiel-dunedin-city-otago/f79pddhs
474,24,"Last sold on
      18/02/202534 Bryant Street, Kenmure31726m2$630,000(last sale price)",https://www.realestate.co.nz/property/34-bryant-street-kenmure-dunedin-city-otago/98k517mr
475,24,"Last sold on
      18/02/202547 Anderton Crescent, Mosgiel33601m2$950,000(last sale price)",https://www.realestate.co.nz/property/47-anderton-crescent-mosgiel-dunedin-city-otago/t3dq09shk
476,24,"Last sold on
      17/02/202557A Cargill Street, Dunedin Central52524m2$655,000(last sale price)",https://www.realestate.co.nz/property/57a-cargill-street-dunedin-central-dunedin-city-otago/m946gyqr
477,24,"Last sold on
      17/02/202520 Harrier Road, Saint Leonards422038m2$730,000(last sale price)",https://www.realestate.co.nz/property/20-harrier-road-saint-leonards-dunedin-city-otago/cr05765q
478,24,"Last sold on
      17/02/202545 Richmond Street, Forbury31379m2$415,000(last sale price)",https://www.realestate.co.nz/property/45-richmond-street-forbury-dunedin-city-otago/62vj3k1r
479,24,"Last sold on
      17/02/202517 Agnes Street, Kenmure32624m2$630,000(last sale price)",https://www.realestate.co.nz/property/17-agnes-street-kenmure-dunedin-city-otago/jqhwvfnr
480,25,"Last sold on
      17/02/20256189 Middlemarch-sutton Road, Middlemarc...12.27ha$520,000(last sale price)",https://www.realestate.co.nz/property/6189-middlemarch-sutton-road-middlemarch-dunedin-city-otago/4rs607bs
481,25,"Last sold on
      17/02/202578 Mulford Street, Concord31627m2$580,000(last sale price)",https://www.realestate.co.nz/property/78-mulford-street-concord-dunedin-city-otago/1q9r4d8r
482,25,"Last sold on
      17/02/202510 McCarthy Court, East Taieri42823m2$1,185,000(last sale price)",https://www.realestate.co.nz/property/10-mccarthy-court-east-taieri-dunedin-city-otago/7y4ksKpYk
483,25,"Last sold on
      17/02/2025101 Riselaw Road, Calton Hill42899m2$680,000(last sale price)",https://www.realestate.co.nz/property/101-riselaw-road-calton-hill-dunedin-city-otago/c5yrkczr
484,25,"Last sold on
      17/02/20259/97 Queen Street, North Dunedin21$425,000(last sale price)",https://www.realestate.co.nz/property/9-97-queen-street-north-dunedin-dunedin-city-otago/fmdsrbly
485,25,"Last sold on
      15/02/202517 Wavy Knowes Drive, Waldronville531.08ha$1,600,000(last sale price)",https://www.realestate.co.nz/property/17-wavy-knowes-drive-waldronville-dunedin-city-otago/xcr057ds
486,25,"Last sold on
      14/02/202551 Frame Street, North East Valley21529m2$550,000(last sale price)",https://www.realestate.co.nz/property/51-frame-street-north-east-valley-dunedin-city-otago/nsl3968q
487,25,"Last sold on
      14/02/202581 Norfolk Street, Saint Clair21577m2$800,000(last sale price)",https://www.realestate.co.nz/property/81-norfolk-street-saint-clair-dunedin-city-otago/03h65g0r
488,25,"Last sold on
      14/02/202525 Hugh Street, Sawyers Bay21698m2$554,000(last sale price)",https://www.realestate.co.nz/property/25-hugh-street-sawyers-bay-dunedin-city-otago/l1k6xr5q
489,25,"Last sold on
      14/02/202593 Cockerell Street, Brockville21703m2$537,500(last sale price)",https://www.realestate.co.nz/property/93-cockerell-street-brockville-dunedin-city-otago/xp21mtjr
490,25,"Last sold on
      14/02/202576 Elm Row, Dunedin Central21597m2$630,000(last sale price)",https://www.realestate.co.nz/property/76-elm-row-dunedin-central-dunedin-city-otago/c36qnzpr
491,25,"Last sold on
      14/02/202529 Granville Terrace, Belleknowes53607m2$1,300,000(last sale price)",https://www.realestate.co.nz/property/29-granville-terrace-belleknowes-dunedin-city-otago/cfp4snkr
492,25,"Last sold on
      14/02/20258 Roy Crescent, Concord312054m2$635,000(last sale price)",https://www.realestate.co.nz/property/8-roy-crescent-concord-dunedin-city-otago/np3x4r8r
493,25,"Last sold on
      14/02/202579 Beach Street, Waikouaiti311012m2$380,000(last sale price)",https://www.realestate.co.nz/property/79-beach-street-waikouaiti-dunedin-city-otago/9pddp83q
494,25,"Last sold on
      14/02/202531 Meridian Street, Port Chalmers21553m2$478,000(last sale price)",https://www.realestate.co.nz/property/31-meridian-street-port-chalmers-dunedin-city-otago/c5yrkc5q
495,25,"Last sold on
      14/02/202534A Dundonald Street, Tainui21520m2$467,000(last sale price)",https://www.realestate.co.nz/property/34a-dundonald-street-tainui-dunedin-city-otago/pf856bxr
496,25,"Last sold on
      13/02/202514 Ballantyne Street, Waverley211152m2$600,000(last sale price)",https://www.realestate.co.nz/property/14-ballantyne-street-waverley-dunedin-city-otago/mnh4ktsr
497,25,"Last sold on
      13/02/202522 Newport Street, Belleknowes31536m2$675,000(last sale price)",https://www.realestate.co.nz/property/22-newport-street-belleknowes-dunedin-city-otago/05762vkr
498,25,"Last sold on
      13/02/202568 Kenmure Road, Belleknowes31582m2$600,000(last sale price)",https://www.realestate.co.nz/property/68-kenmure-road-belleknowes-dunedin-city-otago/69tr2skr
499,25,"Last sold on
      13/02/202517 Whitby Street, Mornington31847m2$680,000(last sale price)",https://www.realestate.co.nz/property/17-whitby-street-mornington-dunedin-city-otago/wsplhdlr
500,26,"Last sold on
      13/02/20254 Souter Street, Mosgiel31613m2$570,000(last sale price)",https://www.realestate.co.nz/property/4-souter-street-mosgiel-dunedin-city-otago/smzt50js
501,26,"Last sold on
      13/02/202538A Kenmure Road, Belleknowes421220m2$980,000(last sale price)",https://www.realestate.co.nz/property/38a-kenmure-road-belleknowes-dunedin-city-otago/ss2nkrkr
502,26,"Last sold on
      13/02/20253/21 Irvine Street, Mosgiel111m2$380,000(last sale price)",https://www.realestate.co.nz/property/3-21-irvine-street-mosgiel-dunedin-city-otago/ksKlZG8Xk
503,26,"Last sold on
      13/02/202510 Kintyre Place, Mosgiel42995m2$1,050,000(last sale price)",https://www.realestate.co.nz/property/10-kintyre-place-mosgiel-dunedin-city-otago/vmlr3nms
504,26,"Last sold on
      13/02/202549 Walton Park Avenue, Fairfield41886m2$717,000(last sale price)",https://www.realestate.co.nz/property/49-walton-park-avenue-fairfield-dunedin-city-otago/fjxllwds
505,26,"Last sold on
      13/02/202577 Ravelston Street, Musselburgh31267m2$450,000(last sale price)",https://www.realestate.co.nz/property/77-ravelston-street-musselburgh-dunedin-city-otago/k7s8mxwr
506,26,"Last sold on
      12/02/202540 Irwin Logan Drive, Mosgiel431000m2$1,900,000(last sale price)",https://www.realestate.co.nz/property/40-irwin-logan-drive-mosgiel-dunedin-city-otago/b46l98hmk
507,26,"Last sold on
      12/02/2025116 Prince Albert Road, Saint Kilda31465m2$540,000(last sale price)",https://www.realestate.co.nz/property/116-prince-albert-road-saint-kilda-dunedin-city-otago/9nn7d64r
508,26,"Last sold on
      12/02/202538A Tomahawk Road, Andersons Bay42881m2$1,018,000(last sale price)",https://www.realestate.co.nz/property/38a-tomahawk-road-andersons-bay-dunedin-city-otago/7bgknrdmk
509,26,"Last sold on
      12/02/202522 Durham Street, Mornington31610m2$555,000(last sale price)",https://www.realestate.co.nz/property/22-durham-street-mornington-dunedin-city-otago/82ltqblr
510,26,"Last sold on
      12/02/202511 Eastbank Street, Waverley32995m2$930,000(last sale price)",https://www.realestate.co.nz/property/11-eastbank-street-waverley-dunedin-city-otago/yhvzxn81d
511,26,"Last sold on
      12/02/20257 Geelong Street, Waikouaiti211012m2$740,000(last sale price)",https://www.realestate.co.nz/property/7-geelong-street-waikouaiti-dunedin-city-otago/c0qkhj4q
512,26,"Last sold on
      12/02/202524 Cooper Street, Mornington31480m2$370,750(last sale price)",https://www.realestate.co.nz/property/24-cooper-street-mornington-dunedin-city-otago/17qjm0lr
513,26,"Last sold on
      12/02/202519B Friendship Drive, Waldronville32891m2$680,000(last sale price)",https://www.realestate.co.nz/property/19b-friendship-drive-waldronville-dunedin-city-otago/22hbk5gkk
514,26,"Last sold on
      12/02/202525 Prospect Bank, Wakari31721m2$495,000(last sale price)",https://www.realestate.co.nz/property/25-prospect-bank-wakari-dunedin-city-otago/8s486ydr
515,26,"Last sold on
      12/02/202528 Killarney Street, Waitati211012m2$430,000(last sale price)",https://www.realestate.co.nz/property/28-killarney-street-waitati-dunedin-city-otago/xsk7s81q
516,26,"Last sold on
      12/02/2025385 South Road, Caversham42440m2$545,000(last sale price)",https://www.realestate.co.nz/property/385-south-road-caversham-dunedin-city-otago/myyn25xr
517,26,"Last sold on
      12/02/20255 Fairfax Street, Maori Hill53707m2$1,625,000(last sale price)",https://www.realestate.co.nz/property/5-fairfax-street-maori-hill-dunedin-city-otago/5rnvb4fr
518,26,"Last sold on
      12/02/202515 Hanlon Street, Halfway Bush31749m2$495,000(last sale price)",https://www.realestate.co.nz/property/15-hanlon-street-halfway-bush-dunedin-city-otago/b46l98br
519,26,"Last sold on
      12/02/20258A Pleasant Place, North East Valley642753m2$960,000(last sale price)",https://www.realestate.co.nz/property/8a-pleasant-place-north-east-valley-dunedin-city-otago/5zhqm77q
520,27,"Last sold on
      12/02/202529 Cardigan Street, North East Valley411018m2$130,000(last sale price)",https://www.realestate.co.nz/property/29-cardigan-street-north-east-valley-dunedin-city-otago/j9j9j99t
521,27,"Last sold on
      11/02/202530 Dornoch Street, Kew11462m2$405,000(last sale price)",https://www.realestate.co.nz/property/30-dornoch-street-kew-dunedin-city-otago/clsz5cvv
522,27,"Last sold on
      11/02/202552 Ajax Street, Saint Kilda31465m2$515,000(last sale price)",https://www.realestate.co.nz/property/52-ajax-street-saint-kilda-dunedin-city-otago/n5n5n54r
523,27,"Last sold on
      11/02/202543 Carr Street, North East Valley41668m2$510,000(last sale price)",https://www.realestate.co.nz/property/43-carr-street-north-east-valley-dunedin-city-otago/7s8mx26q
524,27,"Last sold on
      11/02/20257 Spencer Street, Andersons Bay2807m2$785,000(last sale price)",https://www.realestate.co.nz/property/7-spencer-street-andersons-bay-dunedin-city-otago/81vng8vr
525,27,"Last sold on
      11/02/20256/84 Warrender Street, North Dunedin21$500,000(last sale price)",https://www.realestate.co.nz/property/6-84-warrender-street-north-dunedin-dunedin-city-otago/82ltqbwz
526,27,"Last sold on
      11/02/20252A Argyle Street, Mosgiel$470,000(last sale price)",https://www.realestate.co.nz/property/2a-argyle-street-mosgiel-dunedin-city-otago/yf79pdls
527,27,"Last sold on
      11/02/202546 Caldwell Street, Brockville31817m2$480,000(last sale price)",https://www.realestate.co.nz/property/46-caldwell-street-brockville-dunedin-city-otago/k3flj8jr
528,27,"Last sold on
      11/02/2025506 South Road, Calton Hill311127m2$680,000(last sale price)",https://www.realestate.co.nz/property/506-south-road-calton-hill-dunedin-city-otago/wfh12mxr
529,27,"Last sold on
      11/02/2025236A Taieri Road, Wakari21511m2$555,000(last sale price)",https://www.realestate.co.nz/property/236a-taieri-road-wakari-dunedin-city-otago/04cq4nfr
530,27,"Last sold on
      11/02/202518 Walton Park Avenue, Fairfield31715m2$680,000(last sale price)",https://www.realestate.co.nz/property/18-walton-park-avenue-fairfield-dunedin-city-otago/gck1txds
531,27,"Last sold on
      11/02/202523A Jellicoe Crescent, Kaikorai411121m2$638,113(last sale price)",https://www.realestate.co.nz/property/23a-jellicoe-crescent-kaikorai-dunedin-city-otago/wzs9hffr
532,27,"Last sold on
      10/02/202523 Freyberg Street, Saint Kilda21258m2$485,000(last sale price)",https://www.realestate.co.nz/property/23-freyberg-street-saint-kilda-dunedin-city-otago/5yrkc54r
533,27,"Last sold on
      10/02/2025133 London Street, Dunedin Central62518m2$725,000(last sale price)",https://www.realestate.co.nz/property/133-london-street-dunedin-central-dunedin-city-otago/vpbs01qr
534,27,"Last sold on
      10/02/202540A Green Street, Mosgiel31506m2$582,000(last sale price)",https://www.realestate.co.nz/property/40a-green-street-mosgiel-dunedin-city-otago/jnw6m5hs
535,27,"Last sold on
      10/02/202528 Exeter Street, Abbotsford42750m2$685,000(last sale price)",https://www.realestate.co.nz/property/28-exeter-street-abbotsford-dunedin-city-otago/9wh3p98r
536,27,"Last sold on
      10/02/2025174 Bay View Road, South Dunedin31409m2$515,000(last sale price)",https://www.realestate.co.nz/property/174-bay-view-road-south-dunedin-dunedin-city-otago/6l98k52r
537,27,"Last sold on
      10/02/2025146A Highgate, Roslyn41569m2$671,000(last sale price)",https://www.realestate.co.nz/property/146a-highgate-roslyn-dunedin-city-otago/l0t1npgr
538,27,"Last sold on
      09/02/202533 Ayr Street, Mosgiel31572m2$624,000(last sale price)",https://www.realestate.co.nz/property/33-ayr-street-mosgiel-dunedin-city-otago/snqzf3ls
539,27,"Last sold on
      07/02/202531 Forbury Road, Forbury62600m2$602,500(last sale price)",https://www.realestate.co.nz/property/31-forbury-road-forbury-dunedin-city-otago/rwtk3f1r
540,28,"Recently sold9 Alder Crescent, Mosgiel33430m2Price is not yet confirmed",https://www.realestate.co.nz/property/9-alder-crescent-mosgiel-dunedin-city-otago/1Vdwfqgbl
541,28,"Last sold on
      07/02/202512 Cochrane Street, Mornington31637m2$500,000(last sale price)",https://www.realestate.co.nz/property/12-cochrane-street-mornington-dunedin-city-otago/f91q9rlr
542,28,"Last sold on
      07/02/202595 Riselaw Road, Calton Hill31672m2$575,000(last sale price)",https://www.realestate.co.nz/property/95-riselaw-road-calton-hill-dunedin-city-otago/tqbnnczr
543,28,"Last sold on
      07/02/2025245 Pine Hill Road, Dalmore21546m2$490,000(last sale price)",https://www.realestate.co.nz/property/245-pine-hill-road-dalmore-dunedin-city-otago/3cvhcfbr
544,28,"Last sold on
      07/02/202558 Church Street, Mosgiel21260m2$525,525(last sale price)",https://www.realestate.co.nz/property/58-church-street-mosgiel-dunedin-city-otago/d7f22hls
545,28,"Last sold on
      07/02/202541 Marks Road, Karitane21819m2$540,000(last sale price)",https://www.realestate.co.nz/property/41-marks-road-karitane-dunedin-city-otago/vdrwtk1q
546,28,"Last sold on
      07/02/202518 Dalrymple Street, Pine Hill31562m2$635,888(last sale price)",https://www.realestate.co.nz/property/18-dalrymple-street-pine-hill-dunedin-city-otago/gylgjs7q
547,28,"Last sold on
      07/02/20255 Berwick Street, Mosgiel32890m2$925,000(last sale price)",https://www.realestate.co.nz/property/5-berwick-street-mosgiel-dunedin-city-otago/wdmj4fms
548,28,"Last sold on
      07/02/2025880 Coast Road, Warrington2m2$100,000(last sale price)",https://www.realestate.co.nz/property/880-coast-road-warrington-dunedin-city-otago/yyn25z1q
549,28,"Last sold on
      07/02/202535 Teignmouth Street, Abbotsford31485m2$605,000(last sale price)",https://www.realestate.co.nz/property/35-teignmouth-street-abbotsford-dunedin-city-otago/hn0kb98r
550,28,"Last sold on
      07/02/202510 Glendevon Place, Vauxhall31701m2$850,000(last sale price)",https://www.realestate.co.nz/property/10-glendevon-place-vauxhall-dunedin-city-otago/jgshm4sr
551,28,"Last sold on
      06/02/202581 Middleton Road, Kew21573m2$460,000(last sale price)",https://www.realestate.co.nz/property/81-middleton-road-kew-dunedin-city-otago/5qsbdyyr
552,28,"Last sold on
      06/02/202546 Meridian Street, Port Chalmers21947m2$695,000(last sale price)",https://www.realestate.co.nz/property/46-meridian-street-port-chalmers-dunedin-city-otago/shm41c5q
553,28,"Last sold on
      05/02/20256 Neil Collins Lane, Mosgiel32612m2$1,032,000(last sale price)",https://www.realestate.co.nz/property/6-neil-collins-lane-mosgiel-dunedin-city-otago/C5RJrgtZk
554,28,"Last sold on
      05/02/20255 Tate Crescent, Green Island42851m2$1,140,000(last sale price)",https://www.realestate.co.nz/property/5-tate-crescent-green-island-dunedin-city-otago/tpg4p5rfk
555,28,"Last sold on
      05/02/20258 Parklands Avenue, Mosgiel2$630,000(last sale price)",https://www.realestate.co.nz/property/8-parklands-avenue-mosgiel-dunedin-city-otago/rvy147ms
556,28,"Last sold on
      05/02/20255 Mosgiel Street, Mornington31374m2$500,000(last sale price)",https://www.realestate.co.nz/property/5-mosgiel-street-mornington-dunedin-city-otago/j8s486lr
557,28,"Last sold on
      05/02/2025806 Mount Cargill Road, Mount Cargill316.97ha$1,045,000(last sale price)",https://www.realestate.co.nz/property/806-mount-cargill-road-mount-cargill-dunedin-city-otago/mb1qf41q
558,28,"Last sold on
      05/02/202569B Tahuna Road, Tainui53713m2$937,500(last sale price)",https://www.realestate.co.nz/property/69b-tahuna-road-tainui-dunedin-city-otago/kqcj59wr
559,28,"Last sold on
      05/02/202533 Marine Parade, Macandrew Bay42911m2$1,000,000(last sale price)",https://www.realestate.co.nz/property/33-marine-parade-macandrew-bay-dunedin-city-otago/pdj1y85r
560,29,"Last sold on
      05/02/202569B Tahuna Road, Tainui53713m2$937,500(last sale price)",https://www.realestate.co.nz/property/69b-tahuna-road-tainui-dunedin-city-otago/kqcj59wr
561,29,"Last sold on
      05/02/202540 Manchester Street, Bradford411237m2$550,000(last sale price)",https://www.realestate.co.nz/property/40-manchester-street-bradford-dunedin-city-otago/sjc99fjr
562,29,"Last sold on
      05/02/202524 Bell Crescent, Concord41986m2$650,000(last sale price)",https://www.realestate.co.nz/property/24-bell-crescent-concord-dunedin-city-otago/v5w0jg8r
563,29,"Last sold on
      05/02/20252D Renfrew Street, Balaclava21$510,000(last sale price)",https://www.realestate.co.nz/property/2d-renfrew-street-balaclava-dunedin-city-otago/zyjqhwxr
564,29,"Last sold on
      05/02/202515 Culling Street, Saint Kilda31496m2$470,000(last sale price)",https://www.realestate.co.nz/property/15-culling-street-saint-kilda-dunedin-city-otago/t9c2b73r
565,29,"Last sold on
      05/02/202530 Bradford Street, Bradford32888m2$595,000(last sale price)",https://www.realestate.co.nz/property/30-bradford-street-bradford-dunedin-city-otago/mfjxlljr
566,29,"Last sold on
      04/02/202531A Christie Street, Abbotsford31$456,000(last sale price)",https://www.realestate.co.nz/property/31a-christie-street-abbotsford-dunedin-city-otago/6yhvzx8r
567,29,"Last sold on
      04/02/202517A Eskvale Street, Saint Kilda31300m2$532,000(last sale price)",https://www.realestate.co.nz/property/17a-eskvale-street-saint-kilda-dunedin-city-otago/dg9xcm3r
568,29,"Last sold on
      04/02/202515 West Avenue, Saint Clair31294m2$665,001(last sale price)",https://www.realestate.co.nz/property/15-west-avenue-saint-clair-dunedin-city-otago/k492gg5r
569,29,"Last sold on
      04/02/20253/39 View Street, Dunedin Central22$580,000(last sale price)",https://www.realestate.co.nz/property/3-39-view-street-dunedin-central-dunedin-city-otago/c7kfsmspd
570,29,"Last sold on
      04/02/202512 Macbeth Street, Caversham31296m2$420,000(last sale price)",https://www.realestate.co.nz/property/12-macbeth-street-caversham-dunedin-city-otago/vryf79xr
571,29,"Last sold on
      04/02/202521 East Avenue, Saint Kilda31584m2$430,000(last sale price)",https://www.realestate.co.nz/property/21-east-avenue-saint-kilda-dunedin-city-otago/04cq4n5r
572,29,"Last sold on
      04/02/20257B Kent Place, Mosgiel2$450,000(last sale price)",https://www.realestate.co.nz/property/7b-kent-place-mosgiel-dunedin-city-otago/kr703hns
573,29,"Last sold on
      04/02/202543 Three Mile Hill Road, Halfway Bush312327m2$672,500(last sale price)",https://www.realestate.co.nz/property/43-three-mile-hill-road-halfway-bush-dunedin-city-otago/dsrbj9cs
574,29,"Last sold on
      03/02/2025137 Mulford Street, Concord31607m2$551,000(last sale price)",https://www.realestate.co.nz/property/137-mulford-street-concord-dunedin-city-otago/ypypyp8r
575,29,"Last sold on
      03/02/202589 Blanket Bay Road, Sawyers Bay32875m2$630,000(last sale price)",https://www.realestate.co.nz/property/89-blanket-bay-road-sawyers-bay-dunedin-city-otago/bs01wj3q
576,29,"Last sold on
      03/02/202514 Auld Street, Saint Kilda31809m2$580,000(last sale price)",https://www.realestate.co.nz/property/14-auld-street-saint-kilda-dunedin-city-otago/rvy1473r
577,29,"Last sold on
      03/02/2025102 Stevenson Avenue, Sawyers Bay41581m2$590,000(last sale price)",https://www.realestate.co.nz/property/102-stevenson-avenue-sawyers-bay-dunedin-city-otago/sz5cls5q
578,29,"Last sold on
      03/02/202560 Calder Street, Saint Kilda31371m2$501,500(last sale price)",https://www.realestate.co.nz/property/60-calder-street-saint-kilda-dunedin-city-otago/1c36qn4r
579,29,"Last sold on
      03/02/20254 Constant Street, Sawyers Bay31544m2$429,000(last sale price)",https://www.realestate.co.nz/property/4-constant-street-sawyers-bay-dunedin-city-otago/v0ntgm5q
580,30,"Recently sold3 Kinloch Place, Mosgiel42771m2Price is not yet confirmed",https://www.realestate.co.nz/property/3-kinloch-place-mosgiel-dunedin-city-otago/vfmdsr8gk
581,30,"Last sold on
      01/02/202541 Young Street, Saint Kilda31372m2$311,000(last sale price)",https://www.realestate.co.nz/property/41-young-street-saint-kilda-dunedin-city-otago/wfh12m4r
582,30,"Last sold on
      01/02/202573 Ravelston Street, Musselburgh42607m2$820,000(last sale price)",https://www.realestate.co.nz/property/73-ravelston-street-musselburgh-dunedin-city-otago/v8c6pxwr
583,30,"Last sold on
      01/02/20253 Slant Street, Careys Bay211329m2$550,008(last sale price)",https://www.realestate.co.nz/property/3-slant-street-careys-bay-dunedin-city-otago/lmrz9q4q
584,30,"Last sold on
      31/01/20252 Victoria Road, Tainui21412m2$450,000(last sale price)",https://www.realestate.co.nz/property/2-victoria-road-tainui-dunedin-city-otago/ccy3w83r
585,30,"Last sold on
      31/01/20252D Saint David Street, North Dunedin33$688,000(last sale price)",https://www.realestate.co.nz/property/2d-saint-david-street-north-dunedin-dunedin-city-otago/mN4dWsZYk
586,30,"Last sold on
      31/01/202528 Rotoiti Street, Maia331116m2$839,000(last sale price)",https://www.realestate.co.nz/property/28-rotoiti-street-maia-dunedin-city-otago/wcwcwc6q
587,30,"Last sold on
      31/01/20254 Highcliff Road, Andersons Bay41650m2$605,000(last sale price)",https://www.realestate.co.nz/property/4-highcliff-road-andersons-bay-dunedin-city-otago/856blxvr
588,30,"Last sold on
      31/01/202584 Queens Drive, Saint Kilda51316m2$450,000(last sale price)",https://www.realestate.co.nz/property/84-queens-drive-saint-kilda-dunedin-city-otago/lnmh8x3r
589,30,"Last sold on
      31/01/202582 District Road, Green Island1012m2$260,000(last sale price)",https://www.realestate.co.nz/property/82-district-road-green-island-dunedin-city-otago/2q5dg99r
590,30,"Last sold on
      31/01/202585T Victoria Road, Saint Kilda32385m2$750,000(last sale price)",https://www.realestate.co.nz/property/85t-victoria-road-saint-kilda-dunedin-city-otago/0vsty5jmk
591,30,"Last sold on
      31/01/20255 Mcintosh Road, Brighton31505m2$615,000(last sale price)",https://www.realestate.co.nz/property/5-mcintosh-road-brighton-dunedin-city-otago/yt9c2bgs
592,30,"Last sold on
      31/01/202585 Formby Street, Outram16.13ha$1,200,000(last sale price)",https://www.realestate.co.nz/property/85-formby-street-outram-dunedin-city-otago/ng81vnhs
593,30,"Last sold on
      31/01/202527 Nicholson Street, Forbury41379m2$389,000(last sale price)",https://www.realestate.co.nz/property/27-nicholson-street-forbury-dunedin-city-otago/vdrwtk1r
594,30,"Last sold on
      31/01/2025540 North Road, Normanby33842m2$775,000(last sale price)",https://www.realestate.co.nz/property/540-north-road-normanby-dunedin-city-otago/sjc99f8q
595,30,"Last sold on
      31/01/202531 Stevenson Road, Concord32648m2$602,000(last sale price)",https://www.realestate.co.nz/property/31-stevenson-road-concord-dunedin-city-otago/x0d32c8r
596,30,"Last sold on
      31/01/2025126 Hagart-alexander Drive, Mosgiel31686m2$725,000(last sale price)",https://www.realestate.co.nz/property/126-hagart-alexander-drive-mosgiel-dunedin-city-otago/r4dlnmns
597,30,"Last sold on
      31/01/202557 Reservoir Road, Sawyers Bay31550m2$600,000(last sale price)",https://www.realestate.co.nz/property/57-reservoir-road-sawyers-bay-dunedin-city-otago/1c36qn5q
598,30,"Last sold on
      31/01/2025311 Tomahawk Road, Ocean Grove421872m2$511,000(last sale price)",https://www.realestate.co.nz/property/311-tomahawk-road-ocean-grove-dunedin-city-otago/d26v0n6r
599,30,"Last sold on
      30/01/202552 Forfar Street, Mosgiel21517m2$630,000(last sale price)",https://www.realestate.co.nz/property/52-forfar-street-mosgiel-dunedin-city-otago/dkxg75js
600,31,"Last sold on
      30/01/202552 Forfar Street, Mosgiel21517m2$630,000(last sale price)",https://www.realestate.co.nz/property/52-forfar-street-mosgiel-dunedin-city-otago/dkxg75js
601,31,"Last sold on
      30/01/202522 Rona Street, Saint Kilda41425m2$610,000(last sale price)",https://www.realestate.co.nz/property/22-rona-street-saint-kilda-dunedin-city-otago/clsz5c4r
602,31,"Last sold on
      30/01/202516 Chamberlain Street, Maori Hill312464m2$615,000(last sale price)",https://www.realestate.co.nz/property/16-chamberlain-street-maori-hill-dunedin-city-otago/bc2glddr
603,31,"Last sold on
      30/01/202522 Delphic Street, Sawyers Bay31809m2$619,000(last sale price)",https://www.realestate.co.nz/property/22-delphic-street-sawyers-bay-dunedin-city-otago/y3w87t5q
604,31,"Last sold on
      29/01/202548 Murray Street, Caversham321012m2$865,000(last sale price)",https://www.realestate.co.nz/property/48-murray-street-caversham-dunedin-city-otago/2gldx3zr
605,31,"Last sold on
      29/01/20253A Laing Street, Mosgiel21349m2$640,000(last sale price)",https://www.realestate.co.nz/property/3a-laing-street-mosgiel-dunedin-city-otago/qpv6rjls
606,31,"Last sold on
      29/01/20258 Franks Place, Outram1023m2$300,000(last sale price)",https://www.realestate.co.nz/property/8-franks-place-outram-dunedin-city-otago/H7y4k6rZk
607,31,"Last sold on
      29/01/2025156 South Road, Caversham52405m2$570,000(last sale price)",https://www.realestate.co.nz/property/156-south-road-caversham-dunedin-city-otago/bhf5p1xr
608,31,"Last sold on
      29/01/202520 Elgin Road, Mornington31709m2$620,000(last sale price)",https://www.realestate.co.nz/property/20-elgin-road-mornington-dunedin-city-otago/55lfn8kr
609,31,"Last sold on
      29/01/20259 Holyhead Street, Outram421212m2$785,000(last sale price)",https://www.realestate.co.nz/property/9-holyhead-street-outram-dunedin-city-otago/6f6f6fhs
610,31,"Last sold on
      29/01/202540 Tyne Street, Mosgiel52556m2$745,000(last sale price)",https://www.realestate.co.nz/property/40-tyne-street-mosgiel-dunedin-city-otago/z8vryfks
611,31,"Last sold on
      29/01/20256 Franks Place, Outram1190m2$327,000(last sale price)",https://www.realestate.co.nz/property/6-franks-place-outram-dunedin-city-otago/X3qj8spZk
612,31,"Last sold on
      29/01/202511A Lochend Street, Musselburgh21769m2$536,000(last sale price)",https://www.realestate.co.nz/property/11a-lochend-street-musselburgh-dunedin-city-otago/w87t0swr
613,31,"Last sold on
      29/01/202577 Goodall Street, Mosgiel31637m2$580,000(last sale price)",https://www.realestate.co.nz/property/77-goodall-street-mosgiel-dunedin-city-otago/q80z4hks
614,31,"Last sold on
      28/01/2025466 Hillside Road, Caversham31387m2$280,000(last sale price)",https://www.realestate.co.nz/property/466-hillside-road-caversham-dunedin-city-otago/dyzjl40r
615,31,"Last sold on
      28/01/2025271 Macandrew Road, Forbury31491m2$590,000(last sale price)",https://www.realestate.co.nz/property/271-macandrew-road-forbury-dunedin-city-otago/n6jpmc3r
616,31,"Last sold on
      28/01/202524 Beresford Street, Kaikorai31715m2$585,000(last sale price)",https://www.realestate.co.nz/property/24-beresford-street-kaikorai-dunedin-city-otago/5lfn88dr
617,31,"Last sold on
      28/01/202519B London Street, Dunedin Central21$435,000(last sale price)",https://www.realestate.co.nz/property/19b-london-street-dunedin-central-dunedin-city-otago/1l2fqwqr
618,31,"Last sold on
      28/01/202517 Glenbrook Drive, Mosgiel421177m2$985,000(last sale price)",https://www.realestate.co.nz/property/17-glenbrook-drive-mosgiel-dunedin-city-otago/prqlc1ms
619,31,"Last sold on
      28/01/20257 Huntly Road, Outram42838m2$1,055,000(last sale price)",https://www.realestate.co.nz/property/7-huntly-road-outram-dunedin-city-otago/2sxfcphs
620,32,"Last sold on
      28/01/20257 Victoria Street, Mosgiel31918m2$761,000(last sale price)",https://www.realestate.co.nz/property/7-victoria-street-mosgiel-dunedin-city-otago/yjqhwvls
621,32,"Last sold on
      27/01/20258B Ayr Street, Mosgiel211012m2$355,000(last sale price)",https://www.realestate.co.nz/property/8b-ayr-street-mosgiel-dunedin-city-otago/tpg4p5ls
622,32,"Last sold on
      27/01/20258 Finch Street, Saint Leonards21974m2$448,000(last sale price)",https://www.realestate.co.nz/property/8-finch-street-saint-leonards-dunedin-city-otago/237gt75q
623,32,"Last sold on
      27/01/20255 Belgrave Crescent, Kaikorai41372m2$1,060,000(last sale price)",https://www.realestate.co.nz/property/5-belgrave-crescent-kaikorai-dunedin-city-otago/jnw6m5gr
624,32,"Last sold on
      27/01/2025110 Main Road, Fairfield31809m2$645,000(last sale price)",https://www.realestate.co.nz/property/110-main-road-fairfield-dunedin-city-otago/vzxn6jds
625,32,"Last sold on
      27/01/2025318 Main South Road, Green Island411287m2$400,000(last sale price)",https://www.realestate.co.nz/property/318-main-south-road-green-island-dunedin-city-otago/9c2b7pbs
626,32,"Last sold on
      27/01/20257 Ryan Street, Portobello111295m2$450,000(last sale price)",https://www.realestate.co.nz/property/7-ryan-street-portobello-dunedin-city-otago/xznyt96r
627,32,"Last sold on
      27/01/202511 Brook Street, North Dunedin41193m2$650,000(last sale price)",https://www.realestate.co.nz/property/11-brook-street-north-dunedin-dunedin-city-otago/lx6ht3rr
628,32,"Last sold on
      26/01/20252 Forth Street, Mosgiel42738m2$650,000(last sale price)",https://www.realestate.co.nz/property/2-forth-street-mosgiel-dunedin-city-otago/hzbmsvjs
629,32,"Last sold on
      26/01/202510 Fifield Street, Roslyn32506m2$1,340,000(last sale price)",https://www.realestate.co.nz/property/10-fifield-street-roslyn-dunedin-city-otago/dyv5w0fr
630,32,"Last sold on
      26/01/202517 Brownville Crescent, Maori Hill1637m2$821,000(last sale price)",https://www.realestate.co.nz/property/17-brownville-crescent-maori-hill-dunedin-city-otago/ftc427cr
631,32,"Last sold on
      26/01/202579 North Road, North East Valley22215m2$619,000(last sale price)",https://www.realestate.co.nz/property/79-north-road-north-east-valley-dunedin-city-otago/pypypy9q
632,32,"Last sold on
      24/01/202512 Walter Street, The Glen41401m2$585,000(last sale price)",https://www.realestate.co.nz/property/12-walter-street-the-glen-dunedin-city-otago/dp84bvlr
633,32,"Last sold on
      24/01/202521 Inverary Street, Waikouaiti212024m2$351,000(last sale price)",https://www.realestate.co.nz/property/21-inverary-street-waikouaiti-dunedin-city-otago/38bb6y3q
634,32,"Last sold on
      24/01/20251 Erica Crescent, Mosgiel421398m2$1,245,000(last sale price)",https://www.realestate.co.nz/property/1-erica-crescent-mosgiel-dunedin-city-otago/4jybr4rfk
635,32,"Last sold on
      24/01/202552 Forth Street, Mosgiel31361m2$550,000(last sale price)",https://www.realestate.co.nz/property/52-forth-street-mosgiel-dunedin-city-otago/y08qd8js
636,32,"Last sold on
      24/01/20251 Jaffray Drive, East Taieri42868m2$900,000(last sale price)",https://www.realestate.co.nz/property/1-jaffray-drive-east-taieri-dunedin-city-otago/7wrt2jms
637,32,"Last sold on
      24/01/202512 Moodie Street, Shiel Hill52633m2$765,000(last sale price)",https://www.realestate.co.nz/property/12-moodie-street-shiel-hill-dunedin-city-otago/vfmdsrtr
638,32,"Last sold on
      24/01/20259 Balfour Street, North East Valley32463m2$955,000(last sale price)",https://www.realestate.co.nz/property/9-balfour-street-north-east-valley-dunedin-city-otago/hLYsdB5bl
639,32,"Last sold on
      24/01/20257A Berwick Street, Mosgiel21437m2$700,000(last sale price)",https://www.realestate.co.nz/property/7a-berwick-street-mosgiel-dunedin-city-otago/6f6f6fms
640,33,"Last sold on
      24/01/20259A Rothesay Street, Waikouaiti2024m2$50,000(last sale price)",https://www.realestate.co.nz/property/9a-rothesay-street-waikouaiti-dunedin-city-otago/8s486y3q
641,33,"Last sold on
      24/01/2025127 Oakwood Avenue, Balaclava31425m2$591,000(last sale price)",https://www.realestate.co.nz/property/127-oakwood-avenue-balaclava-dunedin-city-otago/7bgknrmr
642,33,"Last sold on
      24/01/20255 Waikana Street, Broad Bay11834m2$455,000(last sale price)",https://www.realestate.co.nz/property/5-waikana-street-broad-bay-dunedin-city-otago/zt2CbqNXk
643,33,"Last sold on
      24/01/202522 Beaumaris Street, Outram41993m2$770,000(last sale price)",https://www.realestate.co.nz/property/22-beaumaris-street-outram-dunedin-city-otago/j4fg5khs
644,33,"Last sold on
      24/01/202510 Tay Street, Mosgiel42850m2$745,000(last sale price)",https://www.realestate.co.nz/property/10-tay-street-mosgiel-dunedin-city-otago/8vryf7js
645,33,"Last sold on
      24/01/202528 Stephen Street, Halfway Bush43508m2$631,000(last sale price)",https://www.realestate.co.nz/property/28-stephen-street-halfway-bush-dunedin-city-otago/zv1jbfcr
646,33,"Last sold on
      24/01/202587 Norwood Street, Normanby41860m2$720,000(last sale price)",https://www.realestate.co.nz/property/87-norwood-street-normanby-dunedin-city-otago/3cvhcf7q
647,33,"Last sold on
      23/01/2025467 Taieri Road, Halfway Bush41883m2$645,000(last sale price)",https://www.realestate.co.nz/property/467-taieri-road-halfway-bush-dunedin-city-otago/5jtz10hr
648,33,"Last sold on
      23/01/202550B Forfar Street, Mosgiel21328m2$500,000(last sale price)",https://www.realestate.co.nz/property/50b-forfar-street-mosgiel-dunedin-city-otago/k1pkmwjs
649,33,"Last sold on
      23/01/20256 Lomond Place, Mosgiel311040m2$670,000(last sale price)",https://www.realestate.co.nz/property/6-lomond-place-mosgiel-dunedin-city-otago/khjnw6hs
650,33,"Last sold on
      23/01/202522 Braemar Street, Mosgiel41607m2$620,000(last sale price)",https://www.realestate.co.nz/property/22-braemar-street-mosgiel-dunedin-city-otago/ghxqykks
651,33,"Last sold on
      23/01/202515 Oakland Street, Andersons Bay31575m2$582,500(last sale price)",https://www.realestate.co.nz/property/15-oakland-street-andersons-bay-dunedin-city-otago/w34zm2vr
652,33,"Last sold on
      23/01/202510 Rodeo Place, Outram321824m2$2,350,000(last sale price)",https://www.realestate.co.nz/property/10-rodeo-place-outram-dunedin-city-otago/M9TqcJ0Xk
653,33,"Last sold on
      23/01/202510 Allenby Avenue, Liberton31613m2$430,000(last sale price)",https://www.realestate.co.nz/property/10-allenby-avenue-liberton-dunedin-city-otago/7l5xw19q
654,33,"Last sold on
      23/01/202515 Murray Street, Caversham1372m2$420,000(last sale price)",https://www.realestate.co.nz/property/15-murray-street-caversham-dunedin-city-otago/y5hyg3yr
655,33,"Last sold on
      22/01/20251A Corrie Street, Dunedin Central31$450,000(last sale price)",https://www.realestate.co.nz/property/1a-corrie-street-dunedin-central-dunedin-city-otago/q3ss2nrr
656,33,"Last sold on
      22/01/202526 Bennett Road, Ocean View938m2$513,200(last sale price)",https://www.realestate.co.nz/property/26-bennett-road-ocean-view-dunedin-city-otago/q09lx6fs
657,33,"Last sold on
      22/01/20256 Nicholson Street, Forbury21181m2$380,000(last sale price)",https://www.realestate.co.nz/property/6-nicholson-street-forbury-dunedin-city-otago/qxp21m1r
658,33,"Last sold on
      22/01/2025161 Caversham Valley Road, Calton Hill42716m2$485,000(last sale price)",https://www.realestate.co.nz/property/161-caversham-valley-road-calton-hill-dunedin-city-otago/9y3rxkxr
659,33,"Last sold on
      22/01/202515B Clariton Avenue, Green Island21$407,000(last sale price)",https://www.realestate.co.nz/property/15b-clariton-avenue-green-island-dunedin-city-otago/m35v40bs
660,34,"Recently sold75 Driver Street, Purakaunui1042m2Price is not yet confirmed",https://www.realestate.co.nz/property/75-driver-street-purakaunui-dunedin-city-otago/13cvhc0lk
661,34,"Last sold on
      22/01/202526 Glenmore Street, Glenleith31516m2$540,000(last sale price)",https://www.realestate.co.nz/property/26-glenmore-street-glenleith-dunedin-city-otago/z5clszbr
662,34,"Last sold on
      21/01/2025112 Centennial Avenue, Helensburgh31527m2$550,000(last sale price)",https://www.realestate.co.nz/property/112-centennial-avenue-helensburgh-dunedin-city-otago/7ych9scr
663,34,"Last sold on
      21/01/202512 Rowan Place, Mosgiel32706m2$875,000(last sale price)",https://www.realestate.co.nz/property/12-rowan-place-mosgiel-dunedin-city-otago/fw34zmms
664,34,"Last sold on
      21/01/202527 Kinvig Street, Andersons Bay31554m2$564,000(last sale price)",https://www.realestate.co.nz/property/27-kinvig-street-andersons-bay-dunedin-city-otago/0ppzkgvr
665,34,"Last sold on
      21/01/202559 Harrington Street, Port Chalmers31379m2$575,000(last sale price)",https://www.realestate.co.nz/property/59-harrington-street-port-chalmers-dunedin-city-otago/jhn0kb5q
666,34,"Last sold on
      21/01/20257 Young Street, Saint Kilda31451m2$440,000(last sale price)",https://www.realestate.co.nz/property/7-young-street-saint-kilda-dunedin-city-otago/p21mtl4r
667,34,"Last sold on
      21/01/20256 Kamura Street, Tainui31671m2$690,000(last sale price)",https://www.realestate.co.nz/property/6-kamura-street-tainui-dunedin-city-otago/twkvq6wr
668,34,"Last sold on
      21/01/202536 Campbells Road, Pine Hill31626m2$515,000(last sale price)",https://www.realestate.co.nz/property/36-campbells-road-pine-hill-dunedin-city-otago/ldx30m7q
669,34,"Last sold on
      20/01/20252 Seddon Street, Waikouaiti211.17ha$608,000(last sale price)",https://www.realestate.co.nz/property/2-seddon-street-waikouaiti-dunedin-city-otago/g9xcmn4q
670,34,"Last sold on
      20/01/202557F North Road, North East Valley21$371,000(last sale price)",https://www.realestate.co.nz/property/57f-north-road-north-east-valley-dunedin-city-otago/2fqwyx9q
671,34,"Last sold on
      20/01/20252 Rawhiti Street, Musselburgh31374m2$660,000(last sale price)",https://www.realestate.co.nz/property/2-rawhiti-street-musselburgh-dunedin-city-otago/4fg5kpwr
672,34,"Last sold on
      20/01/20257 Ajax Road, Port Chalmers32494m2$612,000(last sale price)",https://www.realestate.co.nz/property/7-ajax-road-port-chalmers-dunedin-city-otago/knrvy1pt
673,34,"Last sold on
      17/01/202525 Havelock Street, Mornington51679m2$615,000(last sale price)",https://www.realestate.co.nz/property/25-havelock-street-mornington-dunedin-city-otago/kxg75blr
674,34,"Last sold on
      17/01/202519 Belford Street, Waverley42725m2$750,000(last sale price)",https://www.realestate.co.nz/property/19-belford-street-waverley-dunedin-city-otago/hrhrhrsr
675,34,"Last sold on
      17/01/202528D Hargest Crescent, Saint Kilda11$270,000(last sale price)",https://www.realestate.co.nz/property/28d-hargest-crescent-saint-kilda-dunedin-city-otago/9r4dln5r
676,34,"Last sold on
      17/01/2025131 Hagart-alexander Drive, Mosgiel31526m2$590,000(last sale price)",https://www.realestate.co.nz/property/131-hagart-alexander-drive-mosgiel-dunedin-city-otago/4tj7xmns
677,34,"Last sold on
      17/01/202517 Pennant Street, Wakari32601m2$780,000(last sale price)",https://www.realestate.co.nz/property/17-pennant-street-wakari-dunedin-city-otago/09lx6hfr
678,34,"Last sold on
      17/01/202581 Cockerell Street, Brockville31736m2$455,000(last sale price)",https://www.realestate.co.nz/property/81-cockerell-street-brockville-dunedin-city-otago/0kb9ftjr
679,34,"Last sold on
      17/01/20252A Runciman Street, Green Island21$355,000(last sale price)",https://www.realestate.co.nz/property/2a-runciman-street-green-island-dunedin-city-otago/kqcj598l1
680,35,"Last sold on
      16/01/2025268 Highgate, Roslyn52430m2$890,000(last sale price)",https://www.realestate.co.nz/property/268-highgate-roslyn-dunedin-city-otago/2k2k2kgr
681,35,"Last sold on
      16/01/2025189 Gordon Road, Mosgiel31543m2$490,000(last sale price)",https://www.realestate.co.nz/property/189-gordon-road-mosgiel-dunedin-city-otago/99fp0fjs
682,35,"Last sold on
      16/01/202518 Mooltan Street, Halfway Bush21663m2$490,000(last sale price)",https://www.realestate.co.nz/property/18-mooltan-street-halfway-bush-dunedin-city-otago/n31hgxhr
683,35,"Last sold on
      16/01/202511B Richmond Street, Forbury21$339,000(last sale price)",https://www.realestate.co.nz/property/11b-richmond-street-forbury-dunedin-city-otago/mtlzyj1r
684,35,"Last sold on
      16/01/202538 Carr Street, North East Valley31412m2$499,000(last sale price)",https://www.realestate.co.nz/property/38-carr-street-north-east-valley-dunedin-city-otago/twfh126q
685,35,"Last sold on
      16/01/202553 Fawcett Street, South Dunedin21232m2$495,000(last sale price)",https://www.realestate.co.nz/property/53-fawcett-street-south-dunedin-dunedin-city-otago/vghxqy2r
686,35,"Last sold on
      16/01/20259 Kanuka Court, Mosgiel31537m2$750,000(last sale price)",https://www.realestate.co.nz/property/9-kanuka-court-mosgiel-dunedin-city-otago/n88pjrms
687,35,"Last sold on
      15/01/20258 Mcmillan Street, Maori Hill31270m2$620,000(last sale price)",https://www.realestate.co.nz/property/8-mcmillan-street-maori-hill-dunedin-city-otago/n4x0d3fr
688,35,"Last sold on
      15/01/202511A Douglas Street, Saint Kilda31372m2$590,000(last sale price)",https://www.realestate.co.nz/property/11a-douglas-street-saint-kilda-dunedin-city-otago/97pn314r
689,35,"Last sold on
      15/01/202540 Young Street, Saint Kilda21372m2$615,000(last sale price)",https://www.realestate.co.nz/property/40-young-street-saint-kilda-dunedin-city-otago/sbdyzj4r
690,35,"Last sold on
      15/01/202512 Gilmore Street, Wakari31860m2$575,000(last sale price)",https://www.realestate.co.nz/property/12-gilmore-street-wakari-dunedin-city-otago/h3p9whfr
691,35,"Last sold on
      15/01/2025258 Oxford Street, South Dunedin21283m2$310,000(last sale price)",https://www.realestate.co.nz/property/258-oxford-street-south-dunedin-dunedin-city-otago/dyv5w02r
692,35,"Last sold on
      15/01/202521 Gamma Street, Belleknowes31506m2$800,000(last sale price)",https://www.realestate.co.nz/property/21-gamma-street-belleknowes-dunedin-city-otago/ndndndhr
693,35,"Last sold on
      15/01/2025114 London Street, Dunedin Central62387m2$695,000(last sale price)",https://www.realestate.co.nz/property/114-london-street-dunedin-central-dunedin-city-otago/fks3j2qr
694,35,"Last sold on
      15/01/202538 Quarry Road, Green Island3278m2$140,000(last sale price)",https://www.realestate.co.nz/property/38-quarry-road-green-island-dunedin-city-otago/64lk0y9r
695,35,"Last sold on
      14/01/20255 Gala Street, Waverley41835m2$675,000(last sale price)",https://www.realestate.co.nz/property/5-gala-street-waverley-dunedin-city-otago/ptb8k9sr
696,35,"Last sold on
      14/01/202527 Bush Road, Mosgiel21510m2$495,000(last sale price)",https://www.realestate.co.nz/property/27-bush-road-mosgiel-dunedin-city-otago/93bzzdms
697,35,"Last sold on
      14/01/20255/2 Clayton Street, Saint Clair3628m2$1,430,000(last sale price)",https://www.realestate.co.nz/property/5-2-clayton-street-saint-clair-dunedin-city-otago/y9vmlrvhk
698,35,"Last sold on
      14/01/202531C Woodland Avenue, Mosgiel31515m2$730,000(last sale price)",https://www.realestate.co.nz/property/31c-woodland-avenue-mosgiel-dunedin-city-otago/9tr2sxks
699,35,"Last sold on
      14/01/2025190 Kenmure Road, Kenmure31513m2$695,000(last sale price)",https://www.realestate.co.nz/property/190-kenmure-road-kenmure-dunedin-city-otago/hgxv97kr
700,36,"Last sold on
      13/01/2025142 Lynn Street, Wakari42809m2$910,000(last sale price)",https://www.realestate.co.nz/property/142-lynn-street-wakari-dunedin-city-otago/nrvy14cr
701,36,"Last sold on
      13/01/202516 Severn Street, Mosgiel31513m2$550,000(last sale price)",https://www.realestate.co.nz/property/16-severn-street-mosgiel-dunedin-city-otago/rz9q8wms
702,36,"Last sold on
      10/01/202540 Glenross Street, Glenross42847m2$877,000(last sale price)",https://www.realestate.co.nz/property/40-glenross-street-glenross-dunedin-city-otago/3x4rs6hr
703,36,"Last sold on
      10/01/202533 Beaumaris Street, Outram311012m2$675,000(last sale price)",https://www.realestate.co.nz/property/33-beaumaris-street-outram-dunedin-city-otago/4mfjxlhs
704,36,"Recently sold936 Harington Point Road, Harington Poin...432101m2Price is not yet confirmed",https://www.realestate.co.nz/property/936-harington-point-road-harington-point-dunedin-city-otago/c427l57r
705,36,"Last sold on
      09/01/20259 Agnes Street, Kenmure21624m2$495,000(last sale price)",https://www.realestate.co.nz/property/9-agnes-street-kenmure-dunedin-city-otago/z8vryfnr
706,36,"Last sold on
      09/01/202538 Tay Street, Mosgiel31776m2$530,000(last sale price)",https://www.realestate.co.nz/property/38-tay-street-mosgiel-dunedin-city-otago/063q11js
707,36,"Last sold on
      08/01/2025244 Portobello Road, The Cove621077m2$860,000(last sale price)",https://www.realestate.co.nz/property/244-portobello-road-the-cove-dunedin-city-otago/jrcdtm6r
708,36,"Last sold on
      08/01/202517B Culling Street, Saint Kilda21245m2$613,000(last sale price)",https://www.realestate.co.nz/property/17b-culling-street-saint-kilda-dunedin-city-otago/JrQbP7gYk
709,36,"Last sold on
      08/01/20259A Forfar Street, Mosgiel21241m2$705,000(last sale price)",https://www.realestate.co.nz/property/9a-forfar-street-mosgiel-dunedin-city-otago/6LS1pZ8bl
710,36,"Last sold on
      08/01/2025116A Argyle Street, Mosgiel21$372,500(last sale price)",https://www.realestate.co.nz/property/116a-argyle-street-mosgiel-dunedin-city-otago/hwvfmdms
711,36,"Last sold on
      07/01/20259 Kaikorai Valley Road, Kaikorai31509m2$500,000(last sale price)",https://www.realestate.co.nz/property/9-kaikorai-valley-road-kaikorai-dunedin-city-otago/jm0ppzgr
712,36,"Last sold on
      06/01/20251 Glendevon Place, Vauxhall31936m2$600,000(last sale price)",https://www.realestate.co.nz/property/1-glendevon-place-vauxhall-dunedin-city-otago/7l5xw1sr
713,36,"Last sold on
      01/01/202514 Barra Street, Karitane31674m2$690,000(last sale price)",https://www.realestate.co.nz/property/14-barra-street-karitane-dunedin-city-otago/5fbtwk2q
714,36,"Last sold on
      30/12/202410 Burgess Street, Green Island21693m2$462,500(last sale price)",https://www.realestate.co.nz/property/10-burgess-street-green-island-dunedin-city-otago/5fbtwkbs
715,36,"Last sold on
      28/12/202411 Atkinson Street, South Dunedin11505m2$340,000(last sale price)",https://www.realestate.co.nz/property/11-atkinson-street-south-dunedin-dunedin-city-otago/5237gt2r
716,36,"Recently sold30A Ravenswood Road, Saint Clair41885m2Price is not yet confirmed",https://www.realestate.co.nz/property/30a-ravenswood-road-saint-clair-dunedin-city-otago/r4dlnmyr
717,36,"Last sold on
      24/12/202479 Newington Avenue, Maori Hill32673m2$950,000(last sale price)",https://www.realestate.co.nz/property/79-newington-avenue-maori-hill-dunedin-city-otago/7xmb1qfr
718,36,"Last sold on
      23/12/202412 Poto Street, Aramoana211012m2$337,500(last sale price)",https://www.realestate.co.nz/property/12-poto-street-aramoana-dunedin-city-otago/hjnw6m3q
719,36,"Recently sold51 Browns Road, Middlemarch13.75haPrice is not yet confirmed",https://www.realestate.co.nz/property/51-browns-road-middlemarch-dunedin-city-otago/j1y8z3bs
720,37,"Last sold on
      23/12/202427A Rewa Street, Musselburgh1518m2$300,000(last sale price)",https://www.realestate.co.nz/property/27a-rewa-street-musselburgh-dunedin-city-otago/8gXF1zJbl
721,37,"Last sold on
      21/12/202471 Driver Street, Purakaunui809m2$205,000(last sale price)",https://www.realestate.co.nz/property/71-driver-street-purakaunui-dunedin-city-otago/6ym6n12q
722,37,"Last sold on
      21/12/20243/667 Great King Street, North Dunedin2$550,000(last sale price)",https://www.realestate.co.nz/property/3-667-great-king-street-north-dunedin-dunedin-city-otago/6rjhn0wmd
723,37,"Last sold on
      20/12/202498 Moana Crescent, Musselburgh42914m2$610,000(last sale price)",https://www.realestate.co.nz/property/98-moana-crescent-musselburgh-dunedin-city-otago/fw34zmwr
724,37,"Last sold on
      20/12/20248 Glendermid Close, Sawyers Bay53701m2$1,040,000(last sale price)",https://www.realestate.co.nz/property/8-glendermid-close-sawyers-bay-dunedin-city-otago/6yhvzx5q
725,37,"Last sold on
      20/12/202439 Tay Street, Mosgiel31768m2$635,000(last sale price)",https://www.realestate.co.nz/property/39-tay-street-mosgiel-dunedin-city-otago/dx30myjs
726,37,"Last sold on
      20/12/202442 Greenhill Avenue, Wakari31878m2$565,000(last sale price)",https://www.realestate.co.nz/property/42-greenhill-avenue-wakari-dunedin-city-otago/yyn25zdr
727,37,"Last sold on
      20/12/202436 Hope Street, Dunedin Central21137m2$449,000(last sale price)",https://www.realestate.co.nz/property/36-hope-street-dunedin-central-dunedin-city-otago/knrvy1nr
728,37,"Last sold on
      20/12/20244B Reid Avenue, Mosgiel1$410,000(last sale price)",https://www.realestate.co.nz/property/4b-reid-avenue-mosgiel-dunedin-city-otago/6blxbwqy
729,37,"Last sold on
      20/12/2024663 Castle Street, North Dunedin52226m2$797,000(last sale price)",https://www.realestate.co.nz/property/663-castle-street-north-dunedin-dunedin-city-otago/b9ftc4rr
730,37,"Last sold on
      20/12/202419 Cross Street, Maryhill41481m2$625,800(last sale price)",https://www.realestate.co.nz/property/19-cross-street-maryhill-dunedin-city-otago/492gg1lr
731,37,"Last sold on
      20/12/202423 Pennant Street, Wakari1549m2$490,000(last sale price)",https://www.realestate.co.nz/property/23-pennant-street-wakari-dunedin-city-otago/9b6t8hfr
732,37,"Last sold on
      20/12/202411 Taylor Street, Brighton42418m2$715,000(last sale price)",https://www.realestate.co.nz/property/11-taylor-street-brighton-dunedin-city-otago/5fbtwkgs
733,37,"Last sold on
      20/12/202460 Parklands Avenue, Mosgiel2$670,000(last sale price)",https://www.realestate.co.nz/property/60-parklands-avenue-mosgiel-dunedin-city-otago/fdkxg7ms
734,37,"Last sold on
      20/12/202412 Northumberland Street, North East Val...31402m2$390,000(last sale price)",https://www.realestate.co.nz/property/12-northumberland-street-north-east-valley-dunedin-city-otago/kgn4x06q
735,37,"Last sold on
      20/12/202442 Ramsay Street, Dalmore41701m2$800,000(last sale price)",https://www.realestate.co.nz/property/42-ramsay-street-dalmore-dunedin-city-otago/yyn25zxzd
736,37,"Last sold on
      20/12/20244 Hanlon Street, Halfway Bush41521m2$588,000(last sale price)",https://www.realestate.co.nz/property/4-hanlon-street-halfway-bush-dunedin-city-otago/9pddp8br
737,37,"Last sold on
      20/12/202410 Trudi Place, Green Island32520m2$1,000,000(last sale price)",https://www.realestate.co.nz/property/10-trudi-place-green-island-dunedin-city-otago/5RJrQbHXk
738,37,"Last sold on
      20/12/2024104 Richardson Street, Saint Kilda32372m2$780,000(last sale price)",https://www.realestate.co.nz/property/104-richardson-street-saint-kilda-dunedin-city-otago/3ss2nk5r
739,37,"Last sold on
      20/12/20245 Nimon Lane, Caversham2258m2$590,000(last sale price)",https://www.realestate.co.nz/property/5-nimon-lane-caversham-dunedin-city-otago/j31PnrhZk
740,38,"Last sold on
      20/12/202463 Easther Crescent, Kew31506m2$552,000(last sale price)",https://www.realestate.co.nz/property/63-easther-crescent-kew-dunedin-city-otago/17qjm0yr
741,38,"Last sold on
      20/12/202451 Mechanic Street, North East Valley41397m2$480,000(last sale price)",https://www.realestate.co.nz/property/51-mechanic-street-north-east-valley-dunedin-city-otago/l45qsb9q
742,38,"Last sold on
      20/12/202426 Allen Road South, Waldronville14.60ha$1,100,000(last sale price)",https://www.realestate.co.nz/property/26-allen-road-south-waldronville-dunedin-city-otago/lj8s4830
743,38,"Last sold on
      20/12/2024123 Harbour Terrace, North Dunedin93405m2$1,400,000(last sale price)",https://www.realestate.co.nz/property/123-harbour-terrace-north-dunedin-dunedin-city-otago/zqpv6rrr
744,38,"Last sold on
      20/12/202436 Wray Street, Brockville41680m2$485,000(last sale price)",https://www.realestate.co.nz/property/36-wray-street-brockville-dunedin-city-otago/16zccyjr
745,38,"Last sold on
      20/12/202422 Glendermid Close, Sawyers Bay32826m2$943,000(last sale price)",https://www.realestate.co.nz/property/22-glendermid-close-sawyers-bay-dunedin-city-otago/b8k9dy5q
746,38,"Last sold on
      20/12/20241034 Lee Stream-outram Road, Outram322.04ha$1,200,000(last sale price)",https://www.realestate.co.nz/property/1034-lee-stream-outram-road-outram-dunedin-city-otago/js7wrths
747,38,"Last sold on
      20/12/20247A Royal Terrace, Dunedin Central32$588,000(last sale price)",https://www.realestate.co.nz/property/7a-royal-terrace-dunedin-central-dunedin-city-otago/86yhvzqr
748,38,"Last sold on
      20/12/20246 Weir Street, Green Island1607m2$500,000(last sale price)",https://www.realestate.co.nz/property/6-weir-street-green-island-dunedin-city-otago/tmvghxbs
749,38,"Last sold on
      20/12/202448 Law Street, Caversham41345m2$345,000(last sale price)",https://www.realestate.co.nz/property/48-law-street-caversham-dunedin-city-otago/063q110r
750,38,"Last sold on
      20/12/20241A Alder Crescent, Mosgiel32294m2$625,000(last sale price)",https://www.realestate.co.nz/property/1a-alder-crescent-mosgiel-dunedin-city-otago/wYyzNP7bl
751,38,"Last sold on
      20/12/202458 Spencer Street, Andersons Bay31830m2$580,000(last sale price)",https://www.realestate.co.nz/property/58-spencer-street-andersons-bay-dunedin-city-otago/lr3nfdwr
752,38,"Last sold on
      20/12/202419 Erin Street, Roslyn32422m2$910,000(last sale price)",https://www.realestate.co.nz/property/19-erin-street-roslyn-dunedin-city-otago/vc0qkhgr
753,38,"Last sold on
      20/12/2024291 Ravensbourne Road, Ravensbourne21544m2$510,000(last sale price)",https://www.realestate.co.nz/property/291-ravensbourne-road-ravensbourne-dunedin-city-otago/gn4x0d6q
754,38,"Last sold on
      20/12/202467 Doon Street, Mosgiel3670m2$680,000(last sale price)",https://www.realestate.co.nz/property/67-doon-street-mosgiel-dunedin-city-otago/r05762ms
755,38,"Last sold on
      20/12/2024210 North Road, North East Valley31769m2$642,000(last sale price)",https://www.realestate.co.nz/property/210-north-road-north-east-valley-dunedin-city-otago/d0l6sd9q
756,38,"Last sold on
      19/12/202417 Littlebourne Road, Roslyn522249m2$853,000(last sale price)",https://www.realestate.co.nz/property/17-littlebourne-road-roslyn-dunedin-city-otago/38bb6yfr
757,38,"Last sold on
      19/12/202415 Castleton Street, Allanton311012m2$545,000(last sale price)",https://www.realestate.co.nz/property/15-castleton-street-allanton-dunedin-city-otago/hcfp4sfs
758,38,"Last sold on
      19/12/2024112 Oakwood Avenue, Balaclava21603m2$510,000(last sale price)",https://www.realestate.co.nz/property/112-oakwood-avenue-balaclava-dunedin-city-otago/ldx30mmr
759,38,"Last sold on
      19/12/202450 Ellesmere Street, Ravensbourne441012m2$849,000(last sale price)",https://www.realestate.co.nz/property/50-ellesmere-street-ravensbourne-dunedin-city-otago/sy9vml6q
760,39,"Last sold on
      19/12/20242/111 Balmacewen Road, Wakari21$515,000(last sale price)",https://www.realestate.co.nz/property/2-111-balmacewen-road-wakari-dunedin-city-otago/tpg4p5wt
761,39,"Last sold on
      19/12/202421 Belford Street, Waverley21749m2$500,000(last sale price)",https://www.realestate.co.nz/property/21-belford-street-waverley-dunedin-city-otago/sl396tsr
762,39,"Last sold on
      19/12/2024193 Evans Street, Opoho421384m2$940,000(last sale price)",https://www.realestate.co.nz/property/193-evans-street-opoho-dunedin-city-otago/gck1tx7q
763,39,"Last sold on
      19/12/202414 Mcglashan Street, Glenleith31660m2$421,000(last sale price)",https://www.realestate.co.nz/property/14-mcglashan-street-glenleith-dunedin-city-otago/qkhjnwbr
764,39,"Last sold on
      19/12/202441 Manapouri Street, Ravensbourne311012m2$540,000(last sale price)",https://www.realestate.co.nz/property/41-manapouri-street-ravensbourne-dunedin-city-otago/z3mkwl6q
765,39,"Last sold on
      19/12/2024327 High Street, Dunedin Central52363m2$180,000(last sale price)",https://www.realestate.co.nz/property/327-high-street-dunedin-central-dunedin-city-otago/9vmlr3nr
766,39,"Last sold on
      19/12/202428 Dornoch Street, Kew11443m2$355,000(last sale price)",https://www.realestate.co.nz/property/28-dornoch-street-kew-dunedin-city-otago/twkvq6yr
767,39,"Last sold on
      19/12/20249B Forfar Street, Mosgiel21201m2$687,000(last sale price)",https://www.realestate.co.nz/property/9b-forfar-street-mosgiel-dunedin-city-otago/J26Fcj9bl
768,39,"Last sold on
      18/12/2024192 Burt Street, Wakari632m2$590,000(last sale price)",https://www.realestate.co.nz/property/192-burt-street-wakari-dunedin-city-otago/ych9s0cr
769,39,"Last sold on
      18/12/202437 Craigleith Street, North East Valley42314m2$557,500(last sale price)",https://www.realestate.co.nz/property/37-craigleith-street-north-east-valley-dunedin-city-otago/0fzlb58q
770,39,"Last sold on
      18/12/202425 Frame Street, North East Valley41264m2$400,000(last sale price)",https://www.realestate.co.nz/property/25-frame-street-north-east-valley-dunedin-city-otago/gm8d268q
771,39,"Last sold on
      18/12/20249 Brunel Street, Mornington21427m2$520,000(last sale price)",https://www.realestate.co.nz/property/9-brunel-street-mornington-dunedin-city-otago/4lk0ydlr
772,39,"Last sold on
      18/12/2024938 Harington Point Road, Harington Poin...221652m2$230,000(last sale price)",https://www.realestate.co.nz/property/938-harington-point-road-harington-point-dunedin-city-otago/g0bhf57r
773,39,"Last sold on
      18/12/202413 Souter Street, Mosgiel41743m2$740,000(last sale price)",https://www.realestate.co.nz/property/13-souter-street-mosgiel-dunedin-city-otago/x5m946js
774,39,"Last sold on
      18/12/202450 Gilkison Street, Halfway Bush31556m2$630,000(last sale price)",https://www.realestate.co.nz/property/50-gilkison-street-halfway-bush-dunedin-city-otago/nsl396br
775,39,"Last sold on
      18/12/202425 Thames Street, Mosgiel31850m2$630,000(last sale price)",https://www.realestate.co.nz/property/25-thames-street-mosgiel-dunedin-city-otago/3gbpjwms
776,39,"Recently sold114 Chain Hills Road, Chain Hills7.47haPrice is not yet confirmed",https://www.realestate.co.nz/property/114-chain-hills-road-chain-hills-dunedin-city-otago/78twfhfs
777,39,"Last sold on
      18/12/202411 Loess Place, Concord737m2$335,000(last sale price)",https://www.realestate.co.nz/property/11-loess-place-concord-dunedin-city-otago/0bVkGLJbl
778,39,"Recently sold267 Tomahawk Road, Ocean Grove21783m2Price is not yet confirmed",https://www.realestate.co.nz/property/267-tomahawk-road-ocean-grove-dunedin-city-otago/dndndn6r
779,39,"Last sold on
      18/12/202415 Delta Drive, Waldronville31838m2$516,000(last sale price)",https://www.realestate.co.nz/property/15-delta-drive-waldronville-dunedin-city-otago/bvmq3sgs
780,40,"Last sold on
      18/12/202434 Seaview Terrace, Kew43934m2$1,650,000(last sale price)",https://www.realestate.co.nz/property/34-seaview-terrace-kew-dunedin-city-otago/0jgshmyr
781,40,"Last sold on
      18/12/2024176 South Road, Caversham51561m2$330,000(last sale price)",https://www.realestate.co.nz/property/176-south-road-caversham-dunedin-city-otago/8twfh1xr
782,40,"Last sold on
      17/12/2024182 Pine Hill Road, Dalmore31849m2$630,000(last sale price)",https://www.realestate.co.nz/property/182-pine-hill-road-dalmore-dunedin-city-otago/4fg5kp9q
783,40,"Last sold on
      17/12/202439 Elliffe Place, Shiel Hill31708m2$755,000(last sale price)",https://www.realestate.co.nz/property/39-elliffe-place-shiel-hill-dunedin-city-otago/dx30mytr
784,40,"Last sold on
      17/12/2024157 Victoria Road, Saint Clair42475m2$980,000(last sale price)",https://www.realestate.co.nz/property/157-victoria-road-saint-clair-dunedin-city-otago/c36qnz5r
785,40,"Last sold on
      17/12/2024133 District Road, Green Island31865m2$556,500(last sale price)",https://www.realestate.co.nz/property/133-district-road-green-island-dunedin-city-otago/cy3w879r
786,40,"Last sold on
      17/12/202444A Newport Street, Belleknowes32584m2$772,000(last sale price)",https://www.realestate.co.nz/property/44a-newport-street-belleknowes-dunedin-city-otago/9c2b7pkr
787,40,"Last sold on
      17/12/2024333 Portobello Road, The Cove64933m2$1,425,000(last sale price)",https://www.realestate.co.nz/property/333-portobello-road-the-cove-dunedin-city-otago/xfcpdj6r
788,40,"Last sold on
      17/12/2024177 Wakari Road, Helensburgh31771m2$617,000(last sale price)",https://www.realestate.co.nz/property/177-wakari-road-helensburgh-dunedin-city-otago/9vmlr3br
789,40,"Last sold on
      17/12/20241046 George Street, North Dunedin51163m2$680,000(last sale price)",https://www.realestate.co.nz/property/1046-george-street-north-dunedin-dunedin-city-otago/333333rr
790,40,"Last sold on
      17/12/2024304 Highcliff Road, Highcliff1809m2$670,000(last sale price)",https://www.realestate.co.nz/property/304-highcliff-road-highcliff-dunedin-city-otago/11r5827r
791,40,"Last sold on
      16/12/2024128 Martin Road, Fairfield211038m2$531,000(last sale price)",https://www.realestate.co.nz/property/128-martin-road-fairfield-dunedin-city-otago/hwvfmdds
792,40,"Last sold on
      16/12/202419 Netherby Street, Kenmure32500m2$700,000(last sale price)",https://www.realestate.co.nz/property/19-netherby-street-kenmure-dunedin-city-otago/TqcJ26gYk
793,40,"Last sold on
      16/12/202443 Hereford Street, Kaikorai53743m2$1,100,000(last sale price)",https://www.realestate.co.nz/property/43-hereford-street-kaikorai-dunedin-city-otago/r05762gr
794,40,"Last sold on
      16/12/202426 Seaton Road, Portobello31660m2$635,000(last sale price)",https://www.realestate.co.nz/property/26-seaton-road-portobello-dunedin-city-otago/mrz9q86r
795,40,"Last sold on
      16/12/202420 Forrester Avenue, Liberton21777m2$435,000(last sale price)",https://www.realestate.co.nz/property/20-forrester-avenue-liberton-dunedin-city-otago/6gylgj7q
796,40,"Last sold on
      16/12/202412 Ventnor Street, Mornington31651m2$775,000(last sale price)",https://www.realestate.co.nz/property/12-ventnor-street-mornington-dunedin-city-otago/lk0ydcmr
797,40,"Last sold on
      16/12/202429 Huntly Road, Outram311012m2$575,000(last sale price)",https://www.realestate.co.nz/property/29-huntly-road-outram-dunedin-city-otago/kl0t1nhs
798,40,"Last sold on
      16/12/20243B Ferntree Drive, Wakari42500m2$900,000(last sale price)",https://www.realestate.co.nz/property/3b-ferntree-drive-wakari-dunedin-city-otago/q11r589pz
799,40,"Recently sold124 Prince Albert Road, Saint Kilda31464m2Price is not yet confirmed",https://www.realestate.co.nz/property/124-prince-albert-road-saint-kilda-dunedin-city-otago/ylgjs74r
800,41,"Recently sold720 Highgate, Maori Hill1959m2Price is not yet confirmed",https://www.realestate.co.nz/property/720-highgate-maori-hill-dunedin-city-otago/8nsl39cr
801,41,"Last sold on
      14/12/2024132 Scott Street, Waverley31615m2$524,000(last sale price)",https://www.realestate.co.nz/property/132-scott-street-waverley-dunedin-city-otago/s0xjvvsr
802,41,"Last sold on
      13/12/202416 Boundary Street, Purakaunui211624m2$693,000(last sale price)",https://www.realestate.co.nz/property/16-boundary-street-purakaunui-dunedin-city-otago/k3flj82q
803,41,"Last sold on
      13/12/202476 Leckhampton Court, The Glen32504m2$560,000(last sale price)",https://www.realestate.co.nz/property/76-leckhampton-court-the-glen-dunedin-city-otago/fn88pjspd
804,41,"Last sold on
      13/12/202410 Larkins Street, Helensburgh31642m2$700,000(last sale price)",https://www.realestate.co.nz/property/10-larkins-street-helensburgh-dunedin-city-otago/b9ftc4br
805,41,"Last sold on
      13/12/202414 Patrick Street, The Glen31491m2$541,000(last sale price)",https://www.realestate.co.nz/property/14-patrick-street-the-glen-dunedin-city-otago/yhvzxnlr
806,41,"Last sold on
      13/12/20249 Pinfold Place, Mosgiel421036m2$1,150,000(last sale price)",https://www.realestate.co.nz/property/9-pinfold-place-mosgiel-dunedin-city-otago/0xjvvkcs
807,41,"Last sold on
      13/12/20247B Dalgety Street, Saint Kilda21469m2$429,000(last sale price)",https://www.realestate.co.nz/property/7b-dalgety-street-saint-kilda-dunedin-city-otago/ppzkgn4r
808,41,"Last sold on
      13/12/202423 Vulcan Road, Waldronville311076m2$668,000(last sale price)",https://www.realestate.co.nz/property/23-vulcan-road-waldronville-dunedin-city-otago/d89k1pgs
809,41,"Last sold on
      13/12/20241 Waldron Crescent, Green Island21607m2$515,000(last sale price)",https://www.realestate.co.nz/property/1-waldron-crescent-green-island-dunedin-city-otago/bvmq3sbs
810,41,"Last sold on
      13/12/202417 Rennie Street, Green Island31728m2$515,000(last sale price)",https://www.realestate.co.nz/property/17-rennie-street-green-island-dunedin-city-otago/sgrm359r
811,41,"Last sold on
      13/12/20241/2 Manor Place, Dunedin Central31$845,000(last sale price)",https://www.realestate.co.nz/property/1-2-manor-place-dunedin-central-dunedin-city-otago/f6f6f6jx
812,41,"Last sold on
      13/12/202429 Brugh Place, Andersons Bay42528m2$990,000(last sale price)",https://www.realestate.co.nz/property/29-brugh-place-andersons-bay-dunedin-city-otago/8c6pxt5lk
813,41,"Last sold on
      13/12/202461 Riselaw Road, Calton Hill31559m2$595,000(last sale price)",https://www.realestate.co.nz/property/61-riselaw-road-calton-hill-dunedin-city-otago/pmcx7czr
814,41,"Last sold on
      13/12/202492E Eglinton Road, Mornington21$412,500(last sale price)",https://www.realestate.co.nz/property/92e-eglinton-road-mornington-dunedin-city-otago/4x0d32xzd
815,41,"Last sold on
      13/12/202412 Sunninghurst Drive, Fairfield321323m2$889,000(last sale price)",https://www.realestate.co.nz/property/12-sunninghurst-drive-fairfield-dunedin-city-otago/hprqlcn8c
816,41,"Last sold on
      12/12/202414 Pretoria Avenue, Saint Clair42482m2$650,000(last sale price)",https://www.realestate.co.nz/property/14-pretoria-avenue-saint-clair-dunedin-city-otago/d6kk494r
817,41,"Last sold on
      12/12/2024221 Pine Hill Road, Dalmore41665m2$501,000(last sale price)",https://www.realestate.co.nz/property/221-pine-hill-road-dalmore-dunedin-city-otago/bk55lfbr
818,41,"Last sold on
      12/12/202413 Epsilon Street, Belleknowes31511m2$653,333(last sale price)",https://www.realestate.co.nz/property/13-epsilon-street-belleknowes-dunedin-city-otago/0ydctrkr
819,41,"Last sold on
      12/12/202437 Formby Street, Outram311005m2$760,000(last sale price)",https://www.realestate.co.nz/property/37-formby-street-outram-dunedin-city-otago/m29b6ths
820,42,"Last sold on
      12/12/202452 Magdala Street, Tainui21491m2$545,000(last sale price)",https://www.realestate.co.nz/property/52-magdala-street-tainui-dunedin-city-otago/762vj3wr
821,42,"Last sold on
      12/12/202423 Rosebery Street, Belleknowes31822m2$800,000(last sale price)",https://www.realestate.co.nz/property/23-rosebery-street-belleknowes-dunedin-city-otago/vvkz2wkr
822,42,"Recently sold82 Panmure Avenue, Calton Hill1976m2Price is not yet confirmed",https://www.realestate.co.nz/property/82-panmure-avenue-calton-hill-dunedin-city-otago/3dq09lzr
823,42,"Last sold on
      12/12/202415 Delphic Street, Sawyers Bay41711m2$537,000(last sale price)",https://www.realestate.co.nz/property/15-delphic-street-sawyers-bay-dunedin-city-otago/kfsmzt5q
824,42,"Last sold on
      12/12/202422 Shetland Street, Wakari31506m2$580,000(last sale price)",https://www.realestate.co.nz/property/22-shetland-street-wakari-dunedin-city-otago/1wjz67fr
825,42,"Last sold on
      12/12/2024318A Tomahawk Road, Ocean Grove31564m2$440,000(last sale price)",https://www.realestate.co.nz/property/318a-tomahawk-road-ocean-grove-dunedin-city-otago/qykl0t6r
826,42,"Last sold on
      12/12/202438 Haywood Street, The Glen31984m2$420,000(last sale price)",https://www.realestate.co.nz/property/38-haywood-street-the-glen-dunedin-city-otago/tdw7hplr
827,42,"Last sold on
      12/12/202460 Marion Street, Macandrew Bay31807m2$850,000(last sale price)",https://www.realestate.co.nz/property/60-marion-street-macandrew-bay-dunedin-city-otago/tqbnnc6r
828,42,"Last sold on
      12/12/20244/68 Orokonui Road, Waitati31$405,000(last sale price)",https://www.realestate.co.nz/property/4-68-orokonui-road-waitati-dunedin-city-otago/pmcx7c81d
829,42,"Last sold on
      12/12/202410 Dornoch Street, Kew32680m2$690,000(last sale price)",https://www.realestate.co.nz/property/10-dornoch-street-kew-dunedin-city-otago/m41c36yr
830,42,"Last sold on
      12/12/202453 David Street, Caversham31304m2$237,500(last sale price)",https://www.realestate.co.nz/property/53-david-street-caversham-dunedin-city-otago/l5xw1d1r
831,42,"Last sold on
      11/12/202438 Mckerrow Street, Shiel Hill31539m2$668,000(last sale price)",https://www.realestate.co.nz/property/38-mckerrow-street-shiel-hill-dunedin-city-otago/xysfw3tr
832,42,"Last sold on
      11/12/2024196 South Road, Caversham31372m2$530,000(last sale price)",https://www.realestate.co.nz/property/196-south-road-caversham-dunedin-city-otago/cq4n90xr
833,42,"Last sold on
      11/12/20242 Watson Street, Green Island31$520,000(last sale price)",https://www.realestate.co.nz/property/2-watson-street-green-island-dunedin-city-otago/36qnzpbs
834,42,"Last sold on
      11/12/202410 Eglinton Road, The Glen31284m2$436,000(last sale price)",https://www.realestate.co.nz/property/10-eglinton-road-the-glen-dunedin-city-otago/grm35vlr
835,42,"Last sold on
      11/12/202448 Tomahawk Road, Andersons Bay32827m2$655,000(last sale price)",https://www.realestate.co.nz/property/48-tomahawk-road-andersons-bay-dunedin-city-otago/d952zwvr
836,42,"Last sold on
      11/12/20241372 Coast Road, Karitane21506m2$440,000(last sale price)",https://www.realestate.co.nz/property/1372-coast-road-karitane-dunedin-city-otago/tvpbs04pz
837,42,"Last sold on
      10/12/202436 Albert Street, Saint Clair41546m2$665,000(last sale price)",https://www.realestate.co.nz/property/36-albert-street-saint-clair-dunedin-city-otago/yf79pd0r
838,42,"Last sold on
      10/12/2024590 Castle Street, North Dunedin72$950,000(last sale price)",https://www.realestate.co.nz/property/590-castle-street-north-dunedin-dunedin-city-otago/lj8s48rr
839,42,"Last sold on
      10/12/202484A Hillary Street, Liberton2787m2$701,000(last sale price)",https://www.realestate.co.nz/property/84a-hillary-street-liberton-dunedin-city-otago/nzptb89q
840,43,"Last sold on
      10/12/2024590A Castle Street, North Dunedin72$950,000(last sale price)",https://www.realestate.co.nz/property/590a-castle-street-north-dunedin-dunedin-city-otago/9r4dlndm1
841,43,"Last sold on
      10/12/202486 Bay View Road, South Dunedin31197m2$487,000(last sale price)",https://www.realestate.co.nz/property/86-bay-view-road-south-dunedin-dunedin-city-otago/ghxqyk2r
842,43,"Last sold on
      10/12/202487A Main Road, Fairfield21$415,000(last sale price)",https://www.realestate.co.nz/property/87a-main-road-fairfield-dunedin-city-otago/1tx9zzds
843,43,"Last sold on
      10/12/202420 Hood Street, Wakari41450m2$680,000(last sale price)",https://www.realestate.co.nz/property/20-hood-street-wakari-dunedin-city-otago/nw6m5shr
844,43,"Last sold on
      10/12/202428 Nelson Street, Forbury41438m2$392,500(last sale price)",https://www.realestate.co.nz/property/28-nelson-street-forbury-dunedin-city-otago/tsy9vm1r
845,43,"Recently sold206 Gladstone Road, Dalmore21652m2Price is not yet confirmed",https://www.realestate.co.nz/property/206-gladstone-road-dalmore-dunedin-city-otago/mgdfks9q
846,43,"Last sold on
      10/12/20246A Berwick Street, Mosgiel22216m2$675,000(last sale price)",https://www.realestate.co.nz/property/6a-berwick-street-mosgiel-dunedin-city-otago/lZmHDY7bl
847,43,"Last sold on
      09/12/202420 Cosy Dell Road, North Dunedin21590m2$310,000(last sale price)",https://www.realestate.co.nz/property/20-cosy-dell-road-north-dunedin-dunedin-city-otago/hkd1gqrr
848,43,"Last sold on
      09/12/202453A Grove Street, Saint Kilda21$442,000(last sale price)",https://www.realestate.co.nz/property/53a-grove-street-saint-kilda-dunedin-city-otago/4h2tsy3r
849,43,"Last sold on
      09/12/202448 Wesley Street, South Dunedin11186m2$305,000(last sale price)",https://www.realestate.co.nz/property/48-wesley-street-south-dunedin-dunedin-city-otago/w28gpw1r
850,43,"Last sold on
      09/12/20247 Westland Street, Green Island31554m2$225,000(last sale price)",https://www.realestate.co.nz/property/7-westland-street-green-island-dunedin-city-otago/q80z4hbs
851,43,"Last sold on
      09/12/202433 Jackson Street, Saint Kilda1373m2$330,000(last sale price)",https://www.realestate.co.nz/property/33-jackson-street-saint-kilda-dunedin-city-otago/r1xdh54r
852,43,"Last sold on
      09/12/202430 Beach Street, Waikouaiti211012m2$440,000(last sale price)",https://www.realestate.co.nz/property/30-beach-street-waikouaiti-dunedin-city-otago/9xcmnh4q
853,43,"Last sold on
      09/12/202418 Argyle Street, Mornington21$490,000(last sale price)",https://www.realestate.co.nz/property/18-argyle-street-mornington-dunedin-city-otago/6t44v8lr
854,43,"Last sold on
      09/12/20243 Carlyle Road, Mosgiel32518m2$722,500(last sale price)",https://www.realestate.co.nz/property/3-carlyle-road-mosgiel-dunedin-city-otago/1c36qnks
855,43,"Last sold on
      09/12/20247 Viscount Road, Waldronville52856m2$715,000(last sale price)",https://www.realestate.co.nz/property/7-viscount-road-waldronville-dunedin-city-otago/4v8c6pgs
856,43,"Last sold on
      07/12/2024339 Highgate, Roslyn41931m2$1,200,000(last sale price)",https://www.realestate.co.nz/property/339-highgate-roslyn-dunedin-city-otago/ym6n19fr
857,43,"Last sold on
      07/12/2024211 Forbury Road, Saint Clair32602m2$1,120,000(last sale price)",https://www.realestate.co.nz/property/211-forbury-road-saint-clair-dunedin-city-otago/kmwb0v5r
858,43,"Last sold on
      06/12/202412A Green Street, Mosgiel21444m2$650,300(last sale price)",https://www.realestate.co.nz/property/12a-green-street-mosgiel-dunedin-city-otago/9lx6htls
859,43,"Last sold on
      06/12/202420 Turnbull Street, Brockville31673m2$590,000(last sale price)",https://www.realestate.co.nz/property/20-turnbull-street-brockville-dunedin-city-otago/kxg75bkr
860,44,"Last sold on
      06/12/202432 Bank Road, Warrington32361m2$640,000(last sale price)",https://www.realestate.co.nz/property/32-bank-road-warrington-dunedin-city-otago/8c6pxt1q
861,44,"Last sold on
      06/12/202418 Northview Crescent, Belleknowes21450m2$584,000(last sale price)",https://www.realestate.co.nz/property/18-northview-crescent-belleknowes-dunedin-city-otago/mcx7cbhr
862,44,"Last sold on
      06/12/202411 Quarry Road, Mosgiel31908m2$520,000(last sale price)",https://www.realestate.co.nz/property/11-quarry-road-mosgiel-dunedin-city-otago/43zrf0ks
863,44,"Last sold on
      06/12/202457 Lees Street, Dunedin Central31551m2$695,000(last sale price)",https://www.realestate.co.nz/property/57-lees-street-dunedin-central-dunedin-city-otago/shm41cpr
864,44,"Last sold on
      06/12/202471 Thomas Street, Waikouaiti311012m2$325,000(last sale price)",https://www.realestate.co.nz/property/71-thomas-street-waikouaiti-dunedin-city-otago/q74g693q
865,44,"Last sold on
      06/12/202440 Ainslee Place, North East Valley31754m2$550,000(last sale price)",https://www.realestate.co.nz/property/40-ainslee-place-north-east-valley-dunedin-city-otago/mcx7cb7q
866,44,"Last sold on
      06/12/202428 Columba Avenue, Calton Hill21716m2$500,000(last sale price)",https://www.realestate.co.nz/property/28-columba-avenue-calton-hill-dunedin-city-otago/35v40hzr
867,44,"Last sold on
      06/12/202439 Stirling Crescent, Mosgiel21606m2$508,500(last sale price)",https://www.realestate.co.nz/property/39-stirling-crescent-mosgiel-dunedin-city-otago/5n5n5njs
868,44,"Last sold on
      06/12/202415 Anderton Crescent, Mosgiel32501m2$1,035,000(last sale price)",https://www.realestate.co.nz/property/15-anderton-crescent-mosgiel-dunedin-city-otago/zccy3wxgk
869,44,"Last sold on
      06/12/20241B Mulberry Lane, Bradford31567m2$545,000(last sale price)",https://www.realestate.co.nz/property/1b-mulberry-lane-bradford-dunedin-city-otago/srbj9njr
870,44,"Last sold on
      06/12/202475 Glenelg Street, Bradford31599m2$620,000(last sale price)",https://www.realestate.co.nz/property/75-glenelg-street-bradford-dunedin-city-otago/h9s0xjjr
871,44,"Last sold on
      06/12/2024191 Big Stone Road, Brighton436.61ha$980,000(last sale price)",https://www.realestate.co.nz/property/191-big-stone-road-brighton-dunedin-city-otago/h65g2ygs
872,44,"Last sold on
      06/12/2024146 Queen Street, North Dunedin104540m2$1,270,000(last sale price)",https://www.realestate.co.nz/property/146-queen-street-north-dunedin-dunedin-city-otago/jk8nslsr
873,44,"Last sold on
      06/12/2024343 Ravensbourne Road, Maia311927m2$570,000(last sale price)",https://www.realestate.co.nz/property/343-ravensbourne-road-maia-dunedin-city-otago/d6kk495q
874,44,"Last sold on
      06/12/2024156 Victoria Road, Saint Clair21273m2$600,000(last sale price)",https://www.realestate.co.nz/property/156-victoria-road-saint-clair-dunedin-city-otago/sty5hy5r
875,44,"Last sold on
      06/12/202459 Cherry Drive, Mosgiel31670m2$690,000(last sale price)",https://www.realestate.co.nz/property/59-cherry-drive-mosgiel-dunedin-city-otago/yxsk7sms
876,44,"Last sold on
      06/12/2024190B Bay View Road, South Dunedin21$365,000(last sale price)",https://www.realestate.co.nz/property/190b-bay-view-road-south-dunedin-dunedin-city-otago/dkxg752r
877,44,"Last sold on
      06/12/2024168 Shetland Street, Wakari11167m2$215,000(last sale price)",https://www.realestate.co.nz/property/168-shetland-street-wakari-dunedin-city-otago/lq74g6dr
878,44,"Last sold on
      06/12/202412A Cedar Crescent, Mosgiel21$550,000(last sale price)",https://www.realestate.co.nz/property/12a-cedar-crescent-mosgiel-dunedin-city-otago/sk7s8mns
879,44,"Last sold on
      05/12/20244 Grant Street, Dunedin Central32506m2$675,000(last sale price)",https://www.realestate.co.nz/property/4-grant-street-dunedin-central-dunedin-city-otago/swp6dbqr
880,45,"Last sold on
      05/12/20244 Grant Street, Dunedin Central32506m2$675,000(last sale price)",https://www.realestate.co.nz/property/4-grant-street-dunedin-central-dunedin-city-otago/swp6dbqr
881,45,"Last sold on
      05/12/20244/84 Warrender Street, North Dunedin21$399,000(last sale price)",https://www.realestate.co.nz/property/4-84-warrender-street-north-dunedin-dunedin-city-otago/z10wnbwz
882,45,"Last sold on
      05/12/202418 Felix Street, North East Valley11293m2$325,000(last sale price)",https://www.realestate.co.nz/property/18-felix-street-north-east-valley-dunedin-city-otago/5kph066q
883,45,"Last sold on
      05/12/20247 Kinvig Street, Andersons Bay31604m2$772,000(last sale price)",https://www.realestate.co.nz/property/7-kinvig-street-andersons-bay-dunedin-city-otago/6v0ntgvr
884,45,"Last sold on
      05/12/202419A Rutherford Street, Caversham11$379,000(last sale price)",https://www.realestate.co.nz/property/19a-rutherford-street-caversham-dunedin-city-otago/bk55lfyr
885,45,"Last sold on
      05/12/20242 Emerson Street, Concord21506m2$321,500(last sale price)",https://www.realestate.co.nz/property/2-emerson-street-concord-dunedin-city-otago/wtk3fl9r
886,45,"Last sold on
      05/12/202433 Tyne Street, Mosgiel31688m2$575,500(last sale price)",https://www.realestate.co.nz/property/33-tyne-street-mosgiel-dunedin-city-otago/762vj3js
887,45,"Last sold on
      05/12/202412A Gladstone Road North, Mosgiel42430m2$850,000(last sale price)",https://www.realestate.co.nz/property/12a-gladstone-road-north-mosgiel-dunedin-city-otago/jrcdtm9v
888,45,"Last sold on
      05/12/202415 Newport Street, Belleknowes21599m2$500,000(last sale price)",https://www.realestate.co.nz/property/15-newport-street-belleknowes-dunedin-city-otago/zjl45qkr
889,45,"Last sold on
      05/12/202460 Queen Street, North Dunedin32835m2$775,000(last sale price)",https://www.realestate.co.nz/property/60-queen-street-north-dunedin-dunedin-city-otago/52zwsprr
890,45,"Last sold on
      05/12/2024203 Dalziel Road, Brockville31642m2$595,000(last sale price)",https://www.realestate.co.nz/property/203-dalziel-road-brockville-dunedin-city-otago/wq2x83jr
891,45,"Last sold on
      04/12/202424 Downes Road, Roseneath1769m2$625,000(last sale price)",https://www.realestate.co.nz/property/24-downes-road-roseneath-dunedin-city-otago/50c7kf5q
892,45,"Last sold on
      04/12/2024116 Maryhill Terrace, Maryhill31698m2$580,000(last sale price)",https://www.realestate.co.nz/property/116-maryhill-terrace-maryhill-dunedin-city-otago/6xrpqvmr
893,45,"Last sold on
      04/12/202471 Spottiswoode Street, Tainui521234m2$1,255,000(last sale price)",https://www.realestate.co.nz/property/71-spottiswoode-street-tainui-dunedin-city-otago/s0xjvvvr
894,45,"Last sold on
      04/12/20246 Mellay Mews, Mosgiel32620m2$905,000(last sale price)",https://www.realestate.co.nz/property/6-mellay-mews-mosgiel-dunedin-city-otago/5jtz10xlk
895,45,"Last sold on
      04/12/20243/300B Princes Street, Dunedin Central2$520,000(last sale price)",https://www.realestate.co.nz/property/3-300b-princes-street-dunedin-central-dunedin-city-otago/2r1xdhjy
896,45,"Last sold on
      04/12/202424 Peter Street, Caversham31304m2$469,500(last sale price)",https://www.realestate.co.nz/property/24-peter-street-caversham-dunedin-city-otago/9nn7d6xr
897,45,"Last sold on
      04/12/2024157 Queen Street, North Dunedin52675m2$660,000(last sale price)",https://www.realestate.co.nz/property/157-queen-street-north-dunedin-dunedin-city-otago/5762vjsr
898,45,"Last sold on
      04/12/202436 Cottle Street, Normanby315.41ha$850,000(last sale price)",https://www.realestate.co.nz/property/36-cottle-street-normanby-dunedin-city-otago/jrcdtm7q
899,45,"Last sold on
      04/12/202475 Wickliffe Terrace, Port Chalmers211128m2$505,000(last sale price)",https://www.realestate.co.nz/property/75-wickliffe-terrace-port-chalmers-dunedin-city-otago/yzjl454q
900,46,"Last sold on
      04/12/202457A Viscount Road, Waldronville52481m2$780,640(last sale price)",https://www.realestate.co.nz/property/57a-viscount-road-waldronville-dunedin-city-otago/y4ksqtQXk
901,46,"Last sold on
      04/12/202484 Reservoir Road, Sawyers Bay31931m2$480,000(last sale price)",https://www.realestate.co.nz/property/84-reservoir-road-sawyers-bay-dunedin-city-otago/86yhvz5q
902,46,"Last sold on
      04/12/202441 Skibo Street, Kew21766m2$520,000(last sale price)",https://www.realestate.co.nz/property/41-skibo-street-kew-dunedin-city-otago/1gqrl7yr
903,46,"Last sold on
      03/12/2024272 Highgate, Roslyn33311m2$1,385,000(last sale price)",https://www.realestate.co.nz/property/272-highgate-roslyn-dunedin-city-otago/rjhn0kgr
904,46,"Last sold on
      03/12/202413 Egmont Street, Liberton32921m2$473,000(last sale price)",https://www.realestate.co.nz/property/13-egmont-street-liberton-dunedin-city-otago/lr3nfdbr
905,46,"Last sold on
      03/12/20249 Corunna Street, Saint Kilda31405m2$570,000(last sale price)",https://www.realestate.co.nz/property/9-corunna-street-saint-kilda-dunedin-city-otago/m0ppzk5r
906,46,"Last sold on
      03/12/2024275 Hillhead Road, Corstorphine422.17ha$1,700,000(last sale price)",https://www.realestate.co.nz/property/275-hillhead-road-corstorphine-dunedin-city-otago/hhsc8ffs
907,46,"Last sold on
      03/12/202419 Thames Street, Mosgiel31850m2$770,000(last sale price)",https://www.realestate.co.nz/property/19-thames-street-mosgiel-dunedin-city-otago/nxysfwms
908,46,"Last sold on
      03/12/2024122 Frederick Street, North Dunedin51228m2$650,000(last sale price)",https://www.realestate.co.nz/property/122-frederick-street-north-dunedin-dunedin-city-otago/8bb6ymqr
909,46,"Last sold on
      03/12/20249 Fortune Street, Dalmore31503m2$620,000(last sale price)",https://www.realestate.co.nz/property/9-fortune-street-dalmore-dunedin-city-otago/lfn88p9q
910,46,"Last sold on
      03/12/202414 Owhiro Avenue, Mosgiel42617m2$1,135,000(last sale price)",https://www.realestate.co.nz/property/14-owhiro-avenue-mosgiel-dunedin-city-otago/ww5rnv5lk
911,46,"Last sold on
      03/12/202428 Lees Street, Dunedin Central21181m2$465,000(last sale price)",https://www.realestate.co.nz/property/28-lees-street-dunedin-central-dunedin-city-otago/xznyt9nr
912,46,"Last sold on
      03/12/2024802 Cumberland Street, North Dunedin52232m2$875,000(last sale price)",https://www.realestate.co.nz/property/802-cumberland-street-north-dunedin-dunedin-city-otago/4rs607qr
913,46,"Last sold on
      03/12/202435C Factory Road, Mosgiel21147m2$545,000(last sale price)",https://www.realestate.co.nz/property/35c-factory-road-mosgiel-dunedin-city-otago/bbbb5yLYk
914,46,"Last sold on
      03/12/2024165 Easther Crescent, Kew311085m2$580,000(last sale price)",https://www.realestate.co.nz/property/165-easther-crescent-kew-dunedin-city-otago/tfrrgwyr
915,46,"Last sold on
      03/12/20247 Torr Street, Vauxhall31511m2$590,000(last sale price)",https://www.realestate.co.nz/property/7-torr-street-vauxhall-dunedin-city-otago/fzlb52sr
916,46,"Last sold on
      03/12/2024133 Middleton Road, Corstorphine21670m2$452,000(last sale price)",https://www.realestate.co.nz/property/133-middleton-road-corstorphine-dunedin-city-otago/yjqhwvyr
917,46,"Last sold on
      03/12/2024300 Tirohanga Road, North Taieri432ha$1,200,000(last sale price)",https://www.realestate.co.nz/property/300-tirohanga-road-north-taieri-dunedin-city-otago/bj9nn7gs
918,46,"Last sold on
      03/12/20246B Arney Street, South Dunedin21$349,000(last sale price)",https://www.realestate.co.nz/property/6b-arney-street-south-dunedin-dunedin-city-otago/qhwvfm2r
919,46,"Last sold on
      03/12/202435 Rawhiti Street, Musselburgh31809m2$520,000(last sale price)",https://www.realestate.co.nz/property/35-rawhiti-street-musselburgh-dunedin-city-otago/sy9vmlwr
920,47,"Last sold on
      03/12/202410 Nelson Street, Forbury21253m2$380,000(last sale price)",https://www.realestate.co.nz/property/10-nelson-street-forbury-dunedin-city-otago/r4dlnm1r
921,47,"Last sold on
      03/12/202414 Chambers Street, North East Valley62749m2$775,000(last sale price)",https://www.realestate.co.nz/property/14-chambers-street-north-east-valley-dunedin-city-otago/gldx308q
922,47,"Last sold on
      03/12/202419 Titan Street, North Dunedin2201m2$1,153,000(last sale price)",https://www.realestate.co.nz/property/19-titan-street-north-dunedin-dunedin-city-otago/2b7psgsr
923,47,"Last sold on
      03/12/20242/27 Saint Albans Street, Bradford51$700,000(last sale price)",https://www.realestate.co.nz/property/2-27-saint-albans-street-bradford-dunedin-city-otago/000000l7c
924,47,"Last sold on
      03/12/202425 Shortland Street, Caversham31412m2$217,500(last sale price)",https://www.realestate.co.nz/property/25-shortland-street-caversham-dunedin-city-otago/rz9q8wxr
925,47,"Last sold on
      03/12/2024858 Brighton Road, Ocean View1507m2$555,000(last sale price)",https://www.realestate.co.nz/property/858-brighton-road-ocean-view-dunedin-city-otago/q68y73fs
926,47,"Last sold on
      02/12/202439 Bayfield Road, Andersons Bay31779m2$725,000(last sale price)",https://www.realestate.co.nz/property/39-bayfield-road-andersons-bay-dunedin-city-otago/g3tnlmvr
927,47,"Last sold on
      02/12/2024480 Riccarton Road West, Mosgiel322.00ha$1,150,000(last sale price)",https://www.realestate.co.nz/property/480-riccarton-road-west-mosgiel-dunedin-city-otago/wyxsk7yzd
928,47,"Last sold on
      02/12/202481 Cannington Road, Maori Hill31632m2$902,000(last sale price)",https://www.realestate.co.nz/property/81-cannington-road-maori-hill-dunedin-city-otago/twkvq6cr
929,47,"Last sold on
      02/12/20242 Sunninghurst Drive, Fairfield32768m2$850,000(last sale price)",https://www.realestate.co.nz/property/2-sunninghurst-drive-fairfield-dunedin-city-otago/0gv38bn8c
930,47,"Last sold on
      02/12/202492 Fawcett Street, South Dunedin1283m2$401,500(last sale price)",https://www.realestate.co.nz/property/92-fawcett-street-south-dunedin-dunedin-city-otago/t8hkd12r
931,47,"Last sold on
      01/12/202418 Hocken Street, Kenmure31690m2$610,000(last sale price)",https://www.realestate.co.nz/property/18-hocken-street-kenmure-dunedin-city-otago/5yrkc5mr
932,47,"Last sold on
      29/11/202421 Skibo Street, Kew311357m2$834,000(last sale price)",https://www.realestate.co.nz/property/21-skibo-street-kew-dunedin-city-otago/jpmcx7yr
933,47,"Last sold on
      29/11/202425 Silverton Street, Andersons Bay31455m2$470,000(last sale price)",https://www.realestate.co.nz/property/25-silverton-street-andersons-bay-dunedin-city-otago/z2wdmjvr
934,47,"Last sold on
      29/11/202426 Alexander Street, Abbotsford21763m2$520,250(last sale price)",https://www.realestate.co.nz/property/26-alexander-street-abbotsford-dunedin-city-otago/xmb1qf9r
935,47,"Last sold on
      29/11/2024209 Gladstone Road North, Mosgiel321053m2$777,450(last sale price)",https://www.realestate.co.nz/property/209-gladstone-road-north-mosgiel-dunedin-city-otago/qj8sknNXk
936,47,"Last sold on
      29/11/202420 Miller Street, Green Island42770m2$920,000(last sale price)",https://www.realestate.co.nz/property/20-miller-street-green-island-dunedin-city-otago/d32czvbs
937,47,"Recently sold730 Highgate, Maori Hill32415m2Price is not yet confirmed",https://www.realestate.co.nz/property/730-highgate-maori-hill-dunedin-city-otago/nlmrz9cr
938,47,"Last sold on
      29/11/2024203 Gladstone Road North, Mosgiel31446m2$505,000(last sale price)",https://www.realestate.co.nz/property/203-gladstone-road-north-mosgiel-dunedin-city-otago/9zz8vr9v
939,47,"Last sold on
      29/11/202455B Council Street, Saint Kilda21371m2$390,000(last sale price)",https://www.realestate.co.nz/property/55b-council-street-saint-kilda-dunedin-city-otago/0d32cz4r
940,48,"Last sold on
      29/11/202440 Ventnor Street, Mornington31508m2$545,000(last sale price)",https://www.realestate.co.nz/property/40-ventnor-street-mornington-dunedin-city-otago/3rxkqcmr
941,48,"Last sold on
      29/11/202490 Passmore Crescent, Maori Hill42535m2$1,325,000(last sale price)",https://www.realestate.co.nz/property/90-passmore-crescent-maori-hill-dunedin-city-otago/nsl396cr
942,48,"Last sold on
      28/11/202434A Hawthorn Avenue, Mornington31562m2$875,000(last sale price)",https://www.realestate.co.nz/property/34a-hawthorn-avenue-mornington-dunedin-city-otago/8d26v0kr
943,48,"Last sold on
      28/11/202419B Queens Drive, Saint Kilda21300m2$670,000(last sale price)",https://www.realestate.co.nz/property/19b-queens-drive-saint-kilda-dunedin-city-otago/v5w0jg4r
944,48,"Last sold on
      28/11/202420 Flower Street, Fairfield42874m2$790,000(last sale price)",https://www.realestate.co.nz/property/20-flower-street-fairfield-dunedin-city-otago/h8xhzbds
945,48,"Last sold on
      28/11/202426 Wesley Street, South Dunedin3341m2$395,000(last sale price)",https://www.realestate.co.nz/property/26-wesley-street-south-dunedin-dunedin-city-otago/d32czv1r
946,48,"Last sold on
      28/11/202447 Huntly Road, Outram423241m2$1,030,000(last sale price)",https://www.realestate.co.nz/property/47-huntly-road-outram-dunedin-city-otago/ks3j2phs
947,48,"Last sold on
      28/11/2024136 Larnach Road, Waverley31882m2$663,500(last sale price)",https://www.realestate.co.nz/property/136-larnach-road-waverley-dunedin-city-otago/p4snqzsr
948,48,"Last sold on
      28/11/2024249 York Place, Dunedin Central21164m2$555,000(last sale price)",https://www.realestate.co.nz/property/249-york-place-dunedin-central-dunedin-city-otago/ylgjs7pr
949,48,"Last sold on
      28/11/202424 Braeview Crescent, Maori Hill411455m2$775,000(last sale price)",https://www.realestate.co.nz/property/24-braeview-crescent-maori-hill-dunedin-city-otago/yn25zhbr
950,48,"Last sold on
      27/11/20247 Braid Road, Dunedin Central51347m2$290,000(last sale price)",https://www.realestate.co.nz/property/7-braid-road-dunedin-central-dunedin-city-otago/6t44v8pr
951,48,"Last sold on
      27/11/20244 Kohi Place, Port Chalmers41508m2$555,000(last sale price)",https://www.realestate.co.nz/property/4-kohi-place-port-chalmers-dunedin-city-otago/k0ydct4q
952,48,"Last sold on
      27/11/202417 Woodhaugh Street, Woodhaugh31348m2$430,000(last sale price)",https://www.realestate.co.nz/property/17-woodhaugh-street-woodhaugh-dunedin-city-otago/qjm0ppbr
953,48,"Last sold on
      27/11/202434 Caldwell Street, Brockville31936m2$559,000(last sale price)",https://www.realestate.co.nz/property/34-caldwell-street-brockville-dunedin-city-otago/0ntgm8jr
954,48,"Last sold on
      27/11/2024161A Victoria Road, Saint Clair42735m2$1,100,000(last sale price)",https://www.realestate.co.nz/property/161a-victoria-road-saint-clair-dunedin-city-otago/tnlmrz5r
955,48,"Last sold on
      27/11/202413 Crown Street, North East Valley41402m2$410,000(last sale price)",https://www.realestate.co.nz/property/13-crown-street-north-east-valley-dunedin-city-otago/prqlc16q
956,48,"Last sold on
      27/11/2024102 Beach Road, Purakaunui21810m2$470,000(last sale price)",https://www.realestate.co.nz/property/102-beach-road-purakaunui-dunedin-city-otago/6cgf912q
957,48,"Last sold on
      27/11/202410 John Street, Abbotsford311012m2$335,000(last sale price)",https://www.realestate.co.nz/property/10-john-street-abbotsford-dunedin-city-otago/mh8xhz8r
958,48,"Last sold on
      27/11/202426 Lees Street, Dunedin Central41187m2$370,000(last sale price)",https://www.realestate.co.nz/property/26-lees-street-dunedin-central-dunedin-city-otago/1hgxv9nr
959,48,"Last sold on
      27/11/2024146 Fitzroy Street, Forbury31638m2$500,000(last sale price)",https://www.realestate.co.nz/property/146-fitzroy-street-forbury-dunedin-city-otago/s3j2pf1r
960,49,"Last sold on
      27/11/20245 Nairn Street, Mosgiel31749m2$607,500(last sale price)",https://www.realestate.co.nz/property/5-nairn-street-mosgiel-dunedin-city-otago/qwyxskjs
961,49,"Last sold on
      27/11/202436 Carlyle Road, Mosgiel31601m2$575,000(last sale price)",https://www.realestate.co.nz/property/36-carlyle-road-mosgiel-dunedin-city-otago/pjrcdtks
962,49,"Last sold on
      27/11/2024186 Scott Street, Waverley21478m2$590,000(last sale price)",https://www.realestate.co.nz/property/186-scott-street-waverley-dunedin-city-otago/ht3dq0sr
963,49,"Last sold on
      27/11/202416 Mary Street, Port Chalmers31954m2$479,000(last sale price)",https://www.realestate.co.nz/property/16-mary-street-port-chalmers-dunedin-city-otago/knrvy14q
964,49,"Last sold on
      27/11/202454/61 North Road, North East Valley11$477,000(last sale price)",https://www.realestate.co.nz/property/54-61-north-road-north-east-valley-dunedin-city-otago/w0jgsh81d
965,49,"Last sold on
      26/11/202441 Main Road, Fairfield21501m2$770,000(last sale price)",https://www.realestate.co.nz/property/41-main-road-fairfield-dunedin-city-otago/t8hkd1ds
966,49,"Last sold on
      26/11/202460 Bell Street, Outram318997m2$950,000(last sale price)",https://www.realestate.co.nz/property/60-bell-street-outram-dunedin-city-otago/q4n90vhs
967,49,"Last sold on
      26/11/202468 Otakou Golf Course Road, Harington Po...311125m2$289,000(last sale price)",https://www.realestate.co.nz/property/68-otakou-golf-course-road-harington-point-dunedin-city-otago/856blx6x
968,49,"Last sold on
      26/11/2024109C Prince Albert Road, Saint Kilda21$555,000(last sale price)",https://www.realestate.co.nz/property/109c-prince-albert-road-saint-kilda-dunedin-city-otago/5p153v3r
969,49,"Last sold on
      26/11/20243A Quarry Road, Green Island465m2$150,000(last sale price)",https://www.realestate.co.nz/property/3a-quarry-road-green-island-dunedin-city-otago/wx18l19r
970,49,"Last sold on
      26/11/2024106 Maryhill Terrace, Maryhill21513m2$690,000(last sale price)",https://www.realestate.co.nz/property/106-maryhill-terrace-maryhill-dunedin-city-otago/s0xjvvmr
971,49,"Last sold on
      26/11/202461 Harrington Street, Port Chalmers31379m2$472,500(last sale price)",https://www.realestate.co.nz/property/61-harrington-street-port-chalmers-dunedin-city-otago/czv1jb5q
972,49,"Last sold on
      26/11/202466 Tirohanga Road, North Taieri422ha$1,830,000(last sale price)",https://www.realestate.co.nz/property/66-tirohanga-road-north-taieri-dunedin-city-otago/5xw1dzcs
973,49,"Last sold on
      26/11/2024108 Reservoir Road, Sawyers Bay414047m2$420,000(last sale price)",https://www.realestate.co.nz/property/108-reservoir-road-sawyers-bay-dunedin-city-otago/jm0ppz5q
974,49,"Last sold on
      26/11/20242 Densem Street, Portobello31849m2$527,000(last sale price)",https://www.realestate.co.nz/property/2-densem-street-portobello-dunedin-city-otago/nzptb86r
975,49,"Last sold on
      26/11/202481 Martin Road, Fairfield31809m2$700,000(last sale price)",https://www.realestate.co.nz/property/81-martin-road-fairfield-dunedin-city-otago/p78twfds
976,49,"Last sold on
      26/11/202412 Severn Street, Green Island31726m2$453,000(last sale price)",https://www.realestate.co.nz/property/12-severn-street-green-island-dunedin-city-otago/2tsy9vbs
977,49,"Last sold on
      26/11/202431 Mataora Road, Kenmure31435m2$427,500(last sale price)",https://www.realestate.co.nz/property/31-mataora-road-kenmure-dunedin-city-otago/gm8d26kr
978,49,"Recently sold115 Waipori Falls Road, Berwick Forest57114m2Price is not yet confirmed",https://www.realestate.co.nz/property/115-waipori-falls-road-berwick-forest-dunedin-city-otago/hxqyklzzd
979,49,"Last sold on
      25/11/2024290 Helensburgh Road, Helensburgh334800m2$835,000(last sale price)",https://www.realestate.co.nz/property/290-helensburgh-road-helensburgh-dunedin-city-otago/ghxqykcr
980,50,"Last sold on
      25/11/202456 Hall Road, Sawyers Bay31378m2$580,000(last sale price)",https://www.realestate.co.nz/property/56-hall-road-sawyers-bay-dunedin-city-otago/27l5xw5q
981,50,"Last sold on
      25/11/2024174 Chain Hills Road, Chain Hills22.20ha$930,000(last sale price)",https://www.realestate.co.nz/property/174-chain-hills-road-chain-hills-dunedin-city-otago/sqg0bhfs
982,50,"Last sold on
      25/11/202429B Butler Street, Maori Hill21754m2$799,000(last sale price)",https://www.realestate.co.nz/property/29b-butler-street-maori-hill-dunedin-city-otago/js7wrtdr
983,50,"Last sold on
      25/11/20246 Silverdale Place, Mosgiel3665m2$1,235,000(last sale price)",https://www.realestate.co.nz/property/6-silverdale-place-mosgiel-dunedin-city-otago/lZmHDpNXk
984,50,"Last sold on
      25/11/202418 Atkinson Street, South Dunedin22451m2$510,000(last sale price)",https://www.realestate.co.nz/property/18-atkinson-street-south-dunedin-dunedin-city-otago/fyqt6w2r
985,50,"Last sold on
      25/11/202420A Fairview Terrace, Sawyers Bay421772m2$875,000(last sale price)",https://www.realestate.co.nz/property/20a-fairview-terrace-sawyers-bay-dunedin-city-otago/y4mfjx5q
986,50,"Last sold on
      24/11/202435 Edith Street, Fairfield31647m2$675,000(last sale price)",https://www.realestate.co.nz/property/35-edith-street-fairfield-dunedin-city-otago/7jk8nsds
987,50,"Last sold on
      23/11/202420 Hunt Street, Andersons Bay33728m2$775,000(last sale price)",https://www.realestate.co.nz/property/20-hunt-street-andersons-bay-dunedin-city-otago/8twfh1vr
988,50,"Last sold on
      23/11/20247 Loess Place, Concord643m2$350,000(last sale price)",https://www.realestate.co.nz/property/7-loess-place-concord-dunedin-city-otago/hRPhlrKbl
989,50,"Last sold on
      22/11/202491 Cannington Road, Maori Hill321012m2$1,535,000(last sale price)",https://www.realestate.co.nz/property/91-cannington-road-maori-hill-dunedin-city-otago/khjnw6cr
990,50,"Last sold on
      22/11/202469 High Street, Mosgiel32583m2$600,000(last sale price)",https://www.realestate.co.nz/property/69-high-street-mosgiel-dunedin-city-otago/jbfthhns
991,50,"Last sold on
      22/11/20245 Paisley Avenue, North East Valley41235m2$300,000(last sale price)",https://www.realestate.co.nz/property/5-paisley-avenue-north-east-valley-dunedin-city-otago/w4w4w46q
992,50,"Last sold on
      22/11/202426 Henry Street, Maori Hill31521m2$707,000(last sale price)",https://www.realestate.co.nz/property/26-henry-street-maori-hill-dunedin-city-otago/0wnbxcdr
993,50,"Last sold on
      22/11/2024108 Gladstone Road North, Mosgiel41928m2$590,000(last sale price)",https://www.realestate.co.nz/property/108-gladstone-road-north-mosgiel-dunedin-city-otago/qjm0pp9v
994,50,"Last sold on
      22/11/2024815 Brighton Road, Ocean View32809m2$845,000(last sale price)",https://www.realestate.co.nz/property/815-brighton-road-ocean-view-dunedin-city-otago/jvvkz2fs
995,50,"Last sold on
      22/11/202412 Glen Road, Mornington53465m2$625,000(last sale price)",https://www.realestate.co.nz/property/12-glen-road-mornington-dunedin-city-otago/mx243zlr
996,50,"Last sold on
      22/11/20245 Forrester Avenue, Liberton31705m2$442,000(last sale price)",https://www.realestate.co.nz/property/5-forrester-avenue-liberton-dunedin-city-otago/bs01wj7q
997,50,"Last sold on
      22/11/202436 South Road, The Glen32706m2$595,000(last sale price)",https://www.realestate.co.nz/property/36-south-road-the-glen-dunedin-city-otago/5p153vlr
998,50,"Last sold on
      22/11/2024224 Bendigo Road, Waikouaiti313895m2$540,000(last sale price)",https://www.realestate.co.nz/property/224-bendigo-road-waikouaiti-dunedin-city-otago/g4p5jt3q
999,50,"Last sold on
      22/11/202456 Lonsdale Street, Belleknowes3721m2$613,000(last sale price)",https://www.realestate.co.nz/property/56-lonsdale-street-belleknowes-dunedin-city-otago/mh8xhzkr
1000,51,"Last sold on
      22/11/20241A Price Street, Green Island41642m2$645,000(last sale price)",https://www.realestate.co.nz/property/1a-price-street-green-island-dunedin-city-otago/x9zz8v9r
1001,51,"Last sold on
      22/11/202414/97 Queen Street, North Dunedin21$300,000(last sale price)",https://www.realestate.co.nz/property/14-97-queen-street-north-dunedin-dunedin-city-otago/7f22hbly
1002,51,"Last sold on
      22/11/202448 Bryant Street, Bradford31506m2$590,000(last sale price)",https://www.realestate.co.nz/property/48-bryant-street-bradford-dunedin-city-otago/k3flj8mr
1003,51,"Last sold on
      22/11/202423 Henry Street, Maori Hill32379m2$750,000(last sale price)",https://www.realestate.co.nz/property/23-henry-street-maori-hill-dunedin-city-otago/9hf1bcdr
1004,51,"Last sold on
      22/11/202420 Como Street, Maori Hill321177m2$1,075,000(last sale price)",https://www.realestate.co.nz/property/20-como-street-maori-hill-dunedin-city-otago/p153vddr
1005,51,"Last sold on
      22/11/202436B Severn Street, Green Island32833m2$1,050,000(last sale price)",https://www.realestate.co.nz/property/36b-severn-street-green-island-dunedin-city-otago/j31PnLXXk
1006,51,"Last sold on
      22/11/202430 Hunt Street, Andersons Bay31612m2$835,000(last sale price)",https://www.realestate.co.nz/property/30-hunt-street-andersons-bay-dunedin-city-otago/1fv7m1vr
1007,51,"Last sold on
      22/11/202412 Ann Street, Roslyn21012m2$815,000(last sale price)",https://www.realestate.co.nz/property/12-ann-street-roslyn-dunedin-city-otago/gzgzgzgr
1008,51,"Last sold on
      22/11/20245 Fenty Place, Mosgiel42937m2$1,300,000(last sale price)",https://www.realestate.co.nz/property/5-fenty-place-mosgiel-dunedin-city-otago/ks3j2pms
1009,51,"Last sold on
      22/11/202448 Prospect Bank, Wakari31869m2$535,000(last sale price)",https://www.realestate.co.nz/property/48-prospect-bank-wakari-dunedin-city-otago/xxxxxxdr
1010,51,"Last sold on
      21/11/20248 Constant Street, Sawyers Bay31544m2$525,000(last sale price)",https://www.realestate.co.nz/property/8-constant-street-sawyers-bay-dunedin-city-otago/517qjm5q
1011,51,"Last sold on
      21/11/202436 Calluna Crescent, Mosgiel42915m2$1,255,000(last sale price)",https://www.realestate.co.nz/property/36-calluna-crescent-mosgiel-dunedin-city-otago/fcpdj1yzd
1012,51,"Last sold on
      21/11/20245 Young Street, Saint Kilda31371m2$503,000(last sale price)",https://www.realestate.co.nz/property/5-young-street-saint-kilda-dunedin-city-otago/vlvlvl4r
1013,51,"Last sold on
      21/11/202486 Gladstone Road, Dalmore221242m2$550,000(last sale price)",https://www.realestate.co.nz/property/86-gladstone-road-dalmore-dunedin-city-otago/7ych9s9q
1014,51,"Last sold on
      21/11/20249 Netherby Street, Kenmure22754m2$940,000(last sale price)",https://www.realestate.co.nz/property/9-netherby-street-kenmure-dunedin-city-otago/tdw7hpnr
1015,51,"Last sold on
      21/11/202434 Forfar Street, Mosgiel42477m2$840,000(last sale price)",https://www.realestate.co.nz/property/34-forfar-street-mosgiel-dunedin-city-otago/2x83gbms
1016,51,"Last sold on
      21/11/202461 Formby Street, Outram42937m2$785,000(last sale price)",https://www.realestate.co.nz/property/61-formby-street-outram-dunedin-city-otago/cfp4snhs
1017,51,"Last sold on
      21/11/202498 Middleton Road, Kew31574m2$549,500(last sale price)",https://www.realestate.co.nz/property/98-middleton-road-kew-dunedin-city-otago/vx5m94yr
1018,51,"Last sold on
      21/11/2024379 Rattray Street, Dunedin Central33235m2$637,000(last sale price)",https://www.realestate.co.nz/property/379-rattray-street-dunedin-central-dunedin-city-otago/bj9nn7pr
1019,51,"Last sold on
      21/11/20242A Massey Avenue, Saint Clair42303m2$810,000(last sale price)",https://www.realestate.co.nz/property/2a-massey-avenue-saint-clair-dunedin-city-otago/12mp784r
1020,52,"Last sold on
      21/11/202411 Eden Street, Mosgiel31670m2$570,000(last sale price)",https://www.realestate.co.nz/property/11-eden-street-mosgiel-dunedin-city-otago/xdh5fbks
1021,52,"Last sold on
      21/11/202437 Botha Street, Tainui31494m2$680,000(last sale price)",https://www.realestate.co.nz/property/37-botha-street-tainui-dunedin-city-otago/7s8mx2wr
1022,52,"Last sold on
      20/11/2024172A Oxford Street, South Dunedin21480m2$430,000(last sale price)",https://www.realestate.co.nz/property/172a-oxford-street-south-dunedin-dunedin-city-otago/4x0d322r
1023,52,"Last sold on
      20/11/2024156 Bay View Road, South Dunedin31341m2$480,000(last sale price)",https://www.realestate.co.nz/property/156-bay-view-road-south-dunedin-dunedin-city-otago/jgshm42r
1024,52,"Last sold on
      20/11/202437 Grey Street, Port Chalmers41728m2$620,000(last sale price)",https://www.realestate.co.nz/property/37-grey-street-port-chalmers-dunedin-city-otago/k1pkmw4q
1025,52,"Last sold on
      20/11/202425 Formby Street, Outram421001m2$930,000(last sale price)",https://www.realestate.co.nz/property/25-formby-street-outram-dunedin-city-otago/0z4h2ths
1026,52,"Last sold on
      20/11/202431 Church Street, Mosgiel31329m2$450,000(last sale price)",https://www.realestate.co.nz/property/31-church-street-mosgiel-dunedin-city-otago/0z4h2tls
1027,52,"Last sold on
      20/11/20245 Montrose Street, Mosgiel31300m2$537,100(last sale price)",https://www.realestate.co.nz/property/5-montrose-street-mosgiel-dunedin-city-otago/3cvhcfms
1028,52,"Last sold on
      20/11/202458 Mailer Street, Mornington1873m2$734,000(last sale price)",https://www.realestate.co.nz/property/58-mailer-street-mornington-dunedin-city-otago/gg16zclr
1029,52,"Last sold on
      20/11/202452A Drivers Road, Maori Hill21506m2$710,000(last sale price)",https://www.realestate.co.nz/property/52a-drivers-road-maori-hill-dunedin-city-otago/wlq74gdr
1030,52,"Last sold on
      20/11/20246 Glenimrie Close, Mosgiel32641m2$929,000(last sale price)",https://www.realestate.co.nz/property/6-glenimrie-close-mosgiel-dunedin-city-otago/zccy3w7lk
1031,52,"Last sold on
      19/11/20245 Couper Street, Warrington213265m2$367,000(last sale price)",https://www.realestate.co.nz/property/5-couper-street-warrington-dunedin-city-otago/7qjm0p1q
1032,52,"Last sold on
      19/11/202416 Arnott Street, Portobello42882m2$490,000(last sale price)",https://www.realestate.co.nz/property/16-arnott-street-portobello-dunedin-city-otago/pdj1y86r
1033,52,"Last sold on
      19/11/202419B Craighall Crescent, Wakari11$285,000(last sale price)",https://www.realestate.co.nz/property/19b-craighall-crescent-wakari-dunedin-city-otago/2tsy9vdr
1034,52,"Last sold on
      19/11/20249 Magazine Road, Mosgiel42758m2$1,120,000(last sale price)",https://www.realestate.co.nz/property/9-magazine-road-mosgiel-dunedin-city-otago/3gbpjwdx
1035,52,"Last sold on
      19/11/20245 Bell Crescent, Concord31731m2$770,000(last sale price)",https://www.realestate.co.nz/property/5-bell-crescent-concord-dunedin-city-otago/xllwgc8r
1036,52,"Recently sold85 Forfar Street, Clyde Hill31617m2Price is not yet confirmed",https://www.realestate.co.nz/property/85-forfar-street-clyde-hill-dunedin-city-otago/4bvmq3xr
1037,52,"Last sold on
      19/11/202410 Ella Lane, Green Island32540m2$920,000(last sale price)",https://www.realestate.co.nz/property/10-ella-lane-green-island-dunedin-city-otago/Dpvr1ZGXk
1038,52,"Last sold on
      19/11/202421 Tweed Street, Mosgiel43809m2$710,000(last sale price)",https://www.realestate.co.nz/property/21-tweed-street-mosgiel-dunedin-city-otago/1z04cqns
1039,52,"Last sold on
      19/11/202418 Bellona Street, Saint Kilda31367m2$500,000(last sale price)",https://www.realestate.co.nz/property/18-bellona-street-saint-kilda-dunedin-city-otago/qqqqqq4r
1040,53,"Last sold on
      19/11/202467 Owhiro Avenue, Mosgiel32521m2$981,500(last sale price)",https://www.realestate.co.nz/property/67-owhiro-avenue-mosgiel-dunedin-city-otago/zqpv6rrlk
1041,53,"Last sold on
      19/11/20245 Chapman Street, Wakari31449m2$585,000(last sale price)",https://www.realestate.co.nz/property/5-chapman-street-wakari-dunedin-city-otago/gknrvydr
1042,53,"Last sold on
      18/11/2024251 Pine Hill Road, Dalmore2564m2$580,000(last sale price)",https://www.realestate.co.nz/property/251-pine-hill-road-dalmore-dunedin-city-otago/tb8k9dbr
1043,53,"Last sold on
      18/11/20248 Pitcairn Street, Belleknowes31726m2$451,250(last sale price)",https://www.realestate.co.nz/property/8-pitcairn-street-belleknowes-dunedin-city-otago/m29b6tkr
1044,53,"Last sold on
      18/11/202431 Harvey Street, Waitati31531m2$414,022(last sale price)",https://www.realestate.co.nz/property/31-harvey-street-waitati-dunedin-city-otago/qf4tj71q
1045,53,"Last sold on
      18/11/202452 Mulford Street, Concord31923m2$635,000(last sale price)",https://www.realestate.co.nz/property/52-mulford-street-concord-dunedin-city-otago/0hl8jf8r
1046,53,"Last sold on
      18/11/202440 Frame Street, North East Valley22314m2$450,000(last sale price)",https://www.realestate.co.nz/property/40-frame-street-north-east-valley-dunedin-city-otago/vx5m948q
1047,53,"Last sold on
      18/11/202484A Main South Road, Green Island11012m2$490,000(last sale price)",https://www.realestate.co.nz/property/84a-main-south-road-green-island-dunedin-city-otago/jz672q9r
1048,53,"Last sold on
      17/11/20246 Lothian Street, Maori Hill31321m2$812,000(last sale price)",https://www.realestate.co.nz/property/6-lothian-street-maori-hill-dunedin-city-otago/v5w0jgdr
1049,53,"Last sold on
      16/11/20247 Eskvale Street, Saint Kilda1$495,000(last sale price)",https://www.realestate.co.nz/property/7-eskvale-street-saint-kilda-dunedin-city-otago/9k1pkm3r
1050,53,"Last sold on
      16/11/202427 Brockville Road, Glenross31567m2$567,000(last sale price)",https://www.realestate.co.nz/property/27-brockville-road-glenross-dunedin-city-otago/3cvhcfjr
1051,53,"Last sold on
      15/11/202439 Heathfield Drive, Mosgiel321304m2$1,300,000(last sale price)",https://www.realestate.co.nz/property/39-heathfield-drive-mosgiel-dunedin-city-otago/8l1k6x81d
1052,53,"Last sold on
      15/11/20244 Massey Avenue, Saint Clair31503m2$670,000(last sale price)",https://www.realestate.co.nz/property/4-massey-avenue-saint-clair-dunedin-city-otago/b46l984r
1053,53,"Last sold on
      15/11/20242/6 Glasgow Street, Mosgiel21189m2$615,000(last sale price)",https://www.realestate.co.nz/property/2-6-glasgow-street-mosgiel-dunedin-city-otago/0000009v
1054,53,"Last sold on
      15/11/2024108 Ravenswood Road, Saint Clair21611m2$600,000(last sale price)",https://www.realestate.co.nz/property/108-ravenswood-road-saint-clair-dunedin-city-otago/9k1pkm0r
1055,53,"Last sold on
      15/11/202436 Glen Road, Mornington42590m2$500,000(last sale price)",https://www.realestate.co.nz/property/36-glen-road-mornington-dunedin-city-otago/38bb6ylr
1056,53,"Last sold on
      15/11/202493 Russell Street, Dunedin Central21172m2$420,000(last sale price)",https://www.realestate.co.nz/property/93-russell-street-dunedin-central-dunedin-city-otago/t9c2b7pr
1057,53,"Last sold on
      15/11/202466D Grove Street, Saint Kilda31$375,000(last sale price)",https://www.realestate.co.nz/property/66d-grove-street-saint-kilda-dunedin-city-otago/3nfdkx3r
1058,53,"Last sold on
      15/11/2024415 Taieri Road, Halfway Bush31955m2$595,000(last sale price)",https://www.realestate.co.nz/property/415-taieri-road-halfway-bush-dunedin-city-otago/vx5m94hr
1059,53,"Last sold on
      15/11/2024141 North Taieri Road, Abbotsford41700m2$850,000(last sale price)",https://www.realestate.co.nz/property/141-north-taieri-road-abbotsford-dunedin-city-otago/5rnvb4ds
1060,54,"Last sold on
      15/11/202419 Severn Street, Mosgiel42493m2$715,000(last sale price)",https://www.realestate.co.nz/property/19-severn-street-mosgiel-dunedin-city-otago/9c2b7pms
1061,54,"Last sold on
      15/11/202428 Dundonald Street, Tainui32513m2$478,000(last sale price)",https://www.realestate.co.nz/property/28-dundonald-street-tainui-dunedin-city-otago/3b3b3bxr
1062,54,"Last sold on
      15/11/202414 Tweed Street, Mosgiel31680m2$690,000(last sale price)",https://www.realestate.co.nz/property/14-tweed-street-mosgiel-dunedin-city-otago/jz672qns
1063,54,"Last sold on
      15/11/202449/61 North Road, North East Valley11$435,000(last sale price)",https://www.realestate.co.nz/property/49-61-north-road-north-east-valley-dunedin-city-otago/4dlnmh81d
1064,54,"Last sold on
      15/11/202431A Meridian Street, Port Chalmers21687m2$460,000(last sale price)",https://www.realestate.co.nz/property/31a-meridian-street-port-chalmers-dunedin-city-otago/6m5sjc5q
1065,54,"Last sold on
      15/11/202422 Shaw Street, Mosgiel31675m2$650,000(last sale price)",https://www.realestate.co.nz/property/22-shaw-street-mosgiel-dunedin-city-otago/hcfp4sls
1066,54,"Last sold on
      15/11/20248 Hardy Street, Saint Kilda21278m2$595,000(last sale price)",https://www.realestate.co.nz/property/8-hardy-street-saint-kilda-dunedin-city-otago/hzbmsv4r
1067,54,"Last sold on
      14/11/20247 Church Street, Mosgiel31384m2$396,500(last sale price)",https://www.realestate.co.nz/property/7-church-street-mosgiel-dunedin-city-otago/7cb2lyls
1068,54,"Last sold on
      14/11/20245 Winifred Street, Concord311032m2$483,000(last sale price)",https://www.realestate.co.nz/property/5-winifred-street-concord-dunedin-city-otago/3mkwlq9r
1069,54,"Last sold on
      14/11/202436 Grandview Crescent, Opoho421012m2$1,027,500(last sale price)",https://www.realestate.co.nz/property/36-grandview-crescent-opoho-dunedin-city-otago/t0s54q8q
1070,54,"Last sold on
      14/11/2024214 Mulford Street, Concord31534m2$600,000(last sale price)",https://www.realestate.co.nz/property/214-mulford-street-concord-dunedin-city-otago/nn7d6k8r
1071,54,"Last sold on
      14/11/202418 District Road, Roseneath31964m2$640,000(last sale price)",https://www.realestate.co.nz/property/18-district-road-roseneath-dunedin-city-otago/c6pxtf5q
1072,54,"Last sold on
      14/11/202424 Athol Place, Ravensbourne311012m2$258,700(last sale price)",https://www.realestate.co.nz/property/24-athol-place-ravensbourne-dunedin-city-otago/zgzgzg6q
1073,54,"Last sold on
      14/11/20241 Cairnhill Street, Maori Hill32415m2$1,010,000(last sale price)",https://www.realestate.co.nz/property/1-cairnhill-street-maori-hill-dunedin-city-otago/bdyzjlbr
1074,54,"Last sold on
      14/11/202482 Arthur Street, Dunedin Central31420m2$530,000(last sale price)",https://www.realestate.co.nz/property/82-arthur-street-dunedin-central-dunedin-city-otago/6l98k5pr
1075,54,"Last sold on
      14/11/202427 Stirling Crescent, Mosgiel31789m2$575,000(last sale price)",https://www.realestate.co.nz/property/27-stirling-crescent-mosgiel-dunedin-city-otago/2sxfcpjs
1076,54,"Last sold on
      14/11/202424I Archibald Street, Waverley211120m2$580,000(last sale price)",https://www.realestate.co.nz/property/24i-archibald-street-waverley-dunedin-city-otago/582ltqsr
1077,54,"Last sold on
      13/11/202431 Scobie Road, Waverley511012m2$710,000(last sale price)",https://www.realestate.co.nz/property/31-scobie-road-waverley-dunedin-city-otago/25zhqmsr
1078,54,"Last sold on
      13/11/202420 Cockerell Street, Brockville31766m2$510,000(last sale price)",https://www.realestate.co.nz/property/20-cockerell-street-brockville-dunedin-city-otago/m8d26vjr
1079,54,"Last sold on
      13/11/20245 Ventnor Street, Mornington31739m2$487,500(last sale price)",https://www.realestate.co.nz/property/5-ventnor-street-mornington-dunedin-city-otago/mcx7cbmr
1080,55,"Last sold on
      13/11/202434 Bayne Terrace, Macandrew Bay41997m2$740,000(last sale price)",https://www.realestate.co.nz/property/34-bayne-terrace-macandrew-bay-dunedin-city-otago/m29b6t7r
1081,55,"Last sold on
      13/11/202424/97 Filleul Street, Dunedin Central22$720,000(last sale price)",https://www.realestate.co.nz/property/24-97-filleul-street-dunedin-central-dunedin-city-otago/vpbs014pz
1082,55,"Last sold on
      13/11/202462 Cannington Road, Maori Hill421046m2$1,585,000(last sale price)",https://www.realestate.co.nz/property/62-cannington-road-maori-hill-dunedin-city-otago/wmgdfkbr
1083,55,"Last sold on
      13/11/2024365 Kenmure Road, Kenmure32800m2$639,000(last sale price)",https://www.realestate.co.nz/property/365-kenmure-road-kenmure-dunedin-city-otago/6zccy3mr
1084,55,"Last sold on
      13/11/202427 Peter Street, Caversham31494m2$505,000(last sale price)",https://www.realestate.co.nz/property/27-peter-street-caversham-dunedin-city-otago/tx9zz8xr
1085,55,"Last sold on
      13/11/20243/31 Eastbourne Street, Caversham21$515,500(last sale price)",https://www.realestate.co.nz/property/3-31-eastbourne-street-caversham-dunedin-city-otago/ch9s0xxv
1086,55,"Last sold on
      13/11/20246 Marne Street, Andersons Bay31812m2$595,000(last sale price)",https://www.realestate.co.nz/property/6-marne-street-andersons-bay-dunedin-city-otago/153vdrsr
1087,55,"Last sold on
      13/11/20247 Taylor Street, Brighton21221m2$290,000(last sale price)",https://www.realestate.co.nz/property/7-taylor-street-brighton-dunedin-city-otago/vdrwtkgs
1088,55,"Last sold on
      12/11/2024297 Wakari Road, Helensburgh527.08ha$1,150,000(last sale price)",https://www.realestate.co.nz/property/297-wakari-road-helensburgh-dunedin-city-otago/xrpqv2br
1089,55,"Last sold on
      12/11/202414 Sunninghurst Drive, Fairfield32914m2$888,000(last sale price)",https://www.realestate.co.nz/property/14-sunninghurst-drive-fairfield-dunedin-city-otago/n6jpmcn8c
1090,55,"Last sold on
      12/11/2024888 Brighton Road, Ocean View21490m2$650,000(last sale price)",https://www.realestate.co.nz/property/888-brighton-road-ocean-view-dunedin-city-otago/xcr057fs
1091,55,"Last sold on
      12/11/20242 Council Street, Saint Kilda31372m2$535,000(last sale price)",https://www.realestate.co.nz/property/2-council-street-saint-kilda-dunedin-city-otago/zccy3w4r
1092,55,"Last sold on
      12/11/2024157 Norwood Street, Normanby41521m2$680,000(last sale price)",https://www.realestate.co.nz/property/157-norwood-street-normanby-dunedin-city-otago/68y73l7q
1093,55,"Last sold on
      12/11/202448 Barnes Drive, Caversham11387m2$333,000(last sale price)",https://www.realestate.co.nz/property/48-barnes-drive-caversham-dunedin-city-otago/dx30myxr
1094,55,"Last sold on
      12/11/202421 Magdala Street, Tainui31395m2$526,500(last sale price)",https://www.realestate.co.nz/property/21-magdala-street-tainui-dunedin-city-otago/z7z7z7wr
1095,55,"Last sold on
      12/11/202465 Nelson Street, Forbury311095m2$510,000(last sale price)",https://www.realestate.co.nz/property/65-nelson-street-forbury-dunedin-city-otago/mp78tw5wc
1096,55,"Last sold on
      12/11/202438 Waldron Crescent, Green Island436805m2$1,305,000(last sale price)",https://www.realestate.co.nz/property/38-waldron-crescent-green-island-dunedin-city-otago/jl45qsbs
1097,55,"Last sold on
      12/11/202499 Wingatui Road, Mosgiel42759m2$1,200,000(last sale price)",https://www.realestate.co.nz/property/99-wingatui-road-mosgiel-dunedin-city-otago/ylgjs781d
1098,55,"Last sold on
      12/11/20244 Traquair Street, Corstorphine41632m2$600,000(last sale price)",https://www.realestate.co.nz/property/4-traquair-street-corstorphine-dunedin-city-otago/4n90vszr
1099,55,"Last sold on
      11/11/2024650 George Street, North Dunedin5$10,400,000(last sale price)",https://www.realestate.co.nz/property/650-george-street-north-dunedin-dunedin-city-otago/9wh3p9qr
1100,56,"Last sold on
      11/11/202487 Jeffery Street, Andersons Bay541862m2$970,000(last sale price)",https://www.realestate.co.nz/property/87-jeffery-street-andersons-bay-dunedin-city-otago/yf79pdvr
1101,56,"Last sold on
      11/11/202444D Grove Street, Saint Kilda21$457,000(last sale price)",https://www.realestate.co.nz/property/44d-grove-street-saint-kilda-dunedin-city-otago/fbtwkv3r
1102,56,"Last sold on
      11/11/20246 Craddock Place, Waldronville32855m2$910,000(last sale price)",https://www.realestate.co.nz/property/6-craddock-place-waldronville-dunedin-city-otago/y6cgf9ds
1103,56,"Last sold on
      11/11/20247 Queen Street, Mosgiel321012m2$705,058(last sale price)",https://www.realestate.co.nz/property/7-queen-street-mosgiel-dunedin-city-otago/q74g69ks
1104,56,"Last sold on
      11/11/202416 Fox Street, Port Chalmers31769m2$657,000(last sale price)",https://www.realestate.co.nz/property/16-fox-street-port-chalmers-dunedin-city-otago/2q5dg94q
1105,56,"Last sold on
      11/11/202455 Greenock Street, Kaikorai31382m2$548,000(last sale price)",https://www.realestate.co.nz/property/55-greenock-street-kaikorai-dunedin-city-otago/9k1pkmhr
1106,56,"Last sold on
      11/11/20246 Marett Street, Macandrew Bay1594m2$501,000(last sale price)",https://www.realestate.co.nz/property/6-marett-street-macandrew-bay-dunedin-city-otago/w4w4w45r
1107,56,"Last sold on
      11/11/202430 Erin Street, Roslyn22398m2$750,000(last sale price)",https://www.realestate.co.nz/property/30-erin-street-roslyn-dunedin-city-otago/3lpcnjgr
1108,56,"Last sold on
      11/11/202429C Bay Road, Warrington311030m2$700,000(last sale price)",https://www.realestate.co.nz/property/29c-bay-road-warrington-dunedin-city-otago/8c6pxtlmk
1109,56,"Last sold on
      11/11/202474 Ann Street, Kaikorai52472m2$895,000(last sale price)",https://www.realestate.co.nz/property/74-ann-street-kaikorai-dunedin-city-otago/qlc1l2gr
1110,56,"Last sold on
      11/11/20242 Islington Street, North East Valley21281m2$500,000(last sale price)",https://www.realestate.co.nz/property/2-islington-street-north-east-valley-dunedin-city-otago/twkvq68q
1111,56,"Last sold on
      11/11/20241 Bath Street, Brighton311161m2$590,000(last sale price)",https://www.realestate.co.nz/property/1-bath-street-brighton-dunedin-city-otago/fv7m1fgs
1112,56,"Last sold on
      11/11/2024117 Tirohanga Road, North Taieri312.07ha$675,000(last sale price)",https://www.realestate.co.nz/property/117-tirohanga-road-north-taieri-dunedin-city-otago/wYyztH8Xk
1113,56,"Last sold on
      08/11/202419 Larkworthy Street, Saint Kilda31372m2$500,000(last sale price)",https://www.realestate.co.nz/property/19-larkworthy-street-saint-kilda-dunedin-city-otago/z7z7z74r
1114,56,"Last sold on
      08/11/202442 School Street, Kaikorai22420m2$841,000(last sale price)",https://www.realestate.co.nz/property/42-school-street-kaikorai-dunedin-city-otago/zv1jbfgr
1115,56,"Last sold on
      08/11/202480 Cherry Drive, Mosgiel31634m2$655,000(last sale price)",https://www.realestate.co.nz/property/80-cherry-drive-mosgiel-dunedin-city-otago/4n90vsms
1116,56,"Last sold on
      08/11/2024865 George Street, North Dunedin41302m2$635,000(last sale price)",https://www.realestate.co.nz/property/865-george-street-north-dunedin-dunedin-city-otago/46l98ksr
1117,56,"Last sold on
      08/11/20247 Mure Street, Mosgiel22301m2$800,000(last sale price)",https://www.realestate.co.nz/property/7-mure-street-mosgiel-dunedin-city-otago/8jfxznls
1118,56,"Last sold on
      08/11/202443 Sunbury Street, Andersons Bay312149m2$810,000(last sale price)",https://www.realestate.co.nz/property/43-sunbury-street-andersons-bay-dunedin-city-otago/12mp78tr
1119,56,"Last sold on
      08/11/2024878 Brighton Road, Ocean View11507m2$550,000(last sale price)",https://www.realestate.co.nz/property/878-brighton-road-ocean-view-dunedin-city-otago/98k517fs
1120,57,"Last sold on
      08/11/202431 Stewart Street, Waikouaiti311419m2$540,000(last sale price)",https://www.realestate.co.nz/property/31-stewart-street-waikouaiti-dunedin-city-otago/l396t43q
1121,57,"Last sold on
      08/11/20245 Mcdonald Street, Brockville2683m2$380,000(last sale price)",https://www.realestate.co.nz/property/5-mcdonald-street-brockville-dunedin-city-otago/mq3ss2jr
1122,57,"Last sold on
      08/11/202415 Fawcett Street, South Dunedin31283m2$410,000(last sale price)",https://www.realestate.co.nz/property/15-fawcett-street-south-dunedin-dunedin-city-otago/wp6dby2r
1123,57,"Last sold on
      08/11/202423 Solar Terrace, Broad Bay31800m2$645,000(last sale price)",https://www.realestate.co.nz/property/23-solar-terrace-broad-bay-dunedin-city-otago/243zrf7r
1124,57,"Last sold on
      08/11/202428 Wickliffe Street, Mosgiel31855m2$700,000(last sale price)",https://www.realestate.co.nz/property/28-wickliffe-street-mosgiel-dunedin-city-otago/g81vngns
1125,57,"Last sold on
      07/11/20243A Brugh Place, Waverley41853m2$745,000(last sale price)",https://www.realestate.co.nz/property/3a-brugh-place-waverley-dunedin-city-otago/3vdrwttr
1126,57,"Last sold on
      07/11/202453 Tweed Street, Roslyn31403m2$670,000(last sale price)",https://www.realestate.co.nz/property/53-tweed-street-roslyn-dunedin-city-otago/0l6sd0fr
1127,57,"Last sold on
      07/11/202485A Tahuna Road, Tainui211190m2$393,000(last sale price)",https://www.realestate.co.nz/property/85a-tahuna-road-tainui-dunedin-city-otago/t3dq09wr
1128,57,"Last sold on
      07/11/202418 Stephen Street, Halfway Bush41551m2$600,000(last sale price)",https://www.realestate.co.nz/property/18-stephen-street-halfway-bush-dunedin-city-otago/qg0bhfcr
1129,57,"Last sold on
      07/11/2024434 Highgate, Maori Hill541919m2$3,100,000(last sale price)",https://www.realestate.co.nz/property/434-highgate-maori-hill-dunedin-city-otago/z4h2tsfr
1130,57,"Last sold on
      07/11/20242 Pinfold Place, Mosgiel321234m2$980,000(last sale price)",https://www.realestate.co.nz/property/2-pinfold-place-mosgiel-dunedin-city-otago/8c6pxtyzd
1131,57,"Last sold on
      07/11/202426 Tomkins Street, Green Island41617m2$607,500(last sale price)",https://www.realestate.co.nz/property/26-tomkins-street-green-island-dunedin-city-otago/38bb6y9r
1132,57,"Last sold on
      07/11/20248 Cavan Place, Mosgiel42818m2$985,000(last sale price)",https://www.realestate.co.nz/property/8-cavan-place-mosgiel-dunedin-city-otago/sl396tyzd
1133,57,"Last sold on
      07/11/20249 Marett Street, Macandrew Bay31627m2$402,000(last sale price)",https://www.realestate.co.nz/property/9-marett-street-macandrew-bay-dunedin-city-otago/91q9r45r
1134,57,"Last sold on
      07/11/202423 Glencairn Street, North East Valley41842m2$651,000(last sale price)",https://www.realestate.co.nz/property/23-glencairn-street-north-east-valley-dunedin-city-otago/nmh8xh9q
1135,57,"Last sold on
      06/11/202413A Wesley Street, South Dunedin32244m2$564,000(last sale price)",https://www.realestate.co.nz/property/13a-wesley-street-south-dunedin-dunedin-city-otago/S1JxG9WYk
1136,57,"Last sold on
      06/11/2024206 Somerville Street, Shiel Hill421015m2$1,090,000(last sale price)",https://www.realestate.co.nz/property/206-somerville-street-shiel-hill-dunedin-city-otago/cb2ly2tr
1137,57,"Last sold on
      06/11/202419 Malvern Street, Woodhaugh41506m2$490,000(last sale price)",https://www.realestate.co.nz/property/19-malvern-street-woodhaugh-dunedin-city-otago/9ZgRPxLk
1138,57,"Last sold on
      06/11/2024240 Larnach Road, Waverley1563m2$630,000(last sale price)",https://www.realestate.co.nz/property/240-larnach-road-waverley-dunedin-city-otago/vsty5htr
1139,57,"Last sold on
      06/11/20249 Ballance Street, Caversham21373m2$425,000(last sale price)",https://www.realestate.co.nz/property/9-ballance-street-caversham-dunedin-city-otago/fn88pjxr
1140,58,"Last sold on
      06/11/202416 Watkins Street, Purakaunui211012m2$497,500(last sale price)",https://www.realestate.co.nz/property/16-watkins-street-purakaunui-dunedin-city-otago/7t0s542q
1141,58,"Last sold on
      06/11/202447 Connell Street, Waverley32880m2$1,370,000(last sale price)",https://www.realestate.co.nz/property/47-connell-street-waverley-dunedin-city-otago/9k1pkm6r
1142,58,"Last sold on
      06/11/202440 Collins Street, Waikouaiti41933m2$455,000(last sale price)",https://www.realestate.co.nz/property/40-collins-street-waikouaiti-dunedin-city-otago/lzyjqh4q
1143,58,"Last sold on
      06/11/202438 Highcliff Road, Andersons Bay21420m2$560,000(last sale price)",https://www.realestate.co.nz/property/38-highcliff-road-andersons-bay-dunedin-city-otago/pkmwb0vr
1144,58,"Last sold on
      06/11/202419 Haggart Street, Mosgiel8218m2$1,000,000(last sale price)",https://www.realestate.co.nz/property/19-haggart-street-mosgiel-dunedin-city-otago/rjhn0kcs
1145,58,"Last sold on
      06/11/202443A Glengyle Street, Vauxhall506m2$690,000(last sale price)",https://www.realestate.co.nz/property/43a-glengyle-street-vauxhall-dunedin-city-otago/plhd95sr
1146,58,"Last sold on
      06/11/202428 Riccarton Road East, East Taieri411635m2$1,080,000(last sale price)",https://www.realestate.co.nz/property/28-riccarton-road-east-east-taieri-dunedin-city-otago/s7wrt2s3c
1147,58,"Last sold on
      06/11/202465 Kaikorai Valley Road, Kaikorai31711m2$674,700(last sale price)",https://www.realestate.co.nz/property/65-kaikorai-valley-road-kaikorai-dunedin-city-otago/l396t4gr
1148,58,"Recently sold18 Hart Street, Belleknowes31559m2Price is not yet confirmed",https://www.realestate.co.nz/property/18-hart-street-belleknowes-dunedin-city-otago/dp84bvgr
1149,58,"Last sold on
      06/11/202430E Riccarton Road East, East Taieri321262m2$1,318,000(last sale price)",https://www.realestate.co.nz/property/30e-riccarton-road-east-east-taieri-dunedin-city-otago/pcnj02s3c
1150,58,"Last sold on
      05/11/202424 Botting Place, Waverley41546m2$845,000(last sale price)",https://www.realestate.co.nz/property/24-botting-place-waverley-dunedin-city-otago/wdmj4ftr
1151,58,"Last sold on
      05/11/20248 Park Street, Mosgiel211m2$710,000(last sale price)",https://www.realestate.co.nz/property/8-park-street-mosgiel-dunedin-city-otago/j2pf85ks
1152,58,"Last sold on
      05/11/202464 Bernera Street, Karitane21677m2$460,000(last sale price)",https://www.realestate.co.nz/property/64-bernera-street-karitane-dunedin-city-otago/9r4dln2q
1153,58,"Last sold on
      05/11/202419 Melbourne Street, South Dunedin31467m2$305,000(last sale price)",https://www.realestate.co.nz/property/19-melbourne-street-south-dunedin-dunedin-city-otago/jz672q2r
1154,58,"Last sold on
      05/11/202430 Beach Road, Purakaunui31759m2$465,000(last sale price)",https://www.realestate.co.nz/property/30-beach-road-purakaunui-dunedin-city-otago/dyv5w02q
1155,58,"Last sold on
      05/11/20241 Featherston Street, Macandrew Bay1809m2$565,000(last sale price)",https://www.realestate.co.nz/property/1-featherston-street-macandrew-bay-dunedin-city-otago/kb9ftc6r
1156,58,"Last sold on
      05/11/2024218 Gladstone Road North, Mosgiel421425m2$1,160,000(last sale price)",https://www.realestate.co.nz/property/218-gladstone-road-north-mosgiel-dunedin-city-otago/37gt7r9v
1157,58,"Last sold on
      05/11/2024604 Great King Street, North Dunedin62202m2$3,640,000(last sale price)",https://www.realestate.co.nz/property/604-great-king-street-north-dunedin-dunedin-city-otago/bxcr05qr
1158,58,"Last sold on
      05/11/202419 District Road, Roseneath11012m2$645,000(last sale price)",https://www.realestate.co.nz/property/19-district-road-roseneath-dunedin-city-otago/rxkqcj5q
1159,58,"Last sold on
      05/11/202443 Greenacres Street, Macandrew Bay31847m2$695,000(last sale price)",https://www.realestate.co.nz/property/43-greenacres-street-macandrew-bay-dunedin-city-otago/ncswp65r
1160,59,"Last sold on
      04/11/202461 Wesley Street, South Dunedin31530m2$450,000(last sale price)",https://www.realestate.co.nz/property/61-wesley-street-south-dunedin-dunedin-city-otago/vkz2wd2r
1161,59,"Last sold on
      04/11/202448 Cannington Road, Maori Hill41564m2$750,000(last sale price)",https://www.realestate.co.nz/property/48-cannington-road-maori-hill-dunedin-city-otago/y8z3mkbr
1162,59,"Last sold on
      04/11/202442 Aytoun Street, Waverley32562m2$750,000(last sale price)",https://www.realestate.co.nz/property/42-aytoun-street-waverley-dunedin-city-otago/952zwstr
1163,59,"Last sold on
      04/11/2024132 Centennial Avenue, Helensburgh1934m2$620,000(last sale price)",https://www.realestate.co.nz/property/132-centennial-avenue-helensburgh-dunedin-city-otago/rrgwzscr
1164,59,"Last sold on
      04/11/202455 Scobie Road, Waverley21506m2$580,000(last sale price)",https://www.realestate.co.nz/property/55-scobie-road-waverley-dunedin-city-otago/l2fqwysr
1165,59,"Last sold on
      04/11/20245 Glengyle Street, Vauxhall32655m2$1,183,000(last sale price)",https://www.realestate.co.nz/property/5-glengyle-street-vauxhall-dunedin-city-otago/vy147btr
1166,59,"Last sold on
      04/11/202453B Rutherford Street, Caversham211m2$460,000(last sale price)",https://www.realestate.co.nz/property/53b-rutherford-street-caversham-dunedin-city-otago/jbfthhyr
1167,59,"Last sold on
      04/11/2024114 Cliffs Road, Saint Clair42635m2$1,200,000(last sale price)",https://www.realestate.co.nz/property/114-cliffs-road-saint-clair-dunedin-city-otago/9xcmnh0r
1168,59,"Last sold on
      04/11/2024400 Pine Hill Road, Pine Hill42469m2$685,000(last sale price)",https://www.realestate.co.nz/property/400-pine-hill-road-pine-hill-dunedin-city-otago/fky9Z92Zk
1169,59,"Last sold on
      04/11/2024161 Melbourne Street, South Dunedin31283m2$345,000(last sale price)",https://www.realestate.co.nz/property/161-melbourne-street-south-dunedin-dunedin-city-otago/0d32cz2r
1170,59,"Last sold on
      04/11/202411 Nelson Street, Forbury32956m2$650,000(last sale price)",https://www.realestate.co.nz/property/11-nelson-street-forbury-dunedin-city-otago/zkgn4x7wc
1171,59,"Last sold on
      04/11/2024250C Gladstone Road North, Mosgiel424356m2$1,350,000(last sale price)",https://www.realestate.co.nz/property/250c-gladstone-road-north-mosgiel-dunedin-city-otago/txMGqnfYk
1172,59,"Last sold on
      01/11/202438 Thames Street, Mosgiel33527m2$930,000(last sale price)",https://www.realestate.co.nz/property/38-thames-street-mosgiel-dunedin-city-otago/1mtlzyms
1173,59,"Last sold on
      01/11/2024187 Wingatui Road, Mosgiel42783m2$985,000(last sale price)",https://www.realestate.co.nz/property/187-wingatui-road-mosgiel-dunedin-city-otago/p9wh3pcs
1174,59,"Last sold on
      01/11/202419 Walton Park Avenue, Fairfield42659m2$840,100(last sale price)",https://www.realestate.co.nz/property/19-walton-park-avenue-fairfield-dunedin-city-otago/k7s8mxds
1175,59,"Last sold on
      01/11/202415 Glenross Street, Glenross31577m2$650,000(last sale price)",https://www.realestate.co.nz/property/15-glenross-street-glenross-dunedin-city-otago/z7z7z7hr
1176,59,"Last sold on
      01/11/2024195 Otokia-kuri Bush Road East, Brighton312.02ha$830,000(last sale price)",https://www.realestate.co.nz/property/195-otokia-kuri-bush-road-east-brighton-dunedin-city-otago/k6xrpq9yc
1177,59,"Last sold on
      01/11/2024387 High Street, Dunedin Central42802m2$1,380,000(last sale price)",https://www.realestate.co.nz/property/387-high-street-dunedin-central-dunedin-city-otago/fdkxg7nr
1178,59,"Last sold on
      01/11/20248 Norwood Street, Normanby62708m2$610,000(last sale price)",https://www.realestate.co.nz/property/8-norwood-street-normanby-dunedin-city-otago/pv6rjh7q
1179,59,"Last sold on
      01/11/202435D Factory Road, Mosgiel21169m2$565,000(last sale price)",https://www.realestate.co.nz/property/35d-factory-road-mosgiel-dunedin-city-otago/cCBH7yLYk
1180,60,"Last sold on
      01/11/2024493 South Road, Calton Hill21736m2$440,000(last sale price)",https://www.realestate.co.nz/property/493-south-road-calton-hill-dunedin-city-otago/d26v0nxr
1181,60,"Last sold on
      01/11/202442 Mcfadden Drive, Mosgiel3914m2$1,300,000(last sale price)",https://www.realestate.co.nz/property/42-mcfadden-drive-mosgiel-dunedin-city-otago/yyn25zks
1182,60,"Last sold on
      01/11/202490 High Street, Mosgiel41706m2$705,000(last sale price)",https://www.realestate.co.nz/property/90-high-street-mosgiel-dunedin-city-otago/xp21mtns
1183,60,"Last sold on
      01/11/202478A Gladstone Road, Dalmore11244m2$350,000(last sale price)",https://www.realestate.co.nz/property/78a-gladstone-road-dalmore-dunedin-city-otago/v1jbft9q
1184,60,"Last sold on
      01/11/202496 Elgin Road, Kenmure31534m2$592,500(last sale price)",https://www.realestate.co.nz/property/96-elgin-road-kenmure-dunedin-city-otago/g5kph0mr
1185,60,"Last sold on
      01/11/202482 Mission Cove, Company Bay22531m2$880,000(last sale price)",https://www.realestate.co.nz/property/82-mission-cove-company-bay-dunedin-city-otago/0c7kfs81d
1186,60,"Last sold on
      01/11/20244 Burgess Street, Green Island31727m2$523,000(last sale price)",https://www.realestate.co.nz/property/4-burgess-street-green-island-dunedin-city-otago/qwyxskbs
1187,60,"Last sold on
      01/11/2024121 Stornoway Street, Karitane21506m2$510,000(last sale price)",https://www.realestate.co.nz/property/121-stornoway-street-karitane-dunedin-city-otago/1z04cq2q
1188,60,"Last sold on
      01/11/202478B Gladstone Road, Dalmore11182m2$350,000(last sale price)",https://www.realestate.co.nz/property/78b-gladstone-road-dalmore-dunedin-city-otago/pjwq2x9q
1189,60,"Last sold on
      01/11/202450 Highgate, Belleknowes31713m2$750,000(last sale price)",https://www.realestate.co.nz/property/50-highgate-belleknowes-dunedin-city-otago/cwcwcwgr
1190,60,"Last sold on
      01/11/202440 Bell Crescent, Concord31739m2$580,000(last sale price)",https://www.realestate.co.nz/property/40-bell-crescent-concord-dunedin-city-otago/n0kb9f8r
1191,60,"Last sold on
      01/11/202410 Highgate, Belleknowes32622m2$1,270,000(last sale price)",https://www.realestate.co.nz/property/10-highgate-belleknowes-dunedin-city-otago/s607vwgr
1192,60,"Last sold on
      01/11/20243 Falcon Street, Roslyn43541m2$960,000(last sale price)",https://www.realestate.co.nz/property/3-falcon-street-roslyn-dunedin-city-otago/xkqcj5gr
1193,60,"Last sold on
      31/10/202412 Mission Cove, Company Bay431403m2$1,400,000(last sale price)",https://www.realestate.co.nz/property/12-mission-cove-company-bay-dunedin-city-otago/mgdfks7r
1194,60,"Last sold on
      31/10/202448 Doon Street, Mosgiel31634m2$620,000(last sale price)",https://www.realestate.co.nz/property/48-doon-street-mosgiel-dunedin-city-otago/twfh12ms
1195,60,"Last sold on
      31/10/20247 Slant Street, Careys Bay22549m2$390,000(last sale price)",https://www.realestate.co.nz/property/7-slant-street-careys-bay-dunedin-city-otago/f3y08q4q
1196,60,"Last sold on
      31/10/202427 Stephen Street, Halfway Bush31615m2$633,500(last sale price)",https://www.realestate.co.nz/property/27-stephen-street-halfway-bush-dunedin-city-otago/f79pddcr
1197,60,"Last sold on
      31/10/202469 Ascot Street, Saint Kilda31584m2$520,000(last sale price)",https://www.realestate.co.nz/property/69-ascot-street-saint-kilda-dunedin-city-otago/9vmlr33r
1198,60,"Last sold on
      31/10/2024214 Musselburgh Rise, Andersons Bay31587m2$610,000(last sale price)",https://www.realestate.co.nz/property/214-musselburgh-rise-andersons-bay-dunedin-city-otago/b6t8hkvr
1199,60,"Last sold on
      31/10/2024102 Mission Cove, Company Bay32634m2$900,000(last sale price)",https://www.realestate.co.nz/property/102-mission-cove-company-bay-dunedin-city-otago/fqwyxs7r
1200,61,"Last sold on
      31/10/2024241 Ravensbourne Road, Ravensbourne21935m2$400,000(last sale price)",https://www.realestate.co.nz/property/241-ravensbourne-road-ravensbourne-dunedin-city-otago/zxn6jp6q
1201,61,"Last sold on
      31/10/202418 Armadale Street, Mosgiel4759m2$1,270,000(last sale price)",https://www.realestate.co.nz/property/18-armadale-street-mosgiel-dunedin-city-otago/wfqp0R7bl
1202,61,"Last sold on
      30/10/202430 Glenmore Street, Glenleith31516m2$595,000(last sale price)",https://www.realestate.co.nz/property/30-glenmore-street-glenleith-dunedin-city-otago/21mtlzbr
1203,61,"Last sold on
      30/10/202439 Bath Street, Brighton21852m2$555,000(last sale price)",https://www.realestate.co.nz/property/39-bath-street-brighton-dunedin-city-otago/46gylggs
1204,61,"Last sold on
      30/10/202433 Easther Crescent, Kew41472m2$555,000(last sale price)",https://www.realestate.co.nz/property/33-easther-crescent-kew-dunedin-city-otago/5jtz10yr
1205,61,"Last sold on
      30/10/202497 Martin Road, Fairfield313636m2$1,065,000(last sale price)",https://www.realestate.co.nz/property/97-martin-road-fairfield-dunedin-city-otago/g2y4mfds
1206,61,"Last sold on
      30/10/202416 Ainslee Place, North East Valley31499m2$500,000(last sale price)",https://www.realestate.co.nz/property/16-ainslee-place-north-east-valley-dunedin-city-otago/tj7xmb7q
1207,61,"Last sold on
      30/10/20242 Queen Street, Brighton32405m2$514,000(last sale price)",https://www.realestate.co.nz/property/2-queen-street-brighton-dunedin-city-otago/ghxqykgs
1208,61,"Last sold on
      30/10/202422 Puketai Street, Andersons Bay31585m2$515,000(last sale price)",https://www.realestate.co.nz/property/22-puketai-street-andersons-bay-dunedin-city-otago/l396t4vr
1209,61,"Last sold on
      29/10/202454 Perth Street, Mosgiel31746m2$620,000(last sale price)",https://www.realestate.co.nz/property/54-perth-street-mosgiel-dunedin-city-otago/1bc2glks
1210,61,"Last sold on
      29/10/2024195 Purakaunui Road, Purakaunui215.66ha$1,550,000(last sale price)",https://www.realestate.co.nz/property/195-purakaunui-road-purakaunui-dunedin-city-otago/lc1l2f3q
1211,61,"Last sold on
      29/10/20248A Alexander Street, Abbotsford31961m2$565,000(last sale price)",https://www.realestate.co.nz/property/8a-alexander-street-abbotsford-dunedin-city-otago/99fp0f9r
1212,61,"Last sold on
      29/10/2024643 Highgate, Maori Hill32$720,000(last sale price)",https://www.realestate.co.nz/property/643-highgate-maori-hill-dunedin-city-otago/q80z4hdr
1213,61,"Last sold on
      29/10/2024134A Hillhead Road, Corstorphine11485m2$410,000(last sale price)",https://www.realestate.co.nz/property/134a-hillhead-road-corstorphine-dunedin-city-otago/fbtwkvyr
1214,61,"Last sold on
      29/10/202411 Wanaka Street, Ravensbourne421171m2$860,000(last sale price)",https://www.realestate.co.nz/property/11-wanaka-street-ravensbourne-dunedin-city-otago/ryf79p6q
1215,61,"Last sold on
      29/10/202431 Patrick Street, The Glen31402m2$620,000(last sale price)",https://www.realestate.co.nz/property/31-patrick-street-the-glen-dunedin-city-otago/kd1gqrlr
1216,61,"Last sold on
      29/10/202446 Sutcliffe Street, Saint Clair31710m2$780,000(last sale price)",https://www.realestate.co.nz/property/46-sutcliffe-street-saint-clair-dunedin-city-otago/s54qxp0r
1217,61,"Last sold on
      25/10/2024932 Harington Point Road, Harington Poin...31576m2$210,000(last sale price)",https://www.realestate.co.nz/property/932-harington-point-road-harington-point-dunedin-city-otago/0fzlb57r
1218,61,"Last sold on
      25/10/2024130 Albany Street, North Dunedin52$709,000(last sale price)",https://www.realestate.co.nz/property/130-albany-street-north-dunedin-dunedin-city-otago/nqzf3yrr
1219,61,"Last sold on
      25/10/202451 Viscount Road, Waldronville31868m2$750,000(last sale price)",https://www.realestate.co.nz/property/51-viscount-road-waldronville-dunedin-city-otago/m8d26vgs
1220,62,"Last sold on
      25/10/202461 Riccarton Road East, East Taieri311012m2$875,000(last sale price)",https://www.realestate.co.nz/property/61-riccarton-road-east-east-taieri-dunedin-city-otago/j1y8z3s3c
1221,62,"Last sold on
      25/10/202428 Ramsey Street, Allanton41911m2$610,000(last sale price)",https://www.realestate.co.nz/property/28-ramsey-street-allanton-dunedin-city-otago/gjs7wrfs
1222,62,"Last sold on
      25/10/202434 Scoular Street, Maryhill31372m2$535,000(last sale price)",https://www.realestate.co.nz/property/34-scoular-street-maryhill-dunedin-city-otago/s54qxpmr
1223,62,"Last sold on
      25/10/202415 Beta Street, Belleknowes31437m2$870,000(last sale price)",https://www.realestate.co.nz/property/15-beta-street-belleknowes-dunedin-city-otago/g16zcchr
1224,62,"Last sold on
      25/10/202432 Walton Street, Kaikorai31506m2$490,000(last sale price)",https://www.realestate.co.nz/property/32-walton-street-kaikorai-dunedin-city-otago/82ltqbgr
1225,62,"Last sold on
      24/10/202415 Seaview Terrace, Kew31693m2$664,000(last sale price)",https://www.realestate.co.nz/property/15-seaview-terrace-kew-dunedin-city-otago/946gylyr
1226,62,"Last sold on
      24/10/202457 Melbourne Street, South Dunedin31450m2$520,000(last sale price)",https://www.realestate.co.nz/property/57-melbourne-street-south-dunedin-dunedin-city-otago/6ww5rn2r
1227,62,"Last sold on
      24/10/202441A Carnarvon Street, Belleknowes21599m2$470,000(last sale price)",https://www.realestate.co.nz/property/41a-carnarvon-street-belleknowes-dunedin-city-otago/6ht3dqkr
1228,62,"Last sold on
      24/10/202486F Reid Road, South Dunedin21$310,000(last sale price)",https://www.realestate.co.nz/property/86f-reid-road-south-dunedin-dunedin-city-otago/5dg9xc2r
1229,62,"Last sold on
      24/10/202432 Anderton Crescent, Mosgiel42802m2$1,225,000(last sale price)",https://www.realestate.co.nz/property/32-anderton-crescent-mosgiel-dunedin-city-otago/j9j9j9shk
1230,62,"Last sold on
      24/10/2024107 Prince Albert Road, Saint Kilda42$580,000(last sale price)",https://www.realestate.co.nz/property/107-prince-albert-road-saint-kilda-dunedin-city-otago/grm35v3r
1231,62,"Last sold on
      24/10/202435A Oxley Crescent, Broad Bay21690m2$760,000(last sale price)",https://www.realestate.co.nz/property/35a-oxley-crescent-broad-bay-dunedin-city-otago/hprqlc7r
1232,62,"Last sold on
      24/10/202496 Campbells Road, Pine Hill421.98ha$1,350,000(last sale price)",https://www.realestate.co.nz/property/96-campbells-road-pine-hill-dunedin-city-otago/7hprql7q
1233,62,"Last sold on
      24/10/202437 Moodie Street, Shiel Hill53521m2$2,000,000(last sale price)",https://www.realestate.co.nz/property/37-moodie-street-shiel-hill-dunedin-city-otago/6cgf91tr
1234,62,"Last sold on
      23/10/202442A Bernera Street, Karitane32561m2$730,000(last sale price)",https://www.realestate.co.nz/property/42a-bernera-street-karitane-dunedin-city-otago/8qd89k2q
1235,62,"Last sold on
      23/10/202415 Butler Street, Maori Hill31753m2$1,200,500(last sale price)",https://www.realestate.co.nz/property/15-butler-street-maori-hill-dunedin-city-otago/kfsmztdr
1236,62,"Last sold on
      23/10/2024264 North Road, North East Valley31618m2$573,000(last sale price)",https://www.realestate.co.nz/property/264-north-road-north-east-valley-dunedin-city-otago/x9zz8v7q
1237,62,"Last sold on
      23/10/202442 Spencer Street, Andersons Bay41921m2$605,000(last sale price)",https://www.realestate.co.nz/property/42-spencer-street-andersons-bay-dunedin-city-otago/j3ky6cwr
1238,62,"Last sold on
      23/10/2024147A Shetland Street, Wakari2660m2$690,000(last sale price)",https://www.realestate.co.nz/property/147a-shetland-street-wakari-dunedin-city-otago/qpv6rjfr
1239,62,"Last sold on
      22/10/2024226 Brockville Road, Brockville41680m2$527,000(last sale price)",https://www.realestate.co.nz/property/226-brockville-road-brockville-dunedin-city-otago/y77ychkr
1240,63,"Last sold on
      22/10/202450 Braemar Street, Mosgiel31641m2$705,000(last sale price)",https://www.realestate.co.nz/property/50-braemar-street-mosgiel-dunedin-city-otago/nmh8xhks
1241,63,"Last sold on
      22/10/202426 Forbes Street, Balaclava31364m2$420,000(last sale price)",https://www.realestate.co.nz/property/26-forbes-street-balaclava-dunedin-city-otago/7xmb1qmr
1242,63,"Last sold on
      22/10/202439B Green Street, Mosgiel422254m2$1,500,000(last sale price)",https://www.realestate.co.nz/property/39b-green-street-mosgiel-dunedin-city-otago/bhf5p1ms
1243,63,"Last sold on
      22/10/202432 Maitland Street, Dunedin Central52541m2$960,000(last sale price)",https://www.realestate.co.nz/property/32-maitland-street-dunedin-central-dunedin-city-otago/t44v8cpr
1244,63,"Last sold on
      22/10/2024270 Factory Road, Mosgiel424.25ha$1,150,000(last sale price)",https://www.realestate.co.nz/property/270-factory-road-mosgiel-dunedin-city-otago/nkr703cs
1245,63,"Last sold on
      22/10/202428 Mcgeorge Avenue, Mornington31563m2$515,000(last sale price)",https://www.realestate.co.nz/property/28-mcgeorge-avenue-mornington-dunedin-city-otago/kc5yrklr
1246,63,"Last sold on
      21/10/202411 Lethaby Street, Abbotsford31612m2$598,000(last sale price)",https://www.realestate.co.nz/property/11-lethaby-street-abbotsford-dunedin-city-otago/17qjm08r
1247,63,"Last sold on
      21/10/2024718 Highgate, Maori Hill22443m2$1,040,000(last sale price)",https://www.realestate.co.nz/property/718-highgate-maori-hill-dunedin-city-otago/d6kk49cr
1248,63,"Last sold on
      21/10/2024171 Wakari Road, Helensburgh31804m2$625,000(last sale price)",https://www.realestate.co.nz/property/171-wakari-road-helensburgh-dunedin-city-otago/cj59y3br
1249,63,"Last sold on
      21/10/202431 Saint Albans Street, Bradford412282m2$749,000(last sale price)",https://www.realestate.co.nz/property/31-saint-albans-street-bradford-dunedin-city-otago/t8hkd1l7c
1250,63,"Last sold on
      21/10/202428 Shandon Road, Vauxhall631093m2$1,165,000(last sale price)",https://www.realestate.co.nz/property/28-shandon-road-vauxhall-dunedin-city-otago/s9hf1btr
1251,63,"Last sold on
      21/10/20248/38 Drivers Road, Maori Hill111432m2$625,000(last sale price)",https://www.realestate.co.nz/property/8-38-drivers-road-maori-hill-dunedin-city-otago/ncswp6vv
1252,63,"Last sold on
      21/10/202425 Hillary Street, Liberton31903m2$500,000(last sale price)",https://www.realestate.co.nz/property/25-hillary-street-liberton-dunedin-city-otago/13cvhcbr
1253,63,"Last sold on
      21/10/20243A Church Street, Green Island22$380,000(last sale price)",https://www.realestate.co.nz/property/3a-church-street-green-island-dunedin-city-otago/7nxysfbs
1254,63,"Last sold on
      18/10/2024183 Balmacewen Road, Wakari31577m2$680,000(last sale price)",https://www.realestate.co.nz/property/183-balmacewen-road-wakari-dunedin-city-otago/qcj59ycr
1255,63,"Last sold on
      18/10/202460 Royal Crescent, Saint Kilda31367m2$450,000(last sale price)",https://www.realestate.co.nz/property/60-royal-crescent-saint-kilda-dunedin-city-otago/drwtk33r
1256,63,"Last sold on
      18/10/202450 Glenross Street, Glenross531553m2$850,000(last sale price)",https://www.realestate.co.nz/property/50-glenross-street-glenross-dunedin-city-otago/gm8d26hr
1257,63,"Last sold on
      18/10/202419 Begg Street, Saint Kilda31283m2$502,000(last sale price)",https://www.realestate.co.nz/property/19-begg-street-saint-kilda-dunedin-city-otago/2ltqbn3r
1258,63,"Last sold on
      18/10/202410 Argyle Street, Mosgiel31674m2$670,000(last sale price)",https://www.realestate.co.nz/property/10-argyle-street-mosgiel-dunedin-city-otago/hprqlcls
1259,63,"Last sold on
      18/10/20241A Culling Street, Saint Kilda22$460,000(last sale price)",https://www.realestate.co.nz/property/1a-culling-street-saint-kilda-dunedin-city-otago/gm8d263r
1260,64,"Last sold on
      18/10/202442B Normanby Street, Saint Kilda1584m2$480,000(last sale price)",https://www.realestate.co.nz/property/42b-normanby-street-saint-kilda-dunedin-city-otago/dyzjl43r
1261,64,"Last sold on
      18/10/20243 Bishop Verdon Close, Mosgiel42825m2$823,000(last sale price)",https://www.realestate.co.nz/property/3-bishop-verdon-close-mosgiel-dunedin-city-otago/8vryf7ks
1262,64,"Last sold on
      18/10/2024211 Pine Hill Road, Dalmore213984m2$770,000(last sale price)",https://www.realestate.co.nz/property/211-pine-hill-road-dalmore-dunedin-city-otago/c6pxtfbr
1263,64,"Last sold on
      18/10/202445B Elliot Street, Andersons Bay21$515,000(last sale price)",https://www.realestate.co.nz/property/45b-elliot-street-andersons-bay-dunedin-city-otago/1bc2glvr
1264,64,"Last sold on
      18/10/202424 Murray Street, Caversham31580m2$560,000(last sale price)",https://www.realestate.co.nz/property/24-murray-street-caversham-dunedin-city-otago/kwlq74zr
1265,64,"Last sold on
      18/10/202432 Truby King Crescent, Liberton21665m2$480,000(last sale price)",https://www.realestate.co.nz/property/32-truby-king-crescent-liberton-dunedin-city-otago/5fbtwk7q
1266,64,"Last sold on
      17/10/20241073 George Street, North Dunedin52494m2$695,000(last sale price)",https://www.realestate.co.nz/property/1073-george-street-north-dunedin-dunedin-city-otago/pv6rjhsr
1267,64,"Last sold on
      17/10/202420 Crown Street, North East Valley52417m2$445,000(last sale price)",https://www.realestate.co.nz/property/20-crown-street-north-east-valley-dunedin-city-otago/063q116q
1268,64,"Last sold on
      17/10/2024163 Highgate, Roslyn31500m2$833,000(last sale price)",https://www.realestate.co.nz/property/163-highgate-roslyn-dunedin-city-otago/8d26v0gr
1269,64,"Last sold on
      17/10/2024115 Balmacewen Road, Wakari32607m2$1,156,800(last sale price)",https://www.realestate.co.nz/property/115-balmacewen-road-wakari-dunedin-city-otago/frrgwzcr
1270,64,"Last sold on
      16/10/202410A Arney Street, South Dunedin21$365,000(last sale price)",https://www.realestate.co.nz/property/10a-arney-street-south-dunedin-dunedin-city-otago/v0ntgm2r
1271,64,"Last sold on
      16/10/2024174 North Road, North East Valley21$444,000(last sale price)",https://www.realestate.co.nz/property/174-north-road-north-east-valley-dunedin-city-otago/34zm298q
1272,64,"Last sold on
      16/10/202419 Duxford Crescent, Fairfield32982m2$810,000(last sale price)",https://www.realestate.co.nz/property/19-duxford-crescent-fairfield-dunedin-city-otago/qxp21mfs
1273,64,"Last sold on
      16/10/202453 Bath Street, Brighton1029m2$270,000(last sale price)",https://www.realestate.co.nz/property/53-bath-street-brighton-dunedin-city-otago/nfdkxggs
1274,64,"Last sold on
      16/10/202431 Glenross Street, Glenross42526m2$755,000(last sale price)",https://www.realestate.co.nz/property/31-glenross-street-glenross-dunedin-city-otago/mkwlq7hr
1275,64,"Last sold on
      16/10/20246 Arden Street, North East Valley31540m2$455,154(last sale price)",https://www.realestate.co.nz/property/6-arden-street-north-east-valley-dunedin-city-otago/zkgn4x8q
1276,64,"Last sold on
      16/10/202462 Middleton Road, Kew41558m2$615,000(last sale price)",https://www.realestate.co.nz/property/62-middleton-road-kew-dunedin-city-otago/rm35v4yr
1277,64,"Last sold on
      16/10/202458 Cherry Drive, Mosgiel42774m2$890,000(last sale price)",https://www.realestate.co.nz/property/58-cherry-drive-mosgiel-dunedin-city-otago/153vdrms
1278,64,"Last sold on
      16/10/202420A Grove Street, Saint Kilda1$395,000(last sale price)",https://www.realestate.co.nz/property/20a-grove-street-saint-kilda-dunedin-city-otago/h3p9wh3r
1279,64,"Last sold on
      16/10/202458A Rawhiti Street, Musselburgh21592m2$342,000(last sale price)",https://www.realestate.co.nz/property/58a-rawhiti-street-musselburgh-dunedin-city-otago/c1l2fqwr
1280,65,"Last sold on
      16/10/2024218 Highcliff Road, Shiel Hill31826m2$610,000(last sale price)",https://www.realestate.co.nz/property/218-highcliff-road-shiel-hill-dunedin-city-otago/0fzlb5tr
1281,65,"Last sold on
      16/10/2024522 Allanton Road, Outram28.45ha$1,200,000(last sale price)",https://www.realestate.co.nz/property/522-allanton-road-outram-dunedin-city-otago/gxv97phs
1282,65,"Last sold on
      16/10/202411 Hoylake Street, Outram311012m2$568,500(last sale price)",https://www.realestate.co.nz/property/11-hoylake-street-outram-dunedin-city-otago/5tdw7hhs
1283,65,"Last sold on
      16/10/202425 Dalry Street, Mornington31752m2$1,025,000(last sale price)",https://www.realestate.co.nz/property/25-dalry-street-mornington-dunedin-city-otago/4mfjxllr
1284,65,"Last sold on
      16/10/202461A Bellona Street, Saint Kilda41306m2$1,095,000(last sale price)",https://www.realestate.co.nz/property/61a-bellona-street-saint-kilda-dunedin-city-otago/tttttt4r
1285,65,"Last sold on
      15/10/202436 Forbury Road, Forbury421621m2$789,000(last sale price)",https://www.realestate.co.nz/property/36-forbury-road-forbury-dunedin-city-otago/yyn25zyr
1286,65,"Last sold on
      15/10/202446 Mulford Street, Concord31665m2$535,000(last sale price)",https://www.realestate.co.nz/property/46-mulford-street-concord-dunedin-city-otago/g2y4mf8r
1287,65,"Last sold on
      15/10/20241067 George Street, North Dunedin41407m2$525,000(last sale price)",https://www.realestate.co.nz/property/1067-george-street-north-dunedin-dunedin-city-otago/jbfthhsr
1288,65,"Last sold on
      15/10/202410 Stewart Street, Waikouaiti21658m2$410,000(last sale price)",https://www.realestate.co.nz/property/10-stewart-street-waikouaiti-dunedin-city-otago/sgrm353q
1289,65,"Last sold on
      15/10/202448 Glenross Street, Glenross311404m2$765,000(last sale price)",https://www.realestate.co.nz/property/48-glenross-street-glenross-dunedin-city-otago/q09lx6hr
1290,65,"Last sold on
      15/10/20241 Blackhead Road, Concord31672m2$350,000(last sale price)",https://www.realestate.co.nz/property/1-blackhead-road-concord-dunedin-city-otago/v0ntgm8r
1291,65,"Last sold on
      15/10/2024117 Clyde Street, North Dunedin41253m2$620,000(last sale price)",https://www.realestate.co.nz/property/117-clyde-street-north-dunedin-dunedin-city-otago/cwcwcwrr
1292,65,"Last sold on
      15/10/20246 Jones Street, Dunedin Central31202m2$580,000(last sale price)",https://www.realestate.co.nz/property/6-jones-street-dunedin-central-dunedin-city-otago/czv1jbpr
1293,65,"Last sold on
      15/10/2024164 Dons Creek Road, Waitati112.34ha$542,500(last sale price)",https://www.realestate.co.nz/property/164-dons-creek-road-waitati-dunedin-city-otago/cJ26lVNY
1294,65,"Last sold on
      14/10/202432 Wills Street, Balaclava311012m2$655,000(last sale price)",https://www.realestate.co.nz/property/32-wills-street-balaclava-dunedin-city-otago/fjxllwxr
1295,65,"Last sold on
      14/10/202429 Edwin Street, Caversham31304m2$450,000(last sale price)",https://www.realestate.co.nz/property/29-edwin-street-caversham-dunedin-city-otago/b46l980r
1296,65,"Last sold on
      12/10/202430 Surrey Street, Caversham21297m2$587,000(last sale price)",https://www.realestate.co.nz/property/30-surrey-street-caversham-dunedin-city-otago/y73lpc1r
1297,65,"Last sold on
      11/10/202461 Creamery Road, Ocean View2.01ha$553,000(last sale price)",https://www.realestate.co.nz/property/61-creamery-road-ocean-view-dunedin-city-otago/fzlb52gs
1298,65,"Last sold on
      11/10/202424 Glengarry Court, Mosgiel32512m2$983,000(last sale price)",https://www.realestate.co.nz/property/24-glengarry-court-mosgiel-dunedin-city-otago/72q5dgzzd
1299,65,"Last sold on
      11/10/2024214 Gladstone Road North, Mosgiel431235m2$1,135,000(last sale price)",https://www.realestate.co.nz/property/214-gladstone-road-north-mosgiel-dunedin-city-otago/j59y3r9v
1300,66,"Last sold on
      11/10/202440 Earls Road, Saint Clair41825m2$660,000(last sale price)",https://www.realestate.co.nz/property/40-earls-road-saint-clair-dunedin-city-otago/ltqbnnyr
1301,66,"Last sold on
      11/10/202431 Erne Street, Waitati422024m2$942,500(last sale price)",https://www.realestate.co.nz/property/31-erne-street-waitati-dunedin-city-otago/xznyt91q
1302,66,"Last sold on
      11/10/202432B Albert Street, Saint Clair21$730,000(last sale price)",https://www.realestate.co.nz/property/32b-albert-street-saint-clair-dunedin-city-otago/ndndnd0r
1303,66,"Last sold on
      11/10/202426 Grandview Crescent, Opoho21515m2$550,000(last sale price)",https://www.realestate.co.nz/property/26-grandview-crescent-opoho-dunedin-city-otago/7xmb1q8q
1304,66,"Last sold on
      11/10/2024136 Sidey Street, Calton Hill864m2$243,800(last sale price)",https://www.realestate.co.nz/property/136-sidey-street-calton-hill-dunedin-city-otago/swp6dbzr
1305,66,"Last sold on
      11/10/2024129B Helensburgh Road, Halfway Bush21$407,500(last sale price)",https://www.realestate.co.nz/property/129b-helensburgh-road-halfway-bush-dunedin-city-otago/h71z04lw
1306,66,"Last sold on
      11/10/2024143A Macandrew Road, South Dunedin21$410,000(last sale price)",https://www.realestate.co.nz/property/143a-macandrew-road-south-dunedin-dunedin-city-otago/zyjqhw2r
1307,66,"Last sold on
      11/10/20243A Duke Street, Mosgiel32270m2$850,000(last sale price)",https://www.realestate.co.nz/property/3a-duke-street-mosgiel-dunedin-city-otago/QVX3KZ4Xk
1308,66,"Last sold on
      11/10/202410 Hadley Close, Glenleith521868m2$1,280,000(last sale price)",https://www.realestate.co.nz/property/10-hadley-close-glenleith-dunedin-city-otago/4g69trbr
1309,66,"Last sold on
      11/10/202417 Riselaw Road, Calton Hill1473m2$460,000(last sale price)",https://www.realestate.co.nz/property/17-riselaw-road-calton-hill-dunedin-city-otago/7y4ksKvZk
1310,66,"Last sold on
      10/10/202467A Wesley Street, South Dunedin21327m2$560,000(last sale price)",https://www.realestate.co.nz/property/67a-wesley-street-south-dunedin-dunedin-city-otago/bc2gld2r
1311,66,"Last sold on
      10/10/202445 Peter Street, Caversham41281m2$542,500(last sale price)",https://www.realestate.co.nz/property/45-peter-street-caversham-dunedin-city-otago/xsk7s8xr
1312,66,"Last sold on
      10/10/202416 Glendermid Close, Sawyers Bay42992m2$1,020,000(last sale price)",https://www.realestate.co.nz/property/16-glendermid-close-sawyers-bay-dunedin-city-otago/f4tj7x5q
1313,66,"Last sold on
      10/10/2024915 Blueskin Road, Mount Cargill31.66ha$1,000,000(last sale price)",https://www.realestate.co.nz/property/915-blueskin-road-mount-cargill-dunedin-city-otago/2wdmj41q
1314,66,"Last sold on
      10/10/202483 Queens Drive, Saint Kilda22350m2$690,000(last sale price)",https://www.realestate.co.nz/property/83-queens-drive-saint-kilda-dunedin-city-otago/s8mx243r
1315,66,"Last sold on
      10/10/20246 Marshall Street, Bradford31717m2$559,000(last sale price)",https://www.realestate.co.nz/property/6-marshall-street-bradford-dunedin-city-otago/73lpcnjr
1316,66,"Last sold on
      10/10/2024169 Wingatui Road, Mosgiel32561m2$887,000(last sale price)",https://www.realestate.co.nz/property/169-wingatui-road-mosgiel-dunedin-city-otago/8y73lpcs
1317,66,"Last sold on
      10/10/202413A Greenacres Street, Macandrew Bay21$414,000(last sale price)",https://www.realestate.co.nz/property/13a-greenacres-street-macandrew-bay-dunedin-city-otago/fsmzt55r
1318,66,"Last sold on
      10/10/202479 Jeffery Street, Andersons Bay311315m2$760,000(last sale price)",https://www.realestate.co.nz/property/79-jeffery-street-andersons-bay-dunedin-city-otago/p153vdvr
1319,66,"Last sold on
      10/10/202437 Bryant Street, Kenmure31604m2$638,000(last sale price)",https://www.realestate.co.nz/property/37-bryant-street-kenmure-dunedin-city-otago/b46l98mr
1320,67,"Last sold on
      10/10/2024114 Marlow Street, Musselburgh31506m2$500,000(last sale price)",https://www.realestate.co.nz/property/114-marlow-street-musselburgh-dunedin-city-otago/zzd7f2wr
1321,67,"Last sold on
      10/10/202420 Brownville Crescent, Maori Hill53658m2$1,590,000(last sale price)",https://www.realestate.co.nz/property/20-brownville-crescent-maori-hill-dunedin-city-otago/jwq2x8cr
1322,67,"Last sold on
      09/10/2024486 South Road, Calton Hill31481m2$172,000(last sale price)",https://www.realestate.co.nz/property/486-south-road-calton-hill-dunedin-city-otago/p84bvmxr
1323,67,"Last sold on
      09/10/202410A Wharfdale Street, Macandrew Bay41607m2$865,000(last sale price)",https://www.realestate.co.nz/property/10a-wharfdale-street-macandrew-bay-dunedin-city-otago/h71z045r
1324,67,"Last sold on
      09/10/202429 Binnie Street, Abbotsford31974m2$510,000(last sale price)",https://www.realestate.co.nz/property/29-binnie-street-abbotsford-dunedin-city-otago/wjz6728r
1325,67,"Last sold on
      09/10/202462 Clermiston Avenue, Corstorphine311084m2$600,000(last sale price)",https://www.realestate.co.nz/property/62-clermiston-avenue-corstorphine-dunedin-city-otago/pjwq2xzr
1326,67,"Last sold on
      09/10/202471 Stirling Crescent, Mosgiel31792m2$600,000(last sale price)",https://www.realestate.co.nz/property/71-stirling-crescent-mosgiel-dunedin-city-otago/xv97pnjs
1327,67,"Last sold on
      09/10/202411 Mitchell Avenue, Maryhill42506m2$660,000(last sale price)",https://www.realestate.co.nz/property/11-mitchell-avenue-maryhill-dunedin-city-otago/z2wdmjmr
1328,67,"Last sold on
      09/10/202418 Aberdeen Road, Saint Clair3574m2$565,000(last sale price)",https://www.realestate.co.nz/property/18-aberdeen-road-saint-clair-dunedin-city-otago/4v8c6pyr
1329,67,"Last sold on
      09/10/202418 Torquay Street, Abbotsford31616m2$555,000(last sale price)",https://www.realestate.co.nz/property/18-torquay-street-abbotsford-dunedin-city-otago/rvy1478r
1330,67,"Last sold on
      09/10/202418 Milford Street, Middlemarch4046m2$145,000(last sale price)",https://www.realestate.co.nz/property/18-milford-street-middlemarch-dunedin-city-otago/xbwh71bs
1331,67,"Last sold on
      09/10/2024129E Helensburgh Road, Halfway Bush21$428,000(last sale price)",https://www.realestate.co.nz/property/129e-helensburgh-road-halfway-bush-dunedin-city-otago/ysfw34lw
1332,67,"Last sold on
      09/10/20246 Emlen Place, Mosgiel42691m2$815,000(last sale price)",https://www.realestate.co.nz/property/6-emlen-place-mosgiel-dunedin-city-otago/wyxsk7ls
1333,67,"Last sold on
      09/10/20243 Marjorie Lane, Mosgiel32599m2$971,500(last sale price)",https://www.realestate.co.nz/property/3-marjorie-lane-mosgiel-dunedin-city-otago/46l98khlk
1334,67,"Last sold on
      09/10/202410 Patmos Avenue, Woodhaugh31506m2$540,000(last sale price)",https://www.realestate.co.nz/property/10-patmos-avenue-woodhaugh-dunedin-city-otago/01wjz69q
1335,67,"Last sold on
      09/10/202418 Saunders Street, Brockville31658m2$655,000(last sale price)",https://www.realestate.co.nz/property/18-saunders-street-brockville-dunedin-city-otago/0vsty5jr
1336,67,"Last sold on
      09/10/2024193 Macandrew Road, South Dunedin31458m2$430,000(last sale price)",https://www.realestate.co.nz/property/193-macandrew-road-south-dunedin-dunedin-city-otago/59y3rx2r
1337,67,"Last sold on
      09/10/202432 Waikana Street, Broad Bay31669m2$610,000(last sale price)",https://www.realestate.co.nz/property/32-waikana-street-broad-bay-dunedin-city-otago/rjhn0k7r
1338,67,"Last sold on
      09/10/20246 Muri Street, Aramoana689m2$220,000(last sale price)",https://www.realestate.co.nz/property/6-muri-street-aramoana-dunedin-city-otago/3mkwlq3q
1339,67,"Last sold on
      09/10/202465 Cliffs Road, Saint Clair31506m2$816,000(last sale price)",https://www.realestate.co.nz/property/65-cliffs-road-saint-clair-dunedin-city-otago/m0ppzk0r
1340,68,"Last sold on
      08/10/202420 Montague Street, North East Valley21429m2$450,000(last sale price)",https://www.realestate.co.nz/property/20-montague-street-north-east-valley-dunedin-city-otago/qt6ww57q
1341,68,"Last sold on
      08/10/2024105 Barr Street, Kenmure1839m2$660,000(last sale price)",https://www.realestate.co.nz/property/105-barr-street-kenmure-dunedin-city-otago/jvvkz2mr
1342,68,"Last sold on
      08/10/202458 Mechanic Street, North East Valley41529m2$740,000(last sale price)",https://www.realestate.co.nz/property/58-mechanic-street-north-east-valley-dunedin-city-otago/bj9nn78q
1343,68,"Last sold on
      08/10/202422 Portobello Road, Musselburgh42425m2$712,000(last sale price)",https://www.realestate.co.nz/property/22-portobello-road-musselburgh-dunedin-city-otago/4snqzfwr
1344,68,"Last sold on
      08/10/202439 Ravensburn Street, Outram542024m2$1,150,000(last sale price)",https://www.realestate.co.nz/property/39-ravensburn-street-outram-dunedin-city-otago/75bq80hs
1345,68,"Last sold on
      08/10/20244A Berwick Street, Mosgiel21339m2$460,000(last sale price)",https://www.realestate.co.nz/property/4a-berwick-street-mosgiel-dunedin-city-otago/wzs9hfzzd
1346,68,"Last sold on
      08/10/202469 Mckerrow Street, Shiel Hill31809m2$612,000(last sale price)",https://www.realestate.co.nz/property/69-mckerrow-street-shiel-hill-dunedin-city-otago/1z04cqtr
1347,68,"Last sold on
      08/10/20242B Runciman Street, Green Island21$365,000(last sale price)",https://www.realestate.co.nz/property/2b-runciman-street-green-island-dunedin-city-otago/q74g698l1
1348,68,"Last sold on
      08/10/20242 Harley Lane, Mosgiel32825m2$872,500(last sale price)",https://www.realestate.co.nz/property/2-harley-lane-mosgiel-dunedin-city-otago/nh4ktvyzd
1349,68,"Last sold on
      07/10/202465 Glenbrook Drive, Mosgiel4676m2$1,000,000(last sale price)",https://www.realestate.co.nz/property/65-glenbrook-drive-mosgiel-dunedin-city-otago/26FcCR3Zk
1350,68,"Last sold on
      07/10/20245 Totness Street, Abbotsford31604m2$575,000(last sale price)",https://www.realestate.co.nz/property/5-totness-street-abbotsford-dunedin-city-otago/z7z7z78r
1351,68,"Last sold on
      07/10/202423 Lambert Street, Abbotsford31816m2$590,000(last sale price)",https://www.realestate.co.nz/property/23-lambert-street-abbotsford-dunedin-city-otago/fg5kph9r
1352,68,"Last sold on
      07/10/2024123 Manapouri Street, Maia311463m2$600,000(last sale price)",https://www.realestate.co.nz/property/123-manapouri-street-maia-dunedin-city-otago/1jbfth6q
1353,68,"Last sold on
      07/10/202433 Norman Street, Tainui1620m2$510,000(last sale price)",https://www.realestate.co.nz/property/33-norman-street-tainui-dunedin-city-otago/c2b7psvr
1354,68,"Last sold on
      07/10/20246 Trudi Place, Green Island32514m2$932,500(last sale price)",https://www.realestate.co.nz/property/6-trudi-place-green-island-dunedin-city-otago/2C5RJbHXk
1355,68,"Last sold on
      07/10/2024245 Puddle Alley, Mosgiel29.18ha$1,550,000(last sale price)",https://www.realestate.co.nz/property/245-puddle-alley-mosgiel-dunedin-city-otago/qwyxskz1c
1356,68,"Last sold on
      07/10/202423 Moss Street, Portobello331125m2$810,000(last sale price)",https://www.realestate.co.nz/property/23-moss-street-portobello-dunedin-city-otago/N4d1VNSYk
1357,68,"Last sold on
      07/10/202410 Saint James Place, Fairfield42705m2$855,000(last sale price)",https://www.realestate.co.nz/property/10-saint-james-place-fairfield-dunedin-city-otago/w5rnvb9ld
1358,68,"Last sold on
      07/10/2024213 Dalziel Road, Brockville31615m2$544,000(last sale price)",https://www.realestate.co.nz/property/213-dalziel-road-brockville-dunedin-city-otago/j1y8z3jr
1359,68,"Last sold on
      07/10/202413 Bryant Street, Kenmure31590m2$602,850(last sale price)",https://www.realestate.co.nz/property/13-bryant-street-kenmure-dunedin-city-otago/ly20r9mr
1360,69,"Last sold on
      06/10/2024113 Chapman Street, Wakari21537m2$505,000(last sale price)",https://www.realestate.co.nz/property/113-chapman-street-wakari-dunedin-city-otago/drwtk3cr
1361,69,"Last sold on
      05/10/202419 Skerries Street, Outram21156m2$880,000(last sale price)",https://www.realestate.co.nz/property/19-skerries-street-outram-dunedin-city-otago/fg5kphhs
1362,69,"Recently sold10B Crest Street, Tainui21234m2Price is not yet confirmed",https://www.realestate.co.nz/property/10b-crest-street-tainui-dunedin-city-otago/qp0hLY7bl
1363,69,"Last sold on
      04/10/20249 Featherston Street, Macandrew Bay2809m2$585,000(last sale price)",https://www.realestate.co.nz/property/9-featherston-street-macandrew-bay-dunedin-city-otago/5dg9xc6r
1364,69,"Last sold on
      04/10/202477 Oakwood Avenue, Maryhill41687m2$565,000(last sale price)",https://www.realestate.co.nz/property/77-oakwood-avenue-maryhill-dunedin-city-otago/2wdmj4xr
1365,69,"Last sold on
      04/10/202426 Royal Terrace, Dunedin Central41506m2$630,000(last sale price)",https://www.realestate.co.nz/property/26-royal-terrace-dunedin-central-dunedin-city-otago/dyv5w0qr
1366,69,"Last sold on
      04/10/202433 Crosby Street, Mornington32716m2$821,000(last sale price)",https://www.realestate.co.nz/property/33-crosby-street-mornington-dunedin-city-otago/672q5dmr
1367,69,"Last sold on
      04/10/202421 Centennial Avenue, Helensburgh31660m2$520,000(last sale price)",https://www.realestate.co.nz/property/21-centennial-avenue-helensburgh-dunedin-city-otago/2ltqbncr
1368,69,"Last sold on
      04/10/2024130 Helensburgh Road, Wakari421759m2$980,000(last sale price)",https://www.realestate.co.nz/property/130-helensburgh-road-wakari-dunedin-city-otago/946gylfr
1369,69,"Last sold on
      04/10/202471 Koremata Street, Green Island41607m2$590,000(last sale price)",https://www.realestate.co.nz/property/71-koremata-street-green-island-dunedin-city-otago/fqwyxs9r
1370,69,"Last sold on
      04/10/20241261 Coast Road, Karitane32860m2$800,000(last sale price)",https://www.realestate.co.nz/property/1261-coast-road-karitane-dunedin-city-otago/f79pddymk
1371,69,"Last sold on
      04/10/202414 Watkins Street, Purakaunui431011m2$900,000(last sale price)",https://www.realestate.co.nz/property/14-watkins-street-purakaunui-dunedin-city-otago/dctr642q
1372,69,"Last sold on
      04/10/202469A Bush Road, Mosgiel2250m2$685,000(last sale price)",https://www.realestate.co.nz/property/69a-bush-road-mosgiel-dunedin-city-otago/CBH7yqHbl
1373,69,"Last sold on
      04/10/20248 Titan Street, North Dunedin103359m2$1,200,000(last sale price)",https://www.realestate.co.nz/property/8-titan-street-north-dunedin-dunedin-city-otago/dmj4fgsr
1374,69,"Last sold on
      04/10/2024338 Kaikorai Valley Road, Bradford31624m2$476,000(last sale price)",https://www.realestate.co.nz/property/338-kaikorai-valley-road-bradford-dunedin-city-otago/m7jk8njr
1375,69,"Last sold on
      03/10/2024252A Tirohanga Road, North Taieri3.68ha$460,000(last sale price)",https://www.realestate.co.nz/property/252a-tirohanga-road-north-taieri-dunedin-city-otago/4qxp2181d
1376,69,"Last sold on
      03/10/202444 Littlebourne Road, Roslyn43587m2$758,000(last sale price)",https://www.realestate.co.nz/property/44-littlebourne-road-roslyn-dunedin-city-otago/p5jtz1fr
1377,69,"Last sold on
      03/10/202441 Paterson Street, Abbotsford31506m2$640,000(last sale price)",https://www.realestate.co.nz/property/41-paterson-street-abbotsford-dunedin-city-otago/tgm8d28r
1378,69,"Last sold on
      03/10/202472 Martin Road, Fairfield21597m2$605,000(last sale price)",https://www.realestate.co.nz/property/72-martin-road-fairfield-dunedin-city-otago/k492ggds
1379,69,"Last sold on
      03/10/202446 Geelong Street, Waikouaiti311012m2$525,000(last sale price)",https://www.realestate.co.nz/property/46-geelong-street-waikouaiti-dunedin-city-otago/w0jgsh4q
1380,70,"Last sold on
      03/10/202445 Stephen Street, Halfway Bush311128m2$637,000(last sale price)",https://www.realestate.co.nz/property/45-stephen-street-halfway-bush-dunedin-city-otago/2j613ccr
1381,70,"Last sold on
      03/10/202418 Gladstone Road, North East Valley71450m2$750,000(last sale price)",https://www.realestate.co.nz/property/18-gladstone-road-north-east-valley-dunedin-city-otago/y3w87t9q
1382,70,"Last sold on
      03/10/20244 Garthmyl Road, Middlemarch3349m2$170,000(last sale price)",https://www.realestate.co.nz/property/4-garthmyl-road-middlemarch-dunedin-city-otago/vj3ky6bs
1383,70,"Last sold on
      03/10/20244 Didham Drive, Mosgiel32566m2$837,000(last sale price)",https://www.realestate.co.nz/property/4-didham-drive-mosgiel-dunedin-city-otago/bmsvtpcs
1384,70,"Last sold on
      03/10/202467 Walton Street, Kaikorai31481m2$621,500(last sale price)",https://www.realestate.co.nz/property/67-walton-street-kaikorai-dunedin-city-otago/3rxkqcgr
1385,70,"Last sold on
      03/10/2024435 Malvern Street, Glenleith19030m2$825,000(last sale price)",https://www.realestate.co.nz/property/435-malvern-street-glenleith-dunedin-city-otago/000000br
1386,70,"Last sold on
      02/10/20249 Holyport Close, Fairfield421049m2$1,140,000(last sale price)",https://www.realestate.co.nz/property/9-holyport-close-fairfield-dunedin-city-otago/hbk55lfs
1387,70,"Last sold on
      02/10/202447 Harvey Street, Waitati41885m2$339,000(last sale price)",https://www.realestate.co.nz/property/47-harvey-street-waitati-dunedin-city-otago/y6cgf91q
1388,70,"Last sold on
      02/10/202426 Park Road, Warrington221518m2$1,100,000(last sale price)",https://www.realestate.co.nz/property/26-park-road-warrington-dunedin-city-otago/lvlvlv1q
1389,70,"Last sold on
      02/10/2024217 Highcliff Road, Shiel Hill31723m2$690,000(last sale price)",https://www.realestate.co.nz/property/217-highcliff-road-shiel-hill-dunedin-city-otago/17qjm0tr
1390,70,"Last sold on
      02/10/202437 Viscount Road, Waldronville31856m2$560,000(last sale price)",https://www.realestate.co.nz/property/37-viscount-road-waldronville-dunedin-city-otago/fp4snqgs
1391,70,"Last sold on
      02/10/202410 Prestwick Street, Maori Hill2543m2$1,195,000(last sale price)",https://www.realestate.co.nz/property/10-prestwick-street-maori-hill-dunedin-city-otago/6pxtfrdr
1392,70,"Last sold on
      02/10/202426 Musselburgh Rise, Musselburgh31804m2$581,000(last sale price)",https://www.realestate.co.nz/property/26-musselburgh-rise-musselburgh-dunedin-city-otago/mvghxqwr
1393,70,"Last sold on
      02/10/202494E Stevenson Avenue, Sawyers Bay21$485,000(last sale price)",https://www.realestate.co.nz/property/94e-stevenson-avenue-sawyers-bay-dunedin-city-otago/Vdwfq3Fk
1394,70,"Last sold on
      02/10/202425 Grandvista Drive, Green Island42516m2$1,040,000(last sale price)",https://www.realestate.co.nz/property/25-grandvista-drive-green-island-dunedin-city-otago/9c2b7pfs
1395,70,"Last sold on
      01/10/202435B Irvine Street, Mosgiel21$485,000(last sale price)",https://www.realestate.co.nz/property/35b-irvine-street-mosgiel-dunedin-city-otago/sfw34zls
1396,70,"Last sold on
      01/10/20244 McCarthy Court, East Taieri42750m2$1,040,000(last sale price)",https://www.realestate.co.nz/property/4-mccarthy-court-east-taieri-dunedin-city-otago/26FcjKpYk
1397,70,"Last sold on
      01/10/202452 Wray Street, Brockville31746m2$575,000(last sale price)",https://www.realestate.co.nz/property/52-wray-street-brockville-dunedin-city-otago/f4tj7xjr
1398,70,"Last sold on
      01/10/202415 Irvine Road, The Cove42957m2$950,000(last sale price)",https://www.realestate.co.nz/property/15-irvine-road-the-cove-dunedin-city-otago/jybr4j6r
1399,70,"Last sold on
      01/10/202443 Shandon Road, Vauxhall43867m2$830,000(last sale price)",https://www.realestate.co.nz/property/43-shandon-road-vauxhall-dunedin-city-otago/bbbbbbtr
1400,71,"Last sold on
      01/10/202431 Mcfadden Drive, Mosgiel42777m2$830,000(last sale price)",https://www.realestate.co.nz/property/31-mcfadden-drive-mosgiel-dunedin-city-otago/1mtlzyks
1401,71,"Last sold on
      01/10/20249C Forfar Street, Mosgiel3367m2$763,000(last sale price)",https://www.realestate.co.nz/property/9c-forfar-street-mosgiel-dunedin-city-otago/qcJ26V8bl
1402,71,"Last sold on
      01/10/202426 Sidey Street, Calton Hill31546m2$399,001(last sale price)",https://www.realestate.co.nz/property/26-sidey-street-calton-hill-dunedin-city-otago/ryf79pxr
1403,71,"Last sold on
      01/10/202427 Playfair Street, Caversham2164m2$502,000(last sale price)",https://www.realestate.co.nz/property/27-playfair-street-caversham-dunedin-city-otago/tqbnncyr
1404,71,"Last sold on
      01/10/20246C Mitchell Avenue, Maryhill31534m2$570,000(last sale price)",https://www.realestate.co.nz/property/6c-mitchell-avenue-maryhill-dunedin-city-otago/4mfjxlmr
1405,71,"Last sold on
      01/10/202411 Ben Lomond Drive, Mosgiel32887m2$1,050,000(last sale price)",https://www.realestate.co.nz/property/11-ben-lomond-drive-mosgiel-dunedin-city-otago/2pf85681d
1406,71,"Last sold on
      01/10/202417 Pratt Street, Waikouaiti21500m2$325,000(last sale price)",https://www.realestate.co.nz/property/17-pratt-street-waikouaiti-dunedin-city-otago/sk7s8m4q
1407,71,"Last sold on
      30/09/202428 Bidston Street, Outram421012m2$770,000(last sale price)",https://www.realestate.co.nz/property/28-bidston-street-outram-dunedin-city-otago/p84bvmhs
1408,71,"Last sold on
      30/09/202419 Forfar Street, Mosgiel31527m2$620,000(last sale price)",https://www.realestate.co.nz/property/19-forfar-street-mosgiel-dunedin-city-otago/t8hkd1ls
1409,71,"Last sold on
      30/09/202419A Forfar Street, Mosgiel300m2$620,000(last sale price)",https://www.realestate.co.nz/property/19a-forfar-street-mosgiel-dunedin-city-otago/zs9hf1ls
1410,71,"Last sold on
      30/09/202415 Springhill Road, Mornington42540m2$654,015(last sale price)",https://www.realestate.co.nz/property/15-springhill-road-mornington-dunedin-city-otago/45qsbdmr
1411,71,"Last sold on
      30/09/2024307 Stuart Street, Dunedin Central63316m2$514,000(last sale price)",https://www.realestate.co.nz/property/307-stuart-street-dunedin-central-dunedin-city-otago/8l1k6xpr
1412,71,"Last sold on
      30/09/202414 Silverstream Drive, Mosgiel31622m2$702,000(last sale price)",https://www.realestate.co.nz/property/14-silverstream-drive-mosgiel-dunedin-city-otago/84bvmqks
1413,71,"Last sold on
      28/09/202418 William Street, Dunedin Central41675m2$920,000(last sale price)",https://www.realestate.co.nz/property/18-william-street-dunedin-central-dunedin-city-otago/y73lpcqr
1414,71,"Last sold on
      28/09/202411 Hood Street, Wakari32528m2$850,000(last sale price)",https://www.realestate.co.nz/property/11-hood-street-wakari-dunedin-city-otago/8jfxznhr
1415,71,"Last sold on
      27/09/202470 Playfair Street, Caversham21676m2$352,000(last sale price)",https://www.realestate.co.nz/property/70-playfair-street-caversham-dunedin-city-otago/dlnmh8xr
1416,71,"Last sold on
      27/09/202459 Mitchell Avenue, Maryhill21468m2$525,000(last sale price)",https://www.realestate.co.nz/property/59-mitchell-avenue-maryhill-dunedin-city-otago/d7f22hmr
1417,71,"Last sold on
      27/09/202426 Fitzroy Street, Caversham31567m2$560,000(last sale price)",https://www.realestate.co.nz/property/26-fitzroy-street-caversham-dunedin-city-otago/6t8hkd1r
1418,71,"Last sold on
      27/09/202448 Young Street, Saint Kilda31372m2$415,000(last sale price)",https://www.realestate.co.nz/property/48-young-street-saint-kilda-dunedin-city-otago/83gbpj4r
1419,71,"Last sold on
      27/09/202411 Elm Row, Dunedin Central31227m2$440,000(last sale price)",https://www.realestate.co.nz/property/11-elm-row-dunedin-central-dunedin-city-otago/ss2nkrpr
1420,72,"Last sold on
      27/09/202411 Nimon Lane, Caversham32132m2$750,000(last sale price)",https://www.realestate.co.nz/property/11-nimon-lane-caversham-dunedin-city-otago/pvrWxrhZk
1421,72,"Last sold on
      27/09/2024731 Highgate, Maori Hill32395m2$1,660,000(last sale price)",https://www.realestate.co.nz/property/731-highgate-maori-hill-dunedin-city-otago/splhd9cr
1422,72,"Last sold on
      27/09/202411 Herron Street, Brockville31668m2$622,000(last sale price)",https://www.realestate.co.nz/property/11-herron-street-brockville-dunedin-city-otago/2vj3kyjr
1423,72,"Last sold on
      27/09/2024110 Marlow Street, Musselburgh31506m2$510,000(last sale price)",https://www.realestate.co.nz/property/110-marlow-street-musselburgh-dunedin-city-otago/nyt9c2wr
1424,72,"Last sold on
      27/09/20241B Church Street, Green Island21$350,000(last sale price)",https://www.realestate.co.nz/property/1b-church-street-green-island-dunedin-city-otago/s3j2pfbs
1425,72,"Last sold on
      27/09/202419 Mechanic Street, North East Valley41264m2$560,000(last sale price)",https://www.realestate.co.nz/property/19-mechanic-street-north-east-valley-dunedin-city-otago/mcx7cb9q
1426,72,"Last sold on
      27/09/2024194 Brockville Road, Brockville21723m2$480,000(last sale price)",https://www.realestate.co.nz/property/194-brockville-road-brockville-dunedin-city-otago/blxbwhkr
1427,72,"Last sold on
      27/09/202415 Beaumaris Street, Outram311262m2$685,000(last sale price)",https://www.realestate.co.nz/property/15-beaumaris-street-outram-dunedin-city-otago/68y73lhs
1428,72,"Last sold on
      27/09/202428 Granville Terrace, Belleknowes421060m2$2,700,000(last sale price)",https://www.realestate.co.nz/property/28-granville-terrace-belleknowes-dunedin-city-otago/89k1pkkr
1429,72,"Last sold on
      27/09/202474 Mooltan Street, Halfway Bush31474m2$376,000(last sale price)",https://www.realestate.co.nz/property/74-mooltan-street-halfway-bush-dunedin-city-otago/pjwq2xhr
1430,72,"Last sold on
      27/09/2024224 Gordon Road, Mosgiel31344m2$569,000(last sale price)",https://www.realestate.co.nz/property/224-gordon-road-mosgiel-dunedin-city-otago/z7z7z7js
1431,72,"Last sold on
      27/09/20248C Grove Street, Saint Kilda21$422,000(last sale price)",https://www.realestate.co.nz/property/8c-grove-street-saint-kilda-dunedin-city-otago/zwsplh3r
1432,72,"Last sold on
      27/09/202447 Viscount Road, Waldronville31856m2$525,013(last sale price)",https://www.realestate.co.nz/property/47-viscount-road-waldronville-dunedin-city-otago/582ltqgs
1433,72,"Last sold on
      27/09/202430 Panmure Avenue, Calton Hill31767m2$445,000(last sale price)",https://www.realestate.co.nz/property/30-panmure-avenue-calton-hill-dunedin-city-otago/z3mkwlzr
1434,72,"Last sold on
      26/09/202469B Bush Road, Mosgiel2250m2$690,000(last sale price)",https://www.realestate.co.nz/property/69b-bush-road-mosgiel-dunedin-city-otago/sDvl90Fbl
1435,72,"Last sold on
      26/09/202459 Aotea Street, Tainui311845m2$712,000(last sale price)",https://www.realestate.co.nz/property/59-aotea-street-tainui-dunedin-city-otago/jc99fpvr
1436,72,"Last sold on
      26/09/20245 Windsor Street, Opoho31379m2$650,000(last sale price)",https://www.realestate.co.nz/property/5-windsor-street-opoho-dunedin-city-otago/yjqhwv8q
1437,72,"Last sold on
      26/09/2024116 Elgin Road, Kenmure21488m2$450,000(last sale price)",https://www.realestate.co.nz/property/116-elgin-road-kenmure-dunedin-city-otago/75bq80mr
1438,72,"Last sold on
      26/09/202421 Sretlaw Place, Brockville32816m2$929,000(last sale price)",https://www.realestate.co.nz/property/21-sretlaw-place-brockville-dunedin-city-otago/q8wmgdjr
1439,72,"Last sold on
      26/09/202428 Goodall Street, Mosgiel31630m2$615,000(last sale price)",https://www.realestate.co.nz/property/28-goodall-street-mosgiel-dunedin-city-otago/tb8k9dks
1440,73,"Last sold on
      26/09/202411 Knox Street, North East Valley62492m2$740,000(last sale price)",https://www.realestate.co.nz/property/11-knox-street-north-east-valley-dunedin-city-otago/7kfsmz8q
1441,73,"Last sold on
      25/09/20245 Daly Street, Port Chalmers31503m2$584,000(last sale price)",https://www.realestate.co.nz/property/5-daly-street-port-chalmers-dunedin-city-otago/xcr0574q
1442,73,"Last sold on
      25/09/202422 Law Street, Caversham31602m2$445,000(last sale price)",https://www.realestate.co.nz/property/22-law-street-caversham-dunedin-city-otago/ych9s00r
1443,73,"Last sold on
      25/09/202411 Valpy Street, Saint Clair42680m2$995,000(last sale price)",https://www.realestate.co.nz/property/11-valpy-street-saint-clair-dunedin-city-otago/q74g69zr
1444,73,"Last sold on
      25/09/20247 Laing Street, Caversham31352m2$270,000(last sale price)",https://www.realestate.co.nz/property/7-laing-street-caversham-dunedin-city-otago/59y3rxxr
1445,73,"Last sold on
      25/09/202423B Lanark Street, Mosgiel32500m2$730,000(last sale price)",https://www.realestate.co.nz/property/23b-lanark-street-mosgiel-dunedin-city-otago/b46l98ls
1446,73,"Last sold on
      25/09/202458 Heriot Row, Dunedin Central31511m2$375,000(last sale price)",https://www.realestate.co.nz/property/58-heriot-row-dunedin-central-dunedin-city-otago/8jfxznrr
1447,73,"Last sold on
      25/09/202418 Caroline Way, Abbotsford553m2$340,000(last sale price)",https://www.realestate.co.nz/property/18-caroline-way-abbotsford-dunedin-city-otago/LS1JRdDbl
1448,73,"Last sold on
      25/09/2024106 Sidey Street, Calton Hill31506m2$525,000(last sale price)",https://www.realestate.co.nz/property/106-sidey-street-calton-hill-dunedin-city-otago/34zm29yr
1449,73,"Last sold on
      25/09/202438 Formby Street, Outram411012m2$735,000(last sale price)",https://www.realestate.co.nz/property/38-formby-street-outram-dunedin-city-otago/wmgdfkhs
1450,73,"Last sold on
      25/09/202432 Cranston Street, Andersons Bay31455m2$545,000(last sale price)",https://www.realestate.co.nz/property/32-cranston-street-andersons-bay-dunedin-city-otago/jybr4jvr
1451,73,"Last sold on
      24/09/2024112 Henry Street, Waikouaiti212414m2$565,000(last sale price)",https://www.realestate.co.nz/property/112-henry-street-waikouaiti-dunedin-city-otago/1gqrl73q
1452,73,"Last sold on
      24/09/2024237 Bay View Road, Saint Clair1659m2$450,000(last sale price)",https://www.realestate.co.nz/property/237-bay-view-road-saint-clair-dunedin-city-otago/ccy3w84r
1453,73,"Last sold on
      24/09/2024136 Dons Creek Road, Waitati2.01ha$370,000(last sale price)",https://www.realestate.co.nz/property/136-dons-creek-road-waitati-dunedin-city-otago/X3qjfVNY
1454,73,"Last sold on
      24/09/2024236 Pine Hill Road, Dalmore31631m2$580,000(last sale price)",https://www.realestate.co.nz/property/236-pine-hill-road-dalmore-dunedin-city-otago/x243zr9q
1455,73,"Last sold on
      24/09/202427 Forfar Street, Mosgiel32503m2$710,000(last sale price)",https://www.realestate.co.nz/property/27-forfar-street-mosgiel-dunedin-city-otago/1fv7m1ls
1456,73,"Last sold on
      24/09/202428 Cardigan Street, North East Valley42814m2$1,600,000(last sale price)",https://www.realestate.co.nz/property/28-cardigan-street-north-east-valley-dunedin-city-otago/ghxqyk8q
1457,73,"Last sold on
      24/09/202432 Carlyle Road, Mosgiel21602m2$585,000(last sale price)",https://www.realestate.co.nz/property/32-carlyle-road-mosgiel-dunedin-city-otago/yxsk7sks
1458,73,"Last sold on
      24/09/2024445 North Road, North East Valley42424m2$550,000(last sale price)",https://www.realestate.co.nz/property/445-north-road-north-east-valley-dunedin-city-otago/y73lpc7q
1459,73,"Last sold on
      23/09/20243276 Waikouaiti-waitati Road, Karitane412455m2$420,000(last sale price)",https://www.realestate.co.nz/property/3276-waikouaiti-waitati-road-karitane-dunedin-city-otago/qpv6rj1q
1460,74,"Last sold on
      23/09/202421 Honeystone Street, Helensburgh31630m2$662,000(last sale price)",https://www.realestate.co.nz/property/21-honeystone-street-helensburgh-dunedin-city-otago/333333br
1461,74,"Last sold on
      23/09/202427B Church Street, Mosgiel21$370,000(last sale price)",https://www.realestate.co.nz/property/27b-church-street-mosgiel-dunedin-city-otago/fxznytls
1462,74,"Last sold on
      23/09/202426 Island Terrace, Port Chalmers32440m2$875,000(last sale price)",https://www.realestate.co.nz/property/26-island-terrace-port-chalmers-dunedin-city-otago/2tsy9v4q
1463,74,"Last sold on
      23/09/20243 Fea Street, Dalmore421067m2$400,000(last sale price)",https://www.realestate.co.nz/property/3-fea-street-dalmore-dunedin-city-otago/d26v0n9q
1464,74,"Last sold on
      23/09/20243 Corbett Street, Green Island41758m2$595,000(last sale price)",https://www.realestate.co.nz/property/3-corbett-street-green-island-dunedin-city-otago/nyt9c29r
1465,74,"Last sold on
      23/09/20243 Beresford Street, Kaikorai1741m2$517,000(last sale price)",https://www.realestate.co.nz/property/3-beresford-street-kaikorai-dunedin-city-otago/6m5sjcfr
1466,74,"Last sold on
      21/09/20243 Crewe Street, Maryhill72686m2$600,000(last sale price)",https://www.realestate.co.nz/property/3-crewe-street-maryhill-dunedin-city-otago/bzzd7fmr
1467,74,"Last sold on
      20/09/202424 North Taieri Road, Abbotsford1613m2$530,000(last sale price)",https://www.realestate.co.nz/property/24-north-taieri-road-abbotsford-dunedin-city-otago/9q8wmg9r
1468,74,"Last sold on
      20/09/202433 Glenelg Street, Bradford311012m2$446,000(last sale price)",https://www.realestate.co.nz/property/33-glenelg-street-bradford-dunedin-city-otago/qwyxskjr
1469,74,"Last sold on
      20/09/202410 Windsor Street, Opoho31529m2$855,000(last sale price)",https://www.realestate.co.nz/property/10-windsor-street-opoho-dunedin-city-otago/pjrcdt8q
1470,74,"Last sold on
      20/09/202459 Playfair Street, Caversham31671m2$520,000(last sale price)",https://www.realestate.co.nz/property/59-playfair-street-caversham-dunedin-city-otago/xllwgcyr
1471,74,"Last sold on
      20/09/202493B Nairn Street, Kaikorai21$460,000(last sale price)",https://www.realestate.co.nz/property/93b-nairn-street-kaikorai-dunedin-city-otago/8vryf7dr
1472,74,"Last sold on
      20/09/20242A North Taieri Road, Abbotsford21506m2$500,000(last sale price)",https://www.realestate.co.nz/property/2a-north-taieri-road-abbotsford-dunedin-city-otago/hhsc8f9r
1473,74,"Last sold on
      20/09/2024145B Surrey Street, Forbury21$450,000(last sale price)",https://www.realestate.co.nz/property/145b-surrey-street-forbury-dunedin-city-otago/r3nfdk1r
1474,74,"Last sold on
      20/09/202449 Grange Street, North Dunedin1228m2$678,000(last sale price)",https://www.realestate.co.nz/property/49-grange-street-north-dunedin-dunedin-city-otago/lc1l2frr
1475,74,"Last sold on
      20/09/20246 Blackford Street, Balaclava53$870,000(last sale price)",https://www.realestate.co.nz/property/6-blackford-street-balaclava-dunedin-city-otago/8pjrcdxr
1476,74,"Last sold on
      20/09/202423 Heathfield Drive, Mosgiel421471m2$1,130,000(last sale price)",https://www.realestate.co.nz/property/23-heathfield-drive-mosgiel-dunedin-city-otago/m35v40yzd
1477,74,"Last sold on
      20/09/202454 Doctors Point Road, Waitati4048m2$115,000(last sale price)",https://www.realestate.co.nz/property/54-doctors-point-road-waitati-dunedin-city-otago/xcr0571q
1478,74,"Last sold on
      20/09/202452 Island Terrace, Port Chalmers21225m2$560,000(last sale price)",https://www.realestate.co.nz/property/52-island-terrace-port-chalmers-dunedin-city-otago/zyjqhw4q
1479,74,"Last sold on
      20/09/2024364 Highgate, Roslyn31464m2$885,000(last sale price)",https://www.realestate.co.nz/property/364-highgate-roslyn-dunedin-city-otago/ht3dq0fr
1480,75,"Last sold on
      20/09/2024220A Gordon Road, Mosgiel21$682,000(last sale price)",https://www.realestate.co.nz/property/220a-gordon-road-mosgiel-dunedin-city-otago/vq68y7js
1481,75,"Last sold on
      20/09/202484 Hazelhurst Pass, Caversham42722m2$566,000(last sale price)",https://www.realestate.co.nz/property/84-hazelhurst-pass-caversham-dunedin-city-otago/0t1np3yr
1482,75,"Last sold on
      20/09/202439 Kennedy Road, Fairfield32701m2$700,000(last sale price)",https://www.realestate.co.nz/property/39-kennedy-road-fairfield-dunedin-city-otago/ty5hygds
1483,75,"Last sold on
      20/09/2024819 Brighton Road, Ocean View42890m2$1,230,000(last sale price)",https://www.realestate.co.nz/property/819-brighton-road-ocean-view-dunedin-city-otago/pcnj02fs
1484,75,"Last sold on
      20/09/202472 Spottiswoode Street, Tainui32873m2$800,000(last sale price)",https://www.realestate.co.nz/property/72-spottiswoode-street-tainui-dunedin-city-otago/d26v0nvr
1485,75,"Last sold on
      20/09/20248 Bangor Terrace, Kew31798m2$775,000(last sale price)",https://www.realestate.co.nz/property/8-bangor-terrace-kew-dunedin-city-otago/hf1bc2yr
1486,75,"Last sold on
      20/09/202413 Wesley Street, South Dunedin32231m2$505,000(last sale price)",https://www.realestate.co.nz/property/13-wesley-street-south-dunedin-dunedin-city-otago/8hkd1g2r
1487,75,"Last sold on
      19/09/20242A Main South Road, Concord31754m2$454,000(last sale price)",https://www.realestate.co.nz/property/2a-main-south-road-concord-dunedin-city-otago/46l98k9r
1488,75,"Last sold on
      19/09/202441 Meridian Street, Port Chalmers32492m2$640,000(last sale price)",https://www.realestate.co.nz/property/41-meridian-street-port-chalmers-dunedin-city-otago/g16zcc5q
1489,75,"Last sold on
      19/09/202448 Tainui Road, Tainui31404m2$511,000(last sale price)",https://www.realestate.co.nz/property/48-tainui-road-tainui-dunedin-city-otago/nrvy14wr
1490,75,"Last sold on
      19/09/202415 Nottage Street, Middlemarch31926m2$315,000(last sale price)",https://www.realestate.co.nz/property/15-nottage-street-middlemarch-dunedin-city-otago/yzjl45bs
1491,75,"Last sold on
      19/09/2024120D Gladstone Road North, Mosgiel322500m2$1,100,000(last sale price)",https://www.realestate.co.nz/property/120d-gladstone-road-north-mosgiel-dunedin-city-otago/ks3j2p9v
1492,75,"Last sold on
      19/09/202492 Stafford Street, Dunedin Central82372m2$750,000(last sale price)",https://www.realestate.co.nz/property/92-stafford-street-dunedin-central-dunedin-city-otago/vq68y7nr
1493,75,"Last sold on
      19/09/202477 Kinmont Crescent, Mosgiel31640m2$535,000(last sale price)",https://www.realestate.co.nz/property/77-kinmont-crescent-mosgiel-dunedin-city-otago/7t0s54ks
1494,75,"Last sold on
      19/09/2024718 Brighton Road, Ocean View21809m2$511,000(last sale price)",https://www.realestate.co.nz/property/718-brighton-road-ocean-view-dunedin-city-otago/lpcnj0fs
1495,75,"Last sold on
      19/09/202418 Spencer Street, Andersons Bay31816m2$1,005,000(last sale price)",https://www.realestate.co.nz/property/18-spencer-street-andersons-bay-dunedin-city-otago/0wnbxcwr
1496,75,"Last sold on
      18/09/202442 Beach Street, Waikouaiti321012m2$650,000(last sale price)",https://www.realestate.co.nz/property/42-beach-street-waikouaiti-dunedin-city-otago/y77ych4q
1497,75,"Last sold on
      18/09/202431 Grey Street, Allanton1012m2$45,000(last sale price)",https://www.realestate.co.nz/property/31-grey-street-allanton-dunedin-city-otago/pjrcdtfw
1498,75,"Last sold on
      18/09/202459 Turnbull Street, Brockville21632m2$500,000(last sale price)",https://www.realestate.co.nz/property/59-turnbull-street-brockville-dunedin-city-otago/b5237gkr
1499,75,"Last sold on
      18/09/2024414 Highgate, Roslyn32526m2$1,900,000(last sale price)",https://www.realestate.co.nz/property/414-highgate-roslyn-dunedin-city-otago/6blxbwfr
1500,76,"Last sold on
      18/09/202482 Passmore Crescent, Maori Hill42501m2$795,000(last sale price)",https://www.realestate.co.nz/property/82-passmore-crescent-maori-hill-dunedin-city-otago/8vryf7cr
1501,76,"Last sold on
      18/09/202464 Hocken Street, Kenmure31707m2$619,500(last sale price)",https://www.realestate.co.nz/property/64-hocken-street-kenmure-dunedin-city-otago/dkxg75mr
1502,76,"Last sold on
      18/09/2024119 Centennial Avenue, Helensburgh31525m2$650,000(last sale price)",https://www.realestate.co.nz/property/119-centennial-avenue-helensburgh-dunedin-city-otago/p9wh3pcr
1503,76,"Last sold on
      18/09/202445 Beach Street, Saint Clair1045m2$1,320,000(last sale price)",https://www.realestate.co.nz/property/45-beach-street-saint-clair-dunedin-city-otago/bzzd7f0r
1504,76,"Last sold on
      18/09/202451 Jackson Street, Saint Kilda1373m2$492,500(last sale price)",https://www.realestate.co.nz/property/51-jackson-street-saint-kilda-dunedin-city-otago/5rnvb44r
1505,76,"Last sold on
      18/09/202422 Pennant Street, Wakari31813m2$545,000(last sale price)",https://www.realestate.co.nz/property/22-pennant-street-wakari-dunedin-city-otago/6v0ntgfr
1506,76,"Last sold on
      18/09/202426 Bellona Street, Saint Kilda41369m2$517,000(last sale price)",https://www.realestate.co.nz/property/26-bellona-street-saint-kilda-dunedin-city-otago/xg75bq4r
1507,76,"Last sold on
      18/09/202434 Pennant Street, Wakari31874m2$601,000(last sale price)",https://www.realestate.co.nz/property/34-pennant-street-wakari-dunedin-city-otago/r9msqgfr
1508,76,"Last sold on
      18/09/2024141 Victoria Road, Saint Kilda31407m2$800,000(last sale price)",https://www.realestate.co.nz/property/141-victoria-road-saint-kilda-dunedin-city-otago/5xw1dz5r
1509,76,"Last sold on
      17/09/20241A Mulberry Lane, Bradford31578m2$542,000(last sale price)",https://www.realestate.co.nz/property/1a-mulberry-lane-bradford-dunedin-city-otago/x83gbpjr
1510,76,"Last sold on
      17/09/202411 Dick Street, South Dunedin31352m2$521,000(last sale price)",https://www.realestate.co.nz/property/11-dick-street-south-dunedin-dunedin-city-otago/31hgxv2r
1511,76,"Last sold on
      17/09/202420 Centennial Avenue, Helensburgh31708m2$630,000(last sale price)",https://www.realestate.co.nz/property/20-centennial-avenue-helensburgh-dunedin-city-otago/qykl0tcr
1512,76,"Last sold on
      17/09/202444 Howorth Road, Fairfield42787m2$760,000(last sale price)",https://www.realestate.co.nz/property/44-howorth-road-fairfield-dunedin-city-otago/hf1bc2ds
1513,76,"Last sold on
      17/09/202444 Eden Street, Mosgiel31644m2$557,500(last sale price)",https://www.realestate.co.nz/property/44-eden-street-mosgiel-dunedin-city-otago/qv2dvcks
1514,76,"Last sold on
      17/09/202469A Richardson Street, Saint Kilda21319m2$680,000(last sale price)",https://www.realestate.co.nz/property/69a-richardson-street-saint-kilda-dunedin-city-otago/jl45qs5r
1515,76,"Last sold on
      17/09/202425 Kaka Road, Saint Leonards311136m2$620,000(last sale price)",https://www.realestate.co.nz/property/25-kaka-road-saint-leonards-dunedin-city-otago/5X8g2NFk
1516,76,"Last sold on
      17/09/202419 Cliffs Road, Saint Clair21400m2$1,350,000(last sale price)",https://www.realestate.co.nz/property/19-cliffs-road-saint-clair-dunedin-city-otago/9j9j9j0r
1517,76,"Last sold on
      16/09/2024627 Castle Street, North Dunedin76$1,150,000(last sale price)",https://www.realestate.co.nz/property/627-castle-street-north-dunedin-dunedin-city-otago/0fzlb5rr
1518,76,"Last sold on
      16/09/202461A Main South Road, East Taieri42.08ha$1,425,000(last sale price)",https://www.realestate.co.nz/property/61a-main-south-road-east-taieri-dunedin-city-otago/gknrvyfs
1519,76,"Last sold on
      16/09/202423 Oakland Street, Andersons Bay32575m2$585,000(last sale price)",https://www.realestate.co.nz/property/23-oakland-street-andersons-bay-dunedin-city-otago/fks3j2vr
1520,77,"Last sold on
      16/09/202469 Hargest Crescent, Saint Clair31556m2$590,000(last sale price)",https://www.realestate.co.nz/property/69-hargest-crescent-saint-clair-dunedin-city-otago/tb8k9d5r
1521,77,"Last sold on
      16/09/202455A Walter Street, The Glen311518m2$549,800(last sale price)",https://www.realestate.co.nz/property/55a-walter-street-the-glen-dunedin-city-otago/mwb0vxlr
1522,77,"Last sold on
      16/09/202480 Barr Street, Kenmure31917m2$575,000(last sale price)",https://www.realestate.co.nz/property/80-barr-street-kenmure-dunedin-city-otago/k2k2k2mr
1523,77,"Last sold on
      16/09/2024171 Victoria Road, Saint Clair21481m2$700,000(last sale price)",https://www.realestate.co.nz/property/171-victoria-road-saint-clair-dunedin-city-otago/l8jfxz5r
1524,77,"Last sold on
      16/09/202410 Roy Crescent, Concord311123m2$561,000(last sale price)",https://www.realestate.co.nz/property/10-roy-crescent-concord-dunedin-city-otago/j59y3r8r
1525,77,"Last sold on
      16/09/2024662 Castle Street, North Dunedin62$1,000,000(last sale price)",https://www.realestate.co.nz/property/662-castle-street-north-dunedin-dunedin-city-otago/qf4tj7rr
1526,77,"Last sold on
      16/09/202469 Burns Street, South Dunedin31607m2$420,000(last sale price)",https://www.realestate.co.nz/property/69-burns-street-south-dunedin-dunedin-city-otago/g69tr20r
1527,77,"Last sold on
      15/09/20249 Owen Street, Green Island311012m2$580,000(last sale price)",https://www.realestate.co.nz/property/9-owen-street-green-island-dunedin-city-otago/v7m1fv9r
1528,77,"Last sold on
      14/09/202456 Rawhiti Street, Musselburgh33607m2$645,000(last sale price)",https://www.realestate.co.nz/property/56-rawhiti-street-musselburgh-dunedin-city-otago/1z04cqwr
1529,77,"Last sold on
      13/09/20246 Victoria Street, Mosgiel31$550,000(last sale price)",https://www.realestate.co.nz/property/6-victoria-street-mosgiel-dunedin-city-otago/m8d26vls
1530,77,"Last sold on
      13/09/202436 Norman Street, Tainui31582m2$655,000(last sale price)",https://www.realestate.co.nz/property/36-norman-street-tainui-dunedin-city-otago/5dg9xcxr
1531,77,"Last sold on
      13/09/20241/254B Middleton Road, Corstorphine3$603,000(last sale price)",https://www.realestate.co.nz/property/1-254b-middleton-road-corstorphine-dunedin-city-otago/xGQVXJvZk
1532,77,"Last sold on
      13/09/202418 Bellevue Street, Belleknowes31503m2$921,000(last sale price)",https://www.realestate.co.nz/property/18-bellevue-street-belleknowes-dunedin-city-otago/0s54qxgr
1533,77,"Last sold on
      13/09/2024130 Mulford Street, Concord21506m2$489,000(last sale price)",https://www.realestate.co.nz/property/130-mulford-street-concord-dunedin-city-otago/35v40h8r
1534,77,"Last sold on
      12/09/20242B High Street, Mosgiel31$626,000(last sale price)",https://www.realestate.co.nz/property/2b-high-street-mosgiel-dunedin-city-otago/g5kph0spd
1535,77,"Recently sold99 Forfar Street, Mosgiel31735m2Price is not yet confirmed",https://www.realestate.co.nz/property/99-forfar-street-mosgiel-dunedin-city-otago/d6kk49js
1536,77,"Last sold on
      12/09/202417 Abbotts Hill Road, Abbotsford21588m2$810,000(last sale price)",https://www.realestate.co.nz/property/17-abbotts-hill-road-abbotsford-dunedin-city-otago/rQbPtxLYk
1537,77,"Last sold on
      12/09/202482 Glen Road, The Glen31534m2$415,000(last sale price)",https://www.realestate.co.nz/property/82-glen-road-the-glen-dunedin-city-otago/v1jbftlr
1538,77,"Last sold on
      12/09/2024267 Oxford Street, South Dunedin31516m2$547,000(last sale price)",https://www.realestate.co.nz/property/267-oxford-street-south-dunedin-dunedin-city-otago/zt50c72r
1539,77,"Last sold on
      12/09/202411 Archibald Street, Waverley31756m2$602,500(last sale price)",https://www.realestate.co.nz/property/11-archibald-street-waverley-dunedin-city-otago/3gbpjwsr
1540,78,"Last sold on
      12/09/202477A Cherry Drive, Mosgiel21$525,000(last sale price)",https://www.realestate.co.nz/property/77a-cherry-drive-mosgiel-dunedin-city-otago/mnh4ktms
1541,78,"Last sold on
      12/09/202428 Marine Parade, Macandrew Bay544m2$590,000(last sale price)",https://www.realestate.co.nz/property/28-marine-parade-macandrew-bay-dunedin-city-otago/f0gv385r
1542,78,"Last sold on
      11/09/2024248 Hillhead Road, Corstorphine32602m2$870,000(last sale price)",https://www.realestate.co.nz/property/248-hillhead-road-corstorphine-dunedin-city-otago/rrgwzs0r
1543,78,"Last sold on
      11/09/2024141 Macandrew Road, South Dunedin31508m2$620,000(last sale price)",https://www.realestate.co.nz/property/141-macandrew-road-south-dunedin-dunedin-city-otago/8z3mkw2r
1544,78,"Last sold on
      11/09/202445 Greenock Street, Kaikorai31739m2$708,888(last sale price)",https://www.realestate.co.nz/property/45-greenock-street-kaikorai-dunedin-city-otago/kz2wdmhr
1545,78,"Last sold on
      11/09/20246A Harris Street, Karitane31012m2$2,000,000(last sale price)",https://www.realestate.co.nz/property/6a-harris-street-karitane-dunedin-city-otago/zccy3w2q
1546,78,"Last sold on
      11/09/202435 Ayr Street, Mosgiel31572m2$635,000(last sale price)",https://www.realestate.co.nz/property/35-ayr-street-mosgiel-dunedin-city-otago/y5hyg3ls
1547,78,"Last sold on
      11/09/202443 Severn Street, Mosgiel31631m2$625,000(last sale price)",https://www.realestate.co.nz/property/43-severn-street-mosgiel-dunedin-city-otago/4tj7xmms
1548,78,"Last sold on
      10/09/20247 Graham Street, Dunedin Central285517m2$1,725,000(last sale price)",https://www.realestate.co.nz/property/7-graham-street-dunedin-central-dunedin-city-otago/gf91q9pr
1549,78,"Last sold on
      10/09/202421 Duxford Crescent, Fairfield21710m2$606,000(last sale price)",https://www.realestate.co.nz/property/21-duxford-crescent-fairfield-dunedin-city-otago/rbj9nnfs
1550,78,"Last sold on
      10/09/2024317 High Street, Dunedin Central64259m2$1,100,000(last sale price)",https://www.realestate.co.nz/property/317-high-street-dunedin-central-dunedin-city-otago/0t1np3nr
1551,78,"Last sold on
      10/09/20241/115 Carroll Street, Dunedin Central4$625,000(last sale price)",https://www.realestate.co.nz/property/1-115-carroll-street-dunedin-central-dunedin-city-otago/sz5cls0xd
1552,78,"Last sold on
      10/09/202433 Eastbourne Street, Caversham32489m2$620,000(last sale price)",https://www.realestate.co.nz/property/33-eastbourne-street-caversham-dunedin-city-otago/thhsc80r
1553,78,"Last sold on
      10/09/2024129H Helensburgh Road, Halfway Bush21$392,000(last sale price)",https://www.realestate.co.nz/property/129h-helensburgh-road-halfway-bush-dunedin-city-otago/dctr64lw
1554,78,"Last sold on
      10/09/202417 Kiwi Street, Saint Leonards321012m2$732,500(last sale price)",https://www.realestate.co.nz/property/17-kiwi-street-saint-leonards-dunedin-city-otago/yzjl455q
1555,78,"Last sold on
      10/09/2024236A South Road, Caversham32171m2$650,000(last sale price)",https://www.realestate.co.nz/property/236a-south-road-caversham-dunedin-city-otago/75bq809z
1556,78,"Last sold on
      10/09/2024115 Carroll Street, Dunedin Central41$625,000(last sale price)",https://www.realestate.co.nz/property/115-carroll-street-dunedin-central-dunedin-city-otago/qt6ww5nr
1557,78,"Last sold on
      09/09/20243 Queens Drive, Saint Kilda31$370,000(last sale price)",https://www.realestate.co.nz/property/3-queens-drive-saint-kilda-dunedin-city-otago/4dlnmh4r
1558,78,"Last sold on
      09/09/202469 Doon Street, Mosgiel4663m2$680,000(last sale price)",https://www.realestate.co.nz/property/69-doon-street-mosgiel-dunedin-city-otago/lhd952ms
1559,78,"Last sold on
      09/09/20247A Mills Street, Saint Kilda21$460,000(last sale price)",https://www.realestate.co.nz/property/7a-mills-street-saint-kilda-dunedin-city-otago/0s54qxspd
1560,79,"Last sold on
      09/09/20246 Koremata Street, Green Island31741m2$485,000(last sale price)",https://www.realestate.co.nz/property/6-koremata-street-green-island-dunedin-city-otago/qbnncs9r
1561,79,"Last sold on
      09/09/20244 Pitcairn Street, Belleknowes31582m2$586,500(last sale price)",https://www.realestate.co.nz/property/4-pitcairn-street-belleknowes-dunedin-city-otago/y3w87tkr
1562,79,"Last sold on
      06/09/20245 Falkland Street, Maori Hill31608m2$1,050,000(last sale price)",https://www.realestate.co.nz/property/5-falkland-street-maori-hill-dunedin-city-otago/dtmvghdr
1563,79,"Last sold on
      06/09/20241 Eden Street, Mosgiel31$581,000(last sale price)",https://www.realestate.co.nz/property/1-eden-street-mosgiel-dunedin-city-otago/rvy147js
1564,79,"Last sold on
      06/09/202481 Somerville Street, Andersons Bay311399m2$270,000(last sale price)",https://www.realestate.co.nz/property/81-somerville-street-andersons-bay-dunedin-city-otago/5w0jgssr
1565,79,"Last sold on
      06/09/20242 Carson Street, Mornington32500m2$741,000(last sale price)",https://www.realestate.co.nz/property/2-carson-street-mornington-dunedin-city-otago/x4rs60lr
1566,79,"Last sold on
      06/09/2024300 York Place, Dunedin Central21319m2$800,000(last sale price)",https://www.realestate.co.nz/property/300-york-place-dunedin-central-dunedin-city-otago/9vmlr3pr
1567,79,"Last sold on
      06/09/20248 Stables Lane, Mosgiel400m2$350,000(last sale price)",https://www.realestate.co.nz/property/8-stables-lane-mosgiel-dunedin-city-otago/ZmHDpvPbl
1568,79,"Last sold on
      06/09/202446 Bath Street, Brighton32628m2$1,250,000(last sale price)",https://www.realestate.co.nz/property/46-bath-street-brighton-dunedin-city-otago/blxbwhgs
1569,79,"Last sold on
      06/09/202440 Oxford Street, South Dunedin31347m2$415,000(last sale price)",https://www.realestate.co.nz/property/40-oxford-street-south-dunedin-dunedin-city-otago/36qnzp2r
1570,79,"Last sold on
      06/09/202443 Glenelg Street, Bradford31571m2$510,000(last sale price)",https://www.realestate.co.nz/property/43-glenelg-street-bradford-dunedin-city-otago/n7d6kkjr
1571,79,"Last sold on
      06/09/202452 Argyle Street, Mornington31503m2$480,000(last sale price)",https://www.realestate.co.nz/property/52-argyle-street-mornington-dunedin-city-otago/splhd9lr
1572,79,"Last sold on
      06/09/202437 Clyde Street, North Dunedin21202m2$535,000(last sale price)",https://www.realestate.co.nz/property/37-clyde-street-north-dunedin-dunedin-city-otago/cdtmvg5q
1573,79,"Last sold on
      06/09/202447 Gebbie Street, Mosgiel531091m2$885,000(last sale price)",https://www.realestate.co.nz/property/47-gebbie-street-mosgiel-dunedin-city-otago/pcnj02ks
1574,79,"Last sold on
      06/09/202418 Davies Street, Concord31735m2$557,000(last sale price)",https://www.realestate.co.nz/property/18-davies-street-concord-dunedin-city-otago/y20r9m8r
1575,79,"Last sold on
      06/09/202415B Ravelston Street, Saint Kilda21$465,000(last sale price)",https://www.realestate.co.nz/property/15b-ravelston-street-saint-kilda-dunedin-city-otago/672q5d4r
1576,79,"Last sold on
      06/09/202453 Nelson Street, Forbury31468m2$405,000(last sale price)",https://www.realestate.co.nz/property/53-nelson-street-forbury-dunedin-city-otago/cvhcfp1r
1577,79,"Last sold on
      06/09/202415A Prince Albert Road, Saint Kilda21$340,000(last sale price)",https://www.realestate.co.nz/property/15a-prince-albert-road-saint-kilda-dunedin-city-otago/03h65g3r
1578,79,"Last sold on
      06/09/202413 Kent Place, Mosgiel42580m2$714,500(last sale price)",https://www.realestate.co.nz/property/13-kent-place-mosgiel-dunedin-city-otago/9b6t8hns
1579,79,"Last sold on
      06/09/202416 Burnett Street, Calton Hill42754m2$700,000(last sale price)",https://www.realestate.co.nz/property/16-burnett-street-calton-hill-dunedin-city-otago/ywx18lxr
1580,80,"Last sold on
      05/09/2024272 High Street, Dunedin Central41506m2$551,000(last sale price)",https://www.realestate.co.nz/property/272-high-street-dunedin-central-dunedin-city-otago/hzbmsvpr
1581,80,"Last sold on
      05/09/2024166 Victoria Road, Saint Clair42825m2$1,120,000(last sale price)",https://www.realestate.co.nz/property/166-victoria-road-saint-clair-dunedin-city-otago/vvkz2w5r
1582,80,"Last sold on
      05/09/20242D Irvine Street, Mosgiel32271m2$851,000(last sale price)",https://www.realestate.co.nz/property/2d-irvine-street-mosgiel-dunedin-city-otago/dctr6481d
1583,80,"Last sold on
      05/09/202422 Mcdonald Street, Mosgiel31615m2$581,000(last sale price)",https://www.realestate.co.nz/property/22-mcdonald-street-mosgiel-dunedin-city-otago/bvmq3sls
1584,80,"Last sold on
      05/09/202449 Murray Street, Caversham41968m2$611,000(last sale price)",https://www.realestate.co.nz/property/49-murray-street-caversham-dunedin-city-otago/4x0d32yr
1585,80,"Last sold on
      05/09/202414 Penrich Street, Abbotsford421012m2$680,000(last sale price)",https://www.realestate.co.nz/property/14-penrich-street-abbotsford-dunedin-city-otago/xqykl08r
1586,80,"Last sold on
      05/09/20243 Anne Street, Waikouaiti21605m2$460,000(last sale price)",https://www.realestate.co.nz/property/3-anne-street-waikouaiti-dunedin-city-otago/wjz6723q
1587,80,"Last sold on
      05/09/202441 Littlebourne Road, Roslyn42784m2$780,000(last sale price)",https://www.realestate.co.nz/property/41-littlebourne-road-roslyn-dunedin-city-otago/s01wjzfr
1588,80,"Last sold on
      05/09/20248A Dryden Street, Mosgiel22225m2$700,000(last sale price)",https://www.realestate.co.nz/property/8a-dryden-street-mosgiel-dunedin-city-otago/FWLMgc9bl
1589,80,"Last sold on
      05/09/202411A Koremata Street, Green Island321172m2$805,000(last sale price)",https://www.realestate.co.nz/property/11a-koremata-street-green-island-dunedin-city-otago/5237gt9r
1590,80,"Last sold on
      05/09/202415 Graham Street, Mosgiel31697m2$620,000(last sale price)",https://www.realestate.co.nz/property/15-graham-street-mosgiel-dunedin-city-otago/492gg1js
1591,80,"Last sold on
      05/09/202424B Shand Street, Green Island21$470,000(last sale price)",https://www.realestate.co.nz/property/24b-shand-street-green-island-dunedin-city-otago/q74g699r
1592,80,"Last sold on
      04/09/202419 Bellevue Street, Belleknowes42852m2$920,000(last sale price)",https://www.realestate.co.nz/property/19-bellevue-street-belleknowes-dunedin-city-otago/1dzqpvgr
1593,80,"Last sold on
      04/09/202410B Reid Avenue, Mosgiel31229m2$715,000(last sale price)",https://www.realestate.co.nz/property/10b-reid-avenue-mosgiel-dunedin-city-otago/4dlnmhjs
1594,80,"Last sold on
      04/09/20242/74 Church Street, Mosgiel1$496,500(last sale price)",https://www.realestate.co.nz/property/2-74-church-street-mosgiel-dunedin-city-otago/5RJrwDdZk
1595,80,"Last sold on
      04/09/202413 Cawdor Place, Waverley31633m2$618,000(last sale price)",https://www.realestate.co.nz/property/13-cawdor-place-waverley-dunedin-city-otago/rcdtmvtr
1596,80,"Last sold on
      04/09/202437 Duxford Crescent, Fairfield421079m2$1,155,000(last sale price)",https://www.realestate.co.nz/property/37-duxford-crescent-fairfield-dunedin-city-otago/y20r9mfs
1597,80,"Last sold on
      04/09/2024119 Leith Street, Dunedin Central72314m2$955,000(last sale price)",https://www.realestate.co.nz/property/119-leith-street-dunedin-central-dunedin-city-otago/2czv1jqr
1598,80,"Last sold on
      04/09/202458 Howe Street, North Dunedin51208m2$740,000(last sale price)",https://www.realestate.co.nz/property/58-howe-street-north-dunedin-dunedin-city-otago/jgshm4rr
1599,80,"Last sold on
      03/09/2024315 Rattray Street, Dunedin Central51556m2$685,000(last sale price)",https://www.realestate.co.nz/property/315-rattray-street-dunedin-central-dunedin-city-otago/yrkc5ypr
1600,81,"Last sold on
      03/09/202411 Centre Road, Ocean Grove846m2$495,000(last sale price)",https://www.realestate.co.nz/property/11-centre-road-ocean-grove-dunedin-city-otago/gylgjs6r
1601,81,"Last sold on
      03/09/202411 Hall Road, Sawyers Bay21425m2$500,000(last sale price)",https://www.realestate.co.nz/property/11-hall-road-sawyers-bay-dunedin-city-otago/hcfp4s5q
1602,81,"Last sold on
      03/09/202423 Wales Street, Maori Hill31469m2$575,000(last sale price)",https://www.realestate.co.nz/property/23-wales-street-maori-hill-dunedin-city-otago/j2pf85fr
1603,81,"Last sold on
      03/09/20248 Edna Street, Ocean View422075m2$965,000(last sale price)",https://www.realestate.co.nz/property/8-edna-street-ocean-view-dunedin-city-otago/s2nkr7fs
1604,81,"Last sold on
      03/09/202432 Gorman Street, Macandrew Bay31612m2$740,000(last sale price)",https://www.realestate.co.nz/property/32-gorman-street-macandrew-bay-dunedin-city-otago/zs9hf15r
1605,81,"Last sold on
      03/09/20245 Wells Street, Brighton311012m2$592,500(last sale price)",https://www.realestate.co.nz/property/5-wells-street-brighton-dunedin-city-otago/f1bc2ggs
1606,81,"Last sold on
      03/09/202479 Severn Street, Green Island321028m2$1,100,000(last sale price)",https://www.realestate.co.nz/property/79-severn-street-green-island-dunedin-city-otago/bwh71z81d
1607,81,"Last sold on
      02/09/2024199 Somerville Street, Shiel Hill1$549,000(last sale price)",https://www.realestate.co.nz/property/199-somerville-street-shiel-hill-dunedin-city-otago/twfh12tr
1608,81,"Last sold on
      02/09/202468 Loyalty Street, Forbury31351m2$390,072(last sale price)",https://www.realestate.co.nz/property/68-loyalty-street-forbury-dunedin-city-otago/h4ktvp1r
1609,81,"Last sold on
      02/09/2024105 Hagart-alexander Drive, Mosgiel31654m2$649,800(last sale price)",https://www.realestate.co.nz/property/105-hagart-alexander-drive-mosgiel-dunedin-city-otago/hbk55lns
1610,81,"Last sold on
      02/09/202499 Wakari Road, Helensburgh43443m2$860,000(last sale price)",https://www.realestate.co.nz/property/99-wakari-road-helensburgh-dunedin-city-otago/fsmzt5br
1611,81,"Last sold on
      01/09/202463 Glendevon Place, Vauxhall311499m2$605,000(last sale price)",https://www.realestate.co.nz/property/63-glendevon-place-vauxhall-dunedin-city-otago/k2k2k2sr
1612,81,"Last sold on
      30/08/202432C Shand Street, Green Island21$520,000(last sale price)",https://www.realestate.co.nz/property/32c-shand-street-green-island-dunedin-city-otago/t3dq099r
1613,81,"Last sold on
      30/08/202419 Summertime Avenue, Corstorphine31832m2$567,120(last sale price)",https://www.realestate.co.nz/property/19-summertime-avenue-corstorphine-dunedin-city-otago/ww5rnvzr
1614,81,"Last sold on
      30/08/202418 Popham Road, Henley311.25ha$640,000(last sale price)",https://www.realestate.co.nz/property/18-popham-road-henley-dunedin-city-otago/cb2ly28jk
1615,81,"Last sold on
      29/08/202471 Gladstone Road, Dalmore31746m2$270,000(last sale price)",https://www.realestate.co.nz/property/71-gladstone-road-dalmore-dunedin-city-otago/0jgshm9q
1616,81,"Last sold on
      29/08/202411 Mcdonald Street, Brockville31860m2$560,500(last sale price)",https://www.realestate.co.nz/property/11-mcdonald-street-brockville-dunedin-city-otago/28gpw2jr
1617,81,"Last sold on
      29/08/2024249 Oxford Street, South Dunedin31653m2$350,000(last sale price)",https://www.realestate.co.nz/property/249-oxford-street-south-dunedin-dunedin-city-otago/h12mp72r
1618,81,"Last sold on
      29/08/2024229 Big Stone Road, Brighton428.10ha$1,300,000(last sale price)",https://www.realestate.co.nz/property/229-big-stone-road-brighton-dunedin-city-otago/1mtlzygs
1619,81,"Last sold on
      29/08/202433 Fairview Terrace, Sawyers Bay311012m2$620,000(last sale price)",https://www.realestate.co.nz/property/33-fairview-terrace-sawyers-bay-dunedin-city-otago/r64lk05q
1620,82,"Last sold on
      28/08/202491 Doon Street, Vauxhall32964m2$920,000(last sale price)",https://www.realestate.co.nz/property/91-doon-street-vauxhall-dunedin-city-otago/517qjmtr
1621,82,"Last sold on
      28/08/202434 Wesley Street, South Dunedin42515m2$530,000(last sale price)",https://www.realestate.co.nz/property/34-wesley-street-south-dunedin-dunedin-city-otago/q4n90v1r
1622,82,"Last sold on
      28/08/202420 Bennett Road, Ocean View31953m2$635,000(last sale price)",https://www.realestate.co.nz/property/20-bennett-road-ocean-view-dunedin-city-otago/5kph06fs
1623,82,"Last sold on
      28/08/2024121 Bedford Street, Saint Clair31405m2$725,000(last sale price)",https://www.realestate.co.nz/property/121-bedford-street-saint-clair-dunedin-city-otago/4dlnmh0r
1624,82,"Last sold on
      28/08/202442 Roy Crescent, Concord31933m2$449,000(last sale price)",https://www.realestate.co.nz/property/42-roy-crescent-concord-dunedin-city-otago/ss2nkr8r
1625,82,"Last sold on
      28/08/202437 Swansea Street, Middlemarch311052m2$335,000(last sale price)",https://www.realestate.co.nz/property/37-swansea-street-middlemarch-dunedin-city-otago/rf0gv3bs
1626,82,"Last sold on
      28/08/2024280 Highcliff Road, Shiel Hill31519m2$643,500(last sale price)",https://www.realestate.co.nz/property/280-highcliff-road-shiel-hill-dunedin-city-otago/jgshm4tr
1627,82,"Last sold on
      28/08/2024111 Mornington Road, Kenmure31503m2$528,000(last sale price)",https://www.realestate.co.nz/property/111-mornington-road-kenmure-dunedin-city-otago/4lk0ydxr
1628,82,"Last sold on
      28/08/20241B Gresham Street, Tainui21$484,000(last sale price)",https://www.realestate.co.nz/property/1b-gresham-street-tainui-dunedin-city-otago/hzbmsvvr
1629,82,"Last sold on
      27/08/2024145 Forfar Street, Clyde Hill751m2$520,000(last sale price)",https://www.realestate.co.nz/property/145-forfar-street-clyde-hill-dunedin-city-otago/C0bVDNhl
1630,82,"Last sold on
      27/08/2024113 Harbour Terrace, North Dunedin52291m2$911,000(last sale price)",https://www.realestate.co.nz/property/113-harbour-terrace-north-dunedin-dunedin-city-otago/ktvpbsrr
1631,82,"Last sold on
      27/08/202415 Shipka Street, Abbotsford31799m2$660,000(last sale price)",https://www.realestate.co.nz/property/15-shipka-street-abbotsford-dunedin-city-otago/5yrkc58r
1632,82,"Last sold on
      27/08/20244 Irvine Street, Mosgiel21400m2$429,500(last sale price)",https://www.realestate.co.nz/property/4-irvine-street-mosgiel-dunedin-city-otago/rm35v4ls
1633,82,"Last sold on
      27/08/202470 Mornington Road, Kenmure31582m2$599,000(last sale price)",https://www.realestate.co.nz/property/70-mornington-road-kenmure-dunedin-city-otago/qjm0ppnr
1634,82,"Last sold on
      27/08/202421 Bay Road, Warrington31809m2$650,010(last sale price)",https://www.realestate.co.nz/property/21-bay-road-warrington-dunedin-city-otago/9lx6ht1q
1635,82,"Last sold on
      27/08/202443 Patrick Street, The Glen31653m2$675,000(last sale price)",https://www.realestate.co.nz/property/43-patrick-street-the-glen-dunedin-city-otago/ss2nkrlr
1636,82,"Last sold on
      27/08/20245 Burns Street, Port Chalmers31476m2$410,000(last sale price)",https://www.realestate.co.nz/property/5-burns-street-port-chalmers-dunedin-city-otago/56blxb5q
1637,82,"Last sold on
      27/08/202494 Main South Road, Green Island31539m2$550,000(last sale price)",https://www.realestate.co.nz/property/94-main-south-road-green-island-dunedin-city-otago/31hgxv9r
1638,82,"Last sold on
      27/08/2024195 Macandrew Road, South Dunedin31448m2$455,000(last sale price)",https://www.realestate.co.nz/property/195-macandrew-road-south-dunedin-dunedin-city-otago/kqcj592r
1639,82,"Last sold on
      27/08/20245 Leithton Close, Glenleith32818m2$850,000(last sale price)",https://www.realestate.co.nz/property/5-leithton-close-glenleith-dunedin-city-otago/f3y08qbr
1640,83,"Last sold on
      27/08/202437 Harrington Street, Port Chalmers31520m2$550,000(last sale price)",https://www.realestate.co.nz/property/37-harrington-street-port-chalmers-dunedin-city-otago/qnzptb5q
1641,83,"Last sold on
      27/08/202417 Haig Street, Mornington21227m2$385,000(last sale price)",https://www.realestate.co.nz/property/17-haig-street-mornington-dunedin-city-otago/lzyjqhlr
1642,83,"Last sold on
      26/08/202415 Helensburgh Road, Halfway Bush32732m2$600,000(last sale price)",https://www.realestate.co.nz/property/15-helensburgh-road-halfway-bush-dunedin-city-otago/1dzqpvhr
1643,83,"Last sold on
      26/08/202472 Perth Street, Mosgiel42669m2$750,000(last sale price)",https://www.realestate.co.nz/property/72-perth-street-mosgiel-dunedin-city-otago/04cq4nks
1644,83,"Last sold on
      26/08/202455 Ann Street, Kaikorai41951m2$740,000(last sale price)",https://www.realestate.co.nz/property/55-ann-street-kaikorai-dunedin-city-otago/dj1y8zgr
1645,83,"Last sold on
      26/08/20249/97 Filleul Street, Dunedin Central11$450,000(last sale price)",https://www.realestate.co.nz/property/9-97-filleul-street-dunedin-central-dunedin-city-otago/lwgck14pz
1646,83,"Last sold on
      26/08/2024164B Hagart-alexander Drive, Mosgiel21$620,000(last sale price)",https://www.realestate.co.nz/property/164b-hagart-alexander-drive-mosgiel-dunedin-city-otago/zjl45qgw
1647,83,"Last sold on
      23/08/2024109 Hillhead Road, Corstorphine21502m2$436,000(last sale price)",https://www.realestate.co.nz/property/109-hillhead-road-corstorphine-dunedin-city-otago/srbj9nyr
1648,83,"Last sold on
      23/08/202410D Severn Street, Mosgiel21847m2$345,000(last sale price)",https://www.realestate.co.nz/property/10d-severn-street-mosgiel-dunedin-city-otago/tmvghxms
1649,83,"Last sold on
      23/08/202425 Maitland Street, Dunedin Central411012m2$630,000(last sale price)",https://www.realestate.co.nz/property/25-maitland-street-dunedin-central-dunedin-city-otago/vsty5hpr
1650,83,"Last sold on
      23/08/202444 Newport Street, Belleknowes42440m2$1,600,000(last sale price)",https://www.realestate.co.nz/property/44-newport-street-belleknowes-dunedin-city-otago/4v8c6pkr
1651,83,"Last sold on
      23/08/202423 Glengyle Street, Vauxhall52431m2$735,000(last sale price)",https://www.realestate.co.nz/property/23-glengyle-street-vauxhall-dunedin-city-otago/vj3ky6sr
1652,83,"Last sold on
      23/08/202451/31 Eastbourne Street, Caversham21$505,000(last sale price)",https://www.realestate.co.nz/property/51-31-eastbourne-street-caversham-dunedin-city-otago/zz8vryxv
1653,83,"Last sold on
      23/08/202417 Graham Street, Mosgiel31697m2$615,000(last sale price)",https://www.realestate.co.nz/property/17-graham-street-mosgiel-dunedin-city-otago/8twfh1js
1654,83,"Last sold on
      22/08/202450 Factory Road, Mosgiel31326m2$570,000(last sale price)",https://www.realestate.co.nz/property/50-factory-road-mosgiel-dunedin-city-otago/bq80z4hs
1655,83,"Last sold on
      22/08/202442 Turnbull Street, Brockville31645m2$485,000(last sale price)",https://www.realestate.co.nz/property/42-turnbull-street-brockville-dunedin-city-otago/w5rnvbkr
1656,83,"Last sold on
      22/08/20245 Kintyre Place, Mosgiel42924m2$919,000(last sale price)",https://www.realestate.co.nz/property/5-kintyre-place-mosgiel-dunedin-city-otago/30myynms
1657,83,"Last sold on
      22/08/20244 Crossan Terrace, Mosgiel431205m2$979,500(last sale price)",https://www.realestate.co.nz/property/4-crossan-terrace-mosgiel-dunedin-city-otago/b9ftc4cs
1658,83,"Last sold on
      22/08/202415 Derwent Street, Helensburgh52569m2$830,000(last sale price)",https://www.realestate.co.nz/property/15-derwent-street-helensburgh-dunedin-city-otago/pxtfrrcr
1659,83,"Last sold on
      22/08/202458 Tomahawk Road, Andersons Bay41823m2$680,000(last sale price)",https://www.realestate.co.nz/property/58-tomahawk-road-andersons-bay-dunedin-city-otago/zccy3wvr
1660,84,"Last sold on
      22/08/20248 Meuse Lane, Andersons Bay21564m2$630,000(last sale price)",https://www.realestate.co.nz/property/8-meuse-lane-andersons-bay-dunedin-city-otago/nn7d6kvr
1661,84,"Last sold on
      21/08/202421D Clark Street, Dunedin Central1450m2$180,000(last sale price)",https://www.realestate.co.nz/property/21d-clark-street-dunedin-central-dunedin-city-otago/cj59y30gk
1662,84,"Last sold on
      21/08/2024142 Forth Street, North Dunedin31212m2$399,000(last sale price)",https://www.realestate.co.nz/property/142-forth-street-north-dunedin-dunedin-city-otago/9dyv5wrr
1663,84,"Last sold on
      21/08/20241232 George King Memorial Drive, East Ot...115m2$760,000(last sale price)",https://www.realestate.co.nz/property/1232-george-king-memorial-drive-east-otago-dunedin-city-otago/2y4mfjcs
1664,84,"Last sold on
      21/08/202473 Wickliffe Terrace, Port Chalmers21556m2$150,000(last sale price)",https://www.realestate.co.nz/property/73-wickliffe-terrace-port-chalmers-dunedin-city-otago/2hbk554q
1665,84,"Last sold on
      21/08/202410 Grey Street, Allanton411012m2$700,000(last sale price)",https://www.realestate.co.nz/property/10-grey-street-allanton-dunedin-city-otago/rcdtmvfs
1666,84,"Last sold on
      21/08/202456C Oxford Street, South Dunedin21$405,000(last sale price)",https://www.realestate.co.nz/property/56c-oxford-street-south-dunedin-dunedin-city-otago/xg75bq2r
1667,84,"Last sold on
      21/08/2024396 King Edward Street, South Dunedin21265m2$560,000(last sale price)",https://www.realestate.co.nz/property/396-king-edward-street-south-dunedin-dunedin-city-otago/fp0fzl2r
1668,84,"Last sold on
      21/08/202427 Wales Street, Maori Hill42692m2$1,080,000(last sale price)",https://www.realestate.co.nz/property/27-wales-street-maori-hill-dunedin-city-otago/zm29b6fr
1669,84,"Last sold on
      21/08/202456 Tirohanga Road, North Taieri422.00ha$2,000,000(last sale price)",https://www.realestate.co.nz/property/56-tirohanga-road-north-taieri-dunedin-city-otago/gzgzgzcs
1670,84,"Last sold on
      21/08/20241 Kinmont Crescent, Mosgiel31645m2$645,000(last sale price)",https://www.realestate.co.nz/property/1-kinmont-crescent-mosgiel-dunedin-city-otago/2nkr70ks
1671,84,"Last sold on
      21/08/2024662A Castle Street, North Dunedin52$840,000(last sale price)",https://www.realestate.co.nz/property/662a-castle-street-north-dunedin-dunedin-city-otago/lxbwh7rr
1672,84,"Last sold on
      21/08/2024660A Castle Street, North Dunedin52$840,000(last sale price)",https://www.realestate.co.nz/property/660a-castle-street-north-dunedin-dunedin-city-otago/8vryf7rr
1673,84,"Last sold on
      20/08/20248 Maybank Street, North East Valley31223m2$590,000(last sale price)",https://www.realestate.co.nz/property/8-maybank-street-north-east-valley-dunedin-city-otago/6cgf918q
1674,84,"Last sold on
      20/08/202425 Dunblane Street, Maori Hill32902m2$887,000(last sale price)",https://www.realestate.co.nz/property/25-dunblane-street-maori-hill-dunedin-city-otago/fsmzt5fr
1675,84,"Last sold on
      20/08/202435 Woodhaugh Street, Woodhaugh498m2$370,000(last sale price)",https://www.realestate.co.nz/property/35-woodhaugh-street-woodhaugh-dunedin-city-otago/d89k1pbr
1676,84,"Last sold on
      20/08/20248B Mure Street, Mosgiel21$485,000(last sale price)",https://www.realestate.co.nz/property/8b-mure-street-mosgiel-dunedin-city-otago/smzt50ls
1677,84,"Last sold on
      20/08/202425 Ethel Street, Wakari41833m2$685,000(last sale price)",https://www.realestate.co.nz/property/25-ethel-street-wakari-dunedin-city-otago/v0ntgmfr
1678,84,"Last sold on
      20/08/202452A Forbury Road, Forbury32$900,000(last sale price)",https://www.realestate.co.nz/property/52a-forbury-road-forbury-dunedin-city-otago/lpcnj0yr
1679,84,"Last sold on
      20/08/202436 Granville Terrace, Belleknowes42864m2$1,600,000(last sale price)",https://www.realestate.co.nz/property/36-granville-terrace-belleknowes-dunedin-city-otago/vdrwtkkr
1680,85,"Last sold on
      19/08/20248 Benfell Street, Green Island31465m2$615,705(last sale price)",https://www.realestate.co.nz/property/8-benfell-street-green-island-dunedin-city-otago/3cvhcfbs
1681,85,"Last sold on
      19/08/202452 Cannington Road, Maori Hill31577m2$907,000(last sale price)",https://www.realestate.co.nz/property/52-cannington-road-maori-hill-dunedin-city-otago/tr64lkbr
1682,85,"Last sold on
      19/08/20242A Winifred Street, Concord21945m2$505,000(last sale price)",https://www.realestate.co.nz/property/2a-winifred-street-concord-dunedin-city-otago/n25zhq9r
1683,85,"Last sold on
      19/08/202414B Clyde Street, Mosgiel32500m2$790,000(last sale price)",https://www.realestate.co.nz/property/14b-clyde-street-mosgiel-dunedin-city-otago/98k51781d
1684,85,"Last sold on
      19/08/2024125 Thomas Street, Waikouaiti321012m2$470,000(last sale price)",https://www.realestate.co.nz/property/125-thomas-street-waikouaiti-dunedin-city-otago/rvy1473q
1685,85,"Last sold on
      18/08/2024101D Russell Street, Dunedin Central21$410,000(last sale price)",https://www.realestate.co.nz/property/101d-russell-street-dunedin-central-dunedin-city-otago/jz672qxy
1686,85,"Recently sold10 Glen Road, Mornington211006m2Price is not yet confirmed",https://www.realestate.co.nz/property/10-glen-road-mornington-dunedin-city-otago/hd952zlr
1687,85,"Last sold on
      16/08/20242C Forth Street, North Dunedin62$777,500(last sale price)",https://www.realestate.co.nz/property/2c-forth-street-north-dunedin-dunedin-city-otago/5kph064v
1688,85,"Last sold on
      16/08/202468 Fitzroy Street, Caversham31311m2$620,000(last sale price)",https://www.realestate.co.nz/property/68-fitzroy-street-caversham-dunedin-city-otago/LYs739NQ
1689,85,"Last sold on
      16/08/2024145 Jeffery Street, Andersons Bay31557m2$670,000(last sale price)",https://www.realestate.co.nz/property/145-jeffery-street-andersons-bay-dunedin-city-otago/sjc99fvr
1690,85,"Last sold on
      16/08/2024330 Hillingdon Street, Normanby31683m2$760,000(last sale price)",https://www.realestate.co.nz/property/330-hillingdon-street-normanby-dunedin-city-otago/fthhsc8q
1691,85,"Last sold on
      16/08/20245 Shanks Street, Green Island31643m2$615,000(last sale price)",https://www.realestate.co.nz/property/5-shanks-street-green-island-dunedin-city-otago/2tsy9v9r
1692,85,"Last sold on
      16/08/202462 Gilkison Street, Halfway Bush1559m2$536,300(last sale price)",https://www.realestate.co.nz/property/62-gilkison-street-halfway-bush-dunedin-city-otago/lxbwh7br
1693,85,"Last sold on
      16/08/202420A Gladstone Road North, Mosgiel42$460,000(last sale price)",https://www.realestate.co.nz/property/20a-gladstone-road-north-mosgiel-dunedin-city-otago/fw34zm9v
1694,85,"Last sold on
      16/08/202435 Morrison Street, Caversham41911m2$550,000(last sale price)",https://www.realestate.co.nz/property/35-morrison-street-caversham-dunedin-city-otago/rnvb46xr
1695,85,"Last sold on
      16/08/2024412 Highgate, Roslyn53558m2$1,400,000(last sale price)",https://www.realestate.co.nz/property/412-highgate-roslyn-dunedin-city-otago/cwcwcwfr
1696,85,"Last sold on
      15/08/2024787B George Street, North Dunedin52$620,000(last sale price)",https://www.realestate.co.nz/property/787b-george-street-north-dunedin-dunedin-city-otago/b6t8hkrr
1697,85,"Last sold on
      15/08/202422 Cochrane Street, Mornington31625m2$520,000(last sale price)",https://www.realestate.co.nz/property/22-cochrane-street-mornington-dunedin-city-otago/5w0jgslr
1698,85,"Last sold on
      15/08/202444 Law Street, Caversham32409m2$410,000(last sale price)",https://www.realestate.co.nz/property/44-law-street-caversham-dunedin-city-otago/p5jtz10r
1699,85,"Last sold on
      15/08/202458 Victoria Road, Saint Kilda31302m2$525,000(last sale price)",https://www.realestate.co.nz/property/58-victoria-road-saint-kilda-dunedin-city-otago/9nn7d63r
1700,86,"Last sold on
      15/08/20241 Elizabeth Avenue, East Taieri41635m2$740,000(last sale price)",https://www.realestate.co.nz/property/1-elizabeth-avenue-east-taieri-dunedin-city-otago/fn88pjms
1701,86,"Last sold on
      15/08/202416 Allen Road, Green Island31534m2$559,600(last sale price)",https://www.realestate.co.nz/property/16-allen-road-green-island-dunedin-city-otago/z5clszbs
1702,86,"Last sold on
      15/08/20249A Victoria Street, Mosgiel21215m2$565,100(last sale price)",https://www.realestate.co.nz/property/9a-victoria-street-mosgiel-dunedin-city-otago/8k9dyvls
1703,86,"Last sold on
      15/08/202416 Tay Street, Mosgiel31724m2$570,525(last sale price)",https://www.realestate.co.nz/property/16-tay-street-mosgiel-dunedin-city-otago/t9c2b7js
1704,86,"Last sold on
      15/08/20242/5 Eskvale Street, Saint Kilda1$410,000(last sale price)",https://www.realestate.co.nz/property/2-5-eskvale-street-saint-kilda-dunedin-city-otago/wmgdfk0v
1705,86,"Last sold on
      15/08/202465 Jackson Street, Saint Kilda31373m2$570,000(last sale price)",https://www.realestate.co.nz/property/65-jackson-street-saint-kilda-dunedin-city-otago/cj59y34r
1706,86,"Last sold on
      14/08/202420 Eastbank Street, Waverley41764m2$605,000(last sale price)",https://www.realestate.co.nz/property/20-eastbank-street-waverley-dunedin-city-otago/vng81vsr
1707,86,"Recently sold371 Thorburn Road, Waikouaiti4939m2Price is not yet confirmed",https://www.realestate.co.nz/property/371-thorburn-road-waikouaiti-dunedin-city-otago/c5yrkc1q
1708,86,"Last sold on
      14/08/202427 Sunshine Lane, Musselburgh2637m2$662,000(last sale price)",https://www.realestate.co.nz/property/27-sunshine-lane-musselburgh-dunedin-city-otago/kk492gwr
1709,86,"Last sold on
      14/08/20243 Severn Street, Mosgiel41703m2$640,000(last sale price)",https://www.realestate.co.nz/property/3-severn-street-mosgiel-dunedin-city-otago/9zz8vrjs
1710,86,"Last sold on
      14/08/202440 Bayfield Road, Andersons Bay311024m2$661,000(last sale price)",https://www.realestate.co.nz/property/40-bayfield-road-andersons-bay-dunedin-city-otago/0r9msqvr
1711,86,"Last sold on
      13/08/202451 Stephen Street, Halfway Bush42698m2$630,000(last sale price)",https://www.realestate.co.nz/property/51-stephen-street-halfway-bush-dunedin-city-otago/mzt50ccr
1712,86,"Last sold on
      13/08/202448 Easther Crescent, Kew31$532,500(last sale price)",https://www.realestate.co.nz/property/48-easther-crescent-kew-dunedin-city-otago/t8hkd1yr
1713,86,"Last sold on
      13/08/202417 Lorne Street, Mosgiel31875m2$600,000(last sale price)",https://www.realestate.co.nz/property/17-lorne-street-mosgiel-dunedin-city-otago/hjnw6mjs
1714,86,"Last sold on
      13/08/202459A North Road, North East Valley21$489,000(last sale price)",https://www.realestate.co.nz/property/59a-north-road-north-east-valley-dunedin-city-otago/wp6dby9q
1715,86,"Last sold on
      13/08/20241026 Brighton Road, Brighton411031m2$690,000(last sale price)",https://www.realestate.co.nz/property/1026-brighton-road-brighton-dunedin-city-otago/243zrfgs
1716,86,"Last sold on
      13/08/202414 Hislop Street, Liberton21630m2$445,000(last sale price)",https://www.realestate.co.nz/property/14-hislop-street-liberton-dunedin-city-otago/cb2ly29q
1717,86,"Last sold on
      13/08/202456 College Street, Caversham31716m2$525,000(last sale price)",https://www.realestate.co.nz/property/56-college-street-caversham-dunedin-city-otago/55lfn8xr
1718,86,"Last sold on
      13/08/202412/31 Eastbourne Street, Caversham21$425,000(last sale price)",https://www.realestate.co.nz/property/12-31-eastbourne-street-caversham-dunedin-city-otago/hl8jfxxv
1719,86,"Last sold on
      13/08/20241/68 Orokonui Road, Waitati31$400,000(last sale price)",https://www.realestate.co.nz/property/1-68-orokonui-road-waitati-dunedin-city-otago/clsz5c81d
1720,87,"Last sold on
      13/08/202418 Brown Street, Dunedin Central81$900,000(last sale price)",https://www.realestate.co.nz/property/18-brown-street-dunedin-central-dunedin-city-otago/p78twf6t
1721,87,"Last sold on
      13/08/202415 Coach Road, Fairfield31867m2$707,000(last sale price)",https://www.realestate.co.nz/property/15-coach-road-fairfield-dunedin-city-otago/vmlr3nds
1722,87,"Last sold on
      13/08/20243 Coach Road, Fairfield2945m2$720,000(last sale price)",https://www.realestate.co.nz/property/3-coach-road-fairfield-dunedin-city-otago/srbj9nds
1723,87,"Last sold on
      13/08/202477 Albert Street, Saint Clair31352m2$570,000(last sale price)",https://www.realestate.co.nz/property/77-albert-street-saint-clair-dunedin-city-otago/v7m1fv5r
1724,87,"Last sold on
      12/08/2024133 Belford Street, Waverley31506m2$650,000(last sale price)",https://www.realestate.co.nz/property/133-belford-street-waverley-dunedin-city-otago/hd952zsr
1725,87,"Last sold on
      12/08/20247 Byron Street, Mornington31506m2$740,000(last sale price)",https://www.realestate.co.nz/property/7-byron-street-mornington-dunedin-city-otago/v2dvc0lr
1726,87,"Last sold on
      12/08/202447 Duke Street, North Dunedin52265m2$750,000(last sale price)",https://www.realestate.co.nz/property/47-duke-street-north-dunedin-dunedin-city-otago/splhd9rr
1727,87,"Last sold on
      12/08/202417 Hawthorn Avenue, Mornington31412m2$540,000(last sale price)",https://www.realestate.co.nz/property/17-hawthorn-avenue-mornington-dunedin-city-otago/28gpw2kr
1728,87,"Last sold on
      12/08/20243/377 Leith Street, North Dunedin11$450,000(last sale price)",https://www.realestate.co.nz/property/3-377-leith-street-north-dunedin-dunedin-city-otago/1k6xrpvlk
1729,87,"Last sold on
      12/08/202410 Stirling Crescent, Mosgiel21792m2$555,556(last sale price)",https://www.realestate.co.nz/property/10-stirling-crescent-mosgiel-dunedin-city-otago/ypypypjs
1730,87,"Last sold on
      12/08/20248 Trudi Place, Green Island32514m2$922,500(last sale price)",https://www.realestate.co.nz/property/8-trudi-place-green-island-dunedin-city-otago/3qj8MbHXk
1731,87,"Last sold on
      12/08/20245 Harrington Street, Port Chalmers41488m2$600,000(last sale price)",https://www.realestate.co.nz/property/5-harrington-street-port-chalmers-dunedin-city-otago/m41c364q
1732,87,"Last sold on
      12/08/202415 Friendship Drive, Waldronville31923m2$720,250(last sale price)",https://www.realestate.co.nz/property/15-friendship-drive-waldronville-dunedin-city-otago/ck1tx9ds
1733,87,"Last sold on
      11/08/202413 Netherby Street, Kenmure12637m2$285,000(last sale price)",https://www.realestate.co.nz/property/13-netherby-street-kenmure-dunedin-city-otago/lx6ht3xzd
1734,87,"Last sold on
      09/08/202415 Fairview Terrace, Sawyers Bay1012m2$510,000(last sale price)",https://www.realestate.co.nz/property/15-fairview-terrace-sawyers-bay-dunedin-city-otago/pbs01w5q
1735,87,"Last sold on
      09/08/202410 Loyalty Street, Forbury31468m2$465,000(last sale price)",https://www.realestate.co.nz/property/10-loyalty-street-forbury-dunedin-city-otago/rbj9nn1r
1736,87,"Last sold on
      09/08/202490 Greenock Street, Kaikorai1875m2$505,000(last sale price)",https://www.realestate.co.nz/property/90-greenock-street-kaikorai-dunedin-city-otago/5g2y4mhr
1737,87,"Last sold on
      09/08/202450 Carson Street, Mornington21774m2$438,000(last sale price)",https://www.realestate.co.nz/property/50-carson-street-mornington-dunedin-city-otago/h063q1lr
1738,87,"Last sold on
      09/08/202411 Pollock Street, Maori Hill42559m2$1,300,000(last sale price)",https://www.realestate.co.nz/property/11-pollock-street-maori-hill-dunedin-city-otago/72q5dgdr
1739,87,"Last sold on
      09/08/202425 Riselaw Road, Calton Hill21711m2$458,000(last sale price)",https://www.realestate.co.nz/property/25-riselaw-road-calton-hill-dunedin-city-otago/5w0jgsxr
1740,88,"Last sold on
      09/08/202431 Allenby Avenue, Liberton42652m2$575,000(last sale price)",https://www.realestate.co.nz/property/31-allenby-avenue-liberton-dunedin-city-otago/kph0639q
1741,88,"Last sold on
      09/08/202481 Wesley Street, South Dunedin31243m2$480,000(last sale price)",https://www.realestate.co.nz/property/81-wesley-street-south-dunedin-dunedin-city-otago/8pjrcd2r
1742,88,"Last sold on
      09/08/2024301 Rattray Street, Dunedin Central31470m2$600,000(last sale price)",https://www.realestate.co.nz/property/301-rattray-street-dunedin-central-dunedin-city-otago/jz672qpr
1743,88,"Last sold on
      09/08/20241 Loess Place, Concord702m2$350,000(last sale price)",https://www.realestate.co.nz/property/1-loess-place-concord-dunedin-city-otago/5X8gXlKbl
1744,88,"Last sold on
      09/08/2024172 Centre Road, Ocean Grove219m2$1,070,000(last sale price)",https://www.realestate.co.nz/property/172-centre-road-ocean-grove-dunedin-city-otago/f5p1537r
1745,88,"Last sold on
      09/08/20243 Valiant Road, Waldronville31965m2$670,000(last sale price)",https://www.realestate.co.nz/property/3-valiant-road-waldronville-dunedin-city-otago/ss2nkrgs
1746,88,"Last sold on
      08/08/2024249 Coast Road, Warrington21749m2$472,500(last sale price)",https://www.realestate.co.nz/property/249-coast-road-warrington-dunedin-city-otago/q3ss2n1q
1747,88,"Last sold on
      08/08/202422 Calluna Crescent, Mosgiel321027m2$967,500(last sale price)",https://www.realestate.co.nz/property/22-calluna-crescent-mosgiel-dunedin-city-otago/h063q1yzd
1748,88,"Last sold on
      08/08/202461 Kakapo Street, Saint Leonards421.87ha$1,680,000(last sale price)",https://www.realestate.co.nz/property/61-kakapo-street-saint-leonards-dunedin-city-otago/s2nkr7hmk
1749,88,"Last sold on
      07/08/2024488 South Road, Calton Hill31412m2$380,000(last sale price)",https://www.realestate.co.nz/property/488-south-road-calton-hill-dunedin-city-otago/tsy9vmxr
1750,88,"Last sold on
      07/08/20245 Carlyle Road, Mosgiel31734m2$435,000(last sale price)",https://www.realestate.co.nz/property/5-carlyle-road-mosgiel-dunedin-city-otago/cfp4snks
1751,88,"Last sold on
      07/08/20248 Robinson Street, Lookout Point21567m2$374,000(last sale price)",https://www.realestate.co.nz/property/8-robinson-street-lookout-point-dunedin-city-otago/zgzgzgxr
1752,88,"Last sold on
      07/08/2024173 Evans Street, Opoho31622m2$545,000(last sale price)",https://www.realestate.co.nz/property/173-evans-street-opoho-dunedin-city-otago/y8z3mk8q
1753,88,"Last sold on
      07/08/202429 Winifred Street, Concord31673m2$430,000(last sale price)",https://www.realestate.co.nz/property/29-winifred-street-concord-dunedin-city-otago/qqqqqq9r
1754,88,"Last sold on
      07/08/2024410 North Road, North East Valley31566m2$533,700(last sale price)",https://www.realestate.co.nz/property/410-north-road-north-east-valley-dunedin-city-otago/qm7jk87q
1755,88,"Last sold on
      07/08/202429 Woodhaugh Street, Woodhaugh41508m2$400,000(last sale price)",https://www.realestate.co.nz/property/29-woodhaugh-street-woodhaugh-dunedin-city-otago/ypypypbr
1756,88,"Last sold on
      07/08/202468A Cliffs Road, Saint Clair211129m2$790,000(last sale price)",https://www.realestate.co.nz/property/68a-cliffs-road-saint-clair-dunedin-city-otago/qj8skHzYk
1757,88,"Last sold on
      07/08/2024333 Pine Hill Road, Liberton31$433,000(last sale price)",https://www.realestate.co.nz/property/333-pine-hill-road-liberton-dunedin-city-otago/xdh5fbbr
1758,88,"Last sold on
      07/08/202462 Norfolk Street, Saint Clair531151m2$1,140,000(last sale price)",https://www.realestate.co.nz/property/62-norfolk-street-saint-clair-dunedin-city-otago/cr0576zr
1759,88,"Last sold on
      07/08/202451 Tainui Road, Tainui21801m2$465,000(last sale price)",https://www.realestate.co.nz/property/51-tainui-road-tainui-dunedin-city-otago/396t44wr
1760,89,"Last sold on
      07/08/202450 Crosby Street, Mornington31506m2$711,000(last sale price)",https://www.realestate.co.nz/property/50-crosby-street-mornington-dunedin-city-otago/s9hf1bmr
1761,89,"Last sold on
      07/08/202462 Norfolk Street, Saint Clair531151m2$1,140,000(last sale price)",https://www.realestate.co.nz/property/62-norfolk-street-saint-clair-dunedin-city-otago/cr0576zr
1762,89,"Last sold on
      07/08/20246 Crosby Street, Mornington31511m2$580,000(last sale price)",https://www.realestate.co.nz/property/6-crosby-street-mornington-dunedin-city-otago/mzt50cmr
1763,89,"Last sold on
      06/08/202410 Bellona Street, Saint Kilda21$415,000(last sale price)",https://www.realestate.co.nz/property/10-bellona-street-saint-kilda-dunedin-city-otago/t0s54q4r
1764,89,"Last sold on
      06/08/202436 Walton Street, Kaikorai31506m2$550,000(last sale price)",https://www.realestate.co.nz/property/36-walton-street-kaikorai-dunedin-city-otago/z10wnbgr
1765,89,"Last sold on
      06/08/202453 Hood Street, Wakari32524m2$547,500(last sale price)",https://www.realestate.co.nz/property/53-hood-street-wakari-dunedin-city-otago/x83gbphr
1766,89,"Last sold on
      06/08/202494 Musselburgh Rise, Musselburgh41802m2$725,000(last sale price)",https://www.realestate.co.nz/property/94-musselburgh-rise-musselburgh-dunedin-city-otago/26v0ntwr
1767,89,"Last sold on
      06/08/202415 Church Street, Green Island31701m2$660,000(last sale price)",https://www.realestate.co.nz/property/15-church-street-green-island-dunedin-city-otago/vkz2wdbs
1768,89,"Last sold on
      06/08/202426 Mayfield Avenue, Wakari41738m2$600,000(last sale price)",https://www.realestate.co.nz/property/26-mayfield-avenue-wakari-dunedin-city-otago/sgrm35dr
1769,89,"Last sold on
      06/08/202410 Seddon Street, Ravensbourne21931m2$439,000(last sale price)",https://www.realestate.co.nz/property/10-seddon-street-ravensbourne-dunedin-city-otago/1xdh5f6q
1770,89,"Last sold on
      06/08/2024276 Portobello Road, The Cove21809m2$605,000(last sale price)",https://www.realestate.co.nz/property/276-portobello-road-the-cove-dunedin-city-otago/yg3tnl6r
1771,89,"Last sold on
      06/08/202411C Forfar Street, Mosgiel22226m2$646,000(last sale price)",https://www.realestate.co.nz/property/11c-forfar-street-mosgiel-dunedin-city-otago/xMGKfz8bl
1772,89,"Last sold on
      06/08/2024226 Highcliff Road, Shiel Hill31809m2$640,000(last sale price)",https://www.realestate.co.nz/property/226-highcliff-road-shiel-hill-dunedin-city-otago/7t0s54tr
1773,89,"Last sold on
      06/08/202412 Oban Street, Mosgiel21719m2$406,000(last sale price)",https://www.realestate.co.nz/property/12-oban-street-mosgiel-dunedin-city-otago/wtk3fljs
1774,89,"Last sold on
      05/08/202433 Oakland Street, Andersons Bay31501m2$625,000(last sale price)",https://www.realestate.co.nz/property/33-oakland-street-andersons-bay-dunedin-city-otago/tgm8d2vr
1775,89,"Last sold on
      05/08/2024183B Gordon Road, Mosgiel21288m2$590,000(last sale price)",https://www.realestate.co.nz/property/183b-gordon-road-mosgiel-dunedin-city-otago/psgrm381d
1776,89,"Last sold on
      05/08/20243 Osmond Street, South Dunedin21187m2$355,000(last sale price)",https://www.realestate.co.nz/property/3-osmond-street-south-dunedin-dunedin-city-otago/rz9q8w1r
1777,89,"Last sold on
      05/08/2024378 Heyward Point Road, Purakaunui3315.85ha$1,280,000(last sale price)",https://www.realestate.co.nz/property/378-heyward-point-road-purakaunui-dunedin-city-otago/4dlnmh3q
1778,89,"Last sold on
      05/08/202417 Cornhill Street, North East Valley22290m2$490,000(last sale price)",https://www.realestate.co.nz/property/17-cornhill-street-north-east-valley-dunedin-city-otago/qkhjnw9q
1779,89,"Last sold on
      05/08/202427 Kildare Street, Waikouaiti211012m2$269,000(last sale price)",https://www.realestate.co.nz/property/27-kildare-street-waikouaiti-dunedin-city-otago/0jgshm4q
1780,90,"Last sold on
      05/08/202417 Glendevon Place, Vauxhall11938m2$515,000(last sale price)",https://www.realestate.co.nz/property/17-glendevon-place-vauxhall-dunedin-city-otago/wx18l1sr
1781,90,"Last sold on
      03/08/202413 Danube Street, Vauxhall42946m2$1,250,000(last sale price)",https://www.realestate.co.nz/property/13-danube-street-vauxhall-dunedin-city-otago/rf0gv3sr
1782,90,"Last sold on
      02/08/202471 Warrender Street, North Dunedin52675m2$830,000(last sale price)",https://www.realestate.co.nz/property/71-warrender-street-north-dunedin-dunedin-city-otago/qqqqqqrr
1783,90,"Last sold on
      02/08/202411 Richardson Street, Saint Kilda31464m2$545,000(last sale price)",https://www.realestate.co.nz/property/11-richardson-street-saint-kilda-dunedin-city-otago/s607vw4r
1784,90,"Last sold on
      02/08/202445 Leven Street, Roslyn421319m2$865,000(last sale price)",https://www.realestate.co.nz/property/45-leven-street-roslyn-dunedin-city-otago/1c36qngr
1785,90,"Last sold on
      02/08/2024106A Queen Street, North Dunedin42$649,000(last sale price)",https://www.realestate.co.nz/property/106a-queen-street-north-dunedin-dunedin-city-otago/1pkmwbly
1786,90,"Last sold on
      02/08/20244 Arthurs Walk, Vauxhall31852m2$850,000(last sale price)",https://www.realestate.co.nz/property/4-arthurs-walk-vauxhall-dunedin-city-otago/splhd9sr
1787,90,"Last sold on
      02/08/202482 Russell Street, Dunedin Central32247m2$492,500(last sale price)",https://www.realestate.co.nz/property/82-russell-street-dunedin-central-dunedin-city-otago/bq80z4pr
1788,90,"Last sold on
      02/08/202442A Waimea Avenue, Calton Hill21698m2$590,000(last sale price)",https://www.realestate.co.nz/property/42a-waimea-avenue-calton-hill-dunedin-city-otago/b7psgrxr
1789,90,"Last sold on
      02/08/2024117 Highgate, Roslyn21387m2$680,000(last sale price)",https://www.realestate.co.nz/property/117-highgate-roslyn-dunedin-city-otago/plhd95gr
1790,90,"Last sold on
      02/08/202427 Braemar Street, Mosgiel41627m2$570,000(last sale price)",https://www.realestate.co.nz/property/27-braemar-street-mosgiel-dunedin-city-otago/gzgzgzjs
1791,90,"Last sold on
      02/08/2024180 Balmacewen Road, Wakari74610m2$765,000(last sale price)",https://www.realestate.co.nz/property/180-balmacewen-road-wakari-dunedin-city-otago/mb1qf4cr
1792,90,"Last sold on
      02/08/202421 Statham Street, Brockville31665m2$549,000(last sale price)",https://www.realestate.co.nz/property/21-statham-street-brockville-dunedin-city-otago/l98k51jr
1793,90,"Last sold on
      02/08/20241 Park Street, Mosgiel21$535,000(last sale price)",https://www.realestate.co.nz/property/1-park-street-mosgiel-dunedin-city-otago/wlq74gls
1794,90,"Last sold on
      02/08/20244 Jaffray Drive, East Taieri2959m2$885,000(last sale price)",https://www.realestate.co.nz/property/4-jaffray-drive-east-taieri-dunedin-city-otago/sbdyzjms
1795,90,"Last sold on
      01/08/202435 Crown Street, North East Valley31716m2$518,000(last sale price)",https://www.realestate.co.nz/property/35-crown-street-north-east-valley-dunedin-city-otago/1fv7m16q
1796,90,"Last sold on
      01/08/202425 Brockville Road, Glenross31564m2$545,000(last sale price)",https://www.realestate.co.nz/property/25-brockville-road-glenross-dunedin-city-otago/l5xw1djr
1797,90,"Last sold on
      01/08/202428 Herron Street, Brockville31675m2$454,000(last sale price)",https://www.realestate.co.nz/property/28-herron-street-brockville-dunedin-city-otago/qsbdyzjr
1798,90,"Last sold on
      01/08/202428B Hargest Crescent, Saint Kilda11$275,000(last sale price)",https://www.realestate.co.nz/property/28b-hargest-crescent-saint-kilda-dunedin-city-otago/0qkhjn5r
1799,90,"Last sold on
      01/08/202452 Fawcett Street, South Dunedin31283m2$358,000(last sale price)",https://www.realestate.co.nz/property/52-fawcett-street-south-dunedin-dunedin-city-otago/nj02r12r
1800,91,"Last sold on
      01/08/202448A King Street, Mosgiel21$365,000(last sale price)",https://www.realestate.co.nz/property/48a-king-street-mosgiel-dunedin-city-otago/2q5dg9ks
1801,91,"Last sold on
      01/08/202438 Thomas Street, Waikouaiti211012m2$545,000(last sale price)",https://www.realestate.co.nz/property/38-thomas-street-waikouaiti-dunedin-city-otago/9q8wmg4q
1802,91,"Last sold on
      01/08/202440 Tedder Street, Saint Kilda41613m2$400,000(last sale price)",https://www.realestate.co.nz/property/40-tedder-street-saint-kilda-dunedin-city-otago/xhzbms3r
1803,91,"Recently sold32B Rutherford Street, Caversham21Price is not yet confirmed",https://www.realestate.co.nz/property/32b-rutherford-street-caversham-dunedin-city-otago/kjd5tdyr
1804,91,"Last sold on
      31/07/202454 Fairview Terrace, Sawyers Bay21.81ha$214,000(last sale price)",https://www.realestate.co.nz/property/54-fairview-terrace-sawyers-bay-dunedin-city-otago/n31hgx5q
1805,91,"Last sold on
      31/07/202428 Duke Street, North Dunedin62394m2$567,500(last sale price)",https://www.realestate.co.nz/property/28-duke-street-north-dunedin-dunedin-city-otago/znyt9csr
1806,91,"Last sold on
      31/07/202432 Hill Street, Waitati311107m2$730,000(last sale price)",https://www.realestate.co.nz/property/32-hill-street-waitati-dunedin-city-otago/ck1tx91q
1807,91,"Last sold on
      31/07/2024177 Evans Street, Opoho11706m2$400,000(last sale price)",https://www.realestate.co.nz/property/177-evans-street-opoho-dunedin-city-otago/89k1pk8q
1808,91,"Last sold on
      31/07/2024123 North Road, North East Valley41364m2$549,000(last sale price)",https://www.realestate.co.nz/property/123-north-road-north-east-valley-dunedin-city-otago/dyv5w09q
1809,91,"Last sold on
      31/07/20241A Portland Place, Shiel Hill32718m2$985,500(last sale price)",https://www.realestate.co.nz/property/1a-portland-place-shiel-hill-dunedin-city-otago/r05762tr
1810,91,"Last sold on
      31/07/202466 Wingatui Road, Mosgiel432.73ha$3,225,066(last sale price)",https://www.realestate.co.nz/property/66-wingatui-road-mosgiel-dunedin-city-otago/sd0l6scs
1811,91,"Last sold on
      31/07/202451 Bath Street, Brighton421184m2$750,000(last sale price)",https://www.realestate.co.nz/property/51-bath-street-brighton-dunedin-city-otago/jxllwggs
1812,91,"Last sold on
      31/07/20241 Leyden Terrace, Andersons Bay632990m2$950,000(last sale price)",https://www.realestate.co.nz/property/1-leyden-terrace-andersons-bay-dunedin-city-otago/mp78twtr
1813,91,"Last sold on
      31/07/202416 Junction Road, Ravensbourne31973m2$515,000(last sale price)",https://www.realestate.co.nz/property/16-junction-road-ravensbourne-dunedin-city-otago/v7m1fv6q
1814,91,"Last sold on
      31/07/202415 Oban Street, Mosgiel31500m2$555,556(last sale price)",https://www.realestate.co.nz/property/15-oban-street-mosgiel-dunedin-city-otago/p84bvmjs
1815,91,"Last sold on
      31/07/2024168 Scott Street, Waverley42990m2$860,500(last sale price)",https://www.realestate.co.nz/property/168-scott-street-waverley-dunedin-city-otago/g5kph0sr
1816,91,"Last sold on
      31/07/202411 Rugby Street, Saint Kilda31488m2$575,000(last sale price)",https://www.realestate.co.nz/property/11-rugby-street-saint-kilda-dunedin-city-otago/gpw28g4r
1817,91,"Last sold on
      31/07/202442 Cavell Street, Musselburgh31607m2$620,500(last sale price)",https://www.realestate.co.nz/property/42-cavell-street-musselburgh-dunedin-city-otago/64lk0ywr
1818,91,"Last sold on
      31/07/2024666 Great King Street, North Dunedin41203m2$570,000(last sale price)",https://www.realestate.co.nz/property/666-great-king-street-north-dunedin-dunedin-city-otago/xtfrrgsr
1819,91,"Last sold on
      31/07/202417 Scobie Road, Waverley311012m2$465,000(last sale price)",https://www.realestate.co.nz/property/17-scobie-road-waverley-dunedin-city-otago/jrcdtmsr
1820,92,"Last sold on
      30/07/202440 Brighton Road, Green Island422484m2$680,000(last sale price)",https://www.realestate.co.nz/property/40-brighton-road-green-island-dunedin-city-otago/g3tnlmbs
1821,92,"Last sold on
      30/07/20241 Old Cottage Lane, Waitati2.07ha$350,000(last sale price)",https://www.realestate.co.nz/property/1-old-cottage-lane-waitati-dunedin-city-otago/GQVX34RYk
1822,92,"Last sold on
      30/07/202446 Grange Street, North Dunedin41201m2$630,000(last sale price)",https://www.realestate.co.nz/property/46-grange-street-north-dunedin-dunedin-city-otago/qg0bhfrr
1823,92,"Last sold on
      30/07/2024888 Blueskin Road, Mount Cargill212.13ha$940,000(last sale price)",https://www.realestate.co.nz/property/888-blueskin-road-mount-cargill-dunedin-city-otago/xcmnh41q
1824,92,"Last sold on
      30/07/20243 Begg Street, Saint Kilda22309m2$680,000(last sale price)",https://www.realestate.co.nz/property/3-begg-street-saint-kilda-dunedin-city-otago/pmcx7c2pz
1825,92,"Last sold on
      30/07/202439 Tainui Road, Tainui21588m2$597,000(last sale price)",https://www.realestate.co.nz/property/39-tainui-road-tainui-dunedin-city-otago/9gkjd5wr
1826,92,"Last sold on
      30/07/202432 Magnetic Street, Port Chalmers31512m2$580,000(last sale price)",https://www.realestate.co.nz/property/32-magnetic-street-port-chalmers-dunedin-city-otago/396t444q
1827,92,"Last sold on
      30/07/20241 Rawhiti Street, Musselburgh1470m2$500,000(last sale price)",https://www.realestate.co.nz/property/1-rawhiti-street-musselburgh-dunedin-city-otago/68y73lwr
1828,92,"Last sold on
      30/07/20242 Tainui Road, Musselburgh21$505,000(last sale price)",https://www.realestate.co.nz/property/2-tainui-road-musselburgh-dunedin-city-otago/cq4n90wr
1829,92,"Last sold on
      30/07/202469D Forfar Street, Mosgiel21$480,000(last sale price)",https://www.realestate.co.nz/property/69d-forfar-street-mosgiel-dunedin-city-otago/2fqwyxjs
1830,92,"Last sold on
      30/07/202483 North Road, North East Valley11106m2$450,000(last sale price)",https://www.realestate.co.nz/property/83-north-road-north-east-valley-dunedin-city-otago/90vsty9q
1831,92,"Last sold on
      30/07/202429 Hillary Street, Liberton43635m2$940,000(last sale price)",https://www.realestate.co.nz/property/29-hillary-street-liberton-dunedin-city-otago/kk492gbr
1832,92,"Last sold on
      30/07/202441B Helena Street, Forbury21$375,000(last sale price)",https://www.realestate.co.nz/property/41b-helena-street-forbury-dunedin-city-otago/63q11r1r
1833,92,"Last sold on
      30/07/202412 Westgate, Corstorphine32675m2$800,000(last sale price)",https://www.realestate.co.nz/property/12-westgate-corstorphine-dunedin-city-otago/6blxbwyz
1834,92,"Last sold on
      29/07/202431 Burgess Street, Green Island21938m2$500,000(last sale price)",https://www.realestate.co.nz/property/31-burgess-street-green-island-dunedin-city-otago/sy9vmlbs
1835,92,"Last sold on
      29/07/202483 Maryhill Terrace, Maryhill32463m2$599,000(last sale price)",https://www.realestate.co.nz/property/83-maryhill-terrace-maryhill-dunedin-city-otago/54qxp2lr
1836,92,"Recently sold4 Glengyle Street, Vauxhall541m2Price is not yet confirmed",https://www.realestate.co.nz/property/4-glengyle-street-vauxhall-dunedin-city-otago/8jfxzn81d
1837,92,"Last sold on
      29/07/202451A Forfar Street, Mosgiel21553m2$678,500(last sale price)",https://www.realestate.co.nz/property/51a-forfar-street-mosgiel-dunedin-city-otago/n6jpmcms
1838,92,"Last sold on
      29/07/202426 Mckerrow Street, Shiel Hill31536m2$668,000(last sale price)",https://www.realestate.co.nz/property/26-mckerrow-street-shiel-hill-dunedin-city-otago/t2j613tr
1839,92,"Last sold on
      29/07/20246 Burgess Street, Green Island311018m2$510,000(last sale price)",https://www.realestate.co.nz/property/6-burgess-street-green-island-dunedin-city-otago/vdrwtkbs
1840,93,"Last sold on
      29/07/20243 Barton Street, Waitati431918m2$1,050,000(last sale price)",https://www.realestate.co.nz/property/3-barton-street-waitati-dunedin-city-otago/gpw28gyt
1841,93,"Last sold on
      29/07/20246 Shand Street, Green Island21582m2$517,500(last sale price)",https://www.realestate.co.nz/property/6-shand-street-green-island-dunedin-city-otago/0hl8jfbs
1842,93,"Last sold on
      29/07/202433 Bell Crescent, Concord31617m2$149,309(last sale price)",https://www.realestate.co.nz/property/33-bell-crescent-concord-dunedin-city-otago/y3rxkq8r
1843,93,"Last sold on
      26/07/202481 Greenock Street, Kaikorai687m2$400,000(last sale price)",https://www.realestate.co.nz/property/81-greenock-street-kaikorai-dunedin-city-otago/8bb6ymhr
1844,93,"Last sold on
      26/07/202423 Elwyn Crescent, Green Island31506m2$570,000(last sale price)",https://www.realestate.co.nz/property/23-elwyn-crescent-green-island-dunedin-city-otago/l2fqwybs
1845,93,"Last sold on
      26/07/2024146 Kenmure Road, Kenmure32478m2$639,999(last sale price)",https://www.realestate.co.nz/property/146-kenmure-road-kenmure-dunedin-city-otago/703h65kr
1846,93,"Last sold on
      26/07/202474 Kinmont Crescent, Mosgiel31743m2$740,000(last sale price)",https://www.realestate.co.nz/property/74-kinmont-crescent-mosgiel-dunedin-city-otago/0fzlb5ks
1847,93,"Last sold on
      26/07/2024186 Brockville Road, Brockville11660m2$425,000(last sale price)",https://www.realestate.co.nz/property/186-brockville-road-brockville-dunedin-city-otago/yn25zhkr
1848,93,"Last sold on
      26/07/20245 Bishop Verdon Close, Mosgiel32883m2$970,000(last sale price)",https://www.realestate.co.nz/property/5-bishop-verdon-close-mosgiel-dunedin-city-otago/fdkxg7ks
1849,93,"Last sold on
      26/07/202423 Beresford Street, Kaikorai31377m2$450,000(last sale price)",https://www.realestate.co.nz/property/23-beresford-street-kaikorai-dunedin-city-otago/kb9ftcfr
1850,93,"Last sold on
      26/07/20244 The Terrace, Warrington31927m2$558,275(last sale price)",https://www.realestate.co.nz/property/4-the-terrace-warrington-dunedin-city-otago/hrhrhrtbd
1851,93,"Last sold on
      26/07/202488A Warrender Street, North Dunedin42$665,000(last sale price)",https://www.realestate.co.nz/property/88a-warrender-street-north-dunedin-dunedin-city-otago/07vw933fk
1852,93,"Last sold on
      26/07/202417 Dunedin-waitati Road, Dalmore521.97ha$1,200,000(last sale price)",https://www.realestate.co.nz/property/17-dunedin-waitati-road-dalmore-dunedin-city-otago/hf5p159q
1853,93,"Last sold on
      26/07/202488B Warrender Street, North Dunedin42$665,000(last sale price)",https://www.realestate.co.nz/property/88b-warrender-street-north-dunedin-dunedin-city-otago/5rnvb43fk
1854,93,"Last sold on
      26/07/202414A Glasgow Street, Mosgiel41353m2$665,000(last sale price)",https://www.realestate.co.nz/property/14a-glasgow-street-mosgiel-dunedin-city-otago/sk7s8m9lk
1855,93,"Last sold on
      26/07/2024105 Shetland Street, Wakari31625m2$672,500(last sale price)",https://www.realestate.co.nz/property/105-shetland-street-wakari-dunedin-city-otago/6dby77dr
1856,93,"Last sold on
      26/07/202488C Warrender Street, North Dunedin62$942,500(last sale price)",https://www.realestate.co.nz/property/88c-warrender-street-north-dunedin-dunedin-city-otago/wp6dbyclk
1857,93,"Last sold on
      26/07/202419 Clyde Street, Mosgiel31384m2$620,000(last sale price)",https://www.realestate.co.nz/property/19-clyde-street-mosgiel-dunedin-city-otago/kl0t1nns
1858,93,"Last sold on
      26/07/202419 Ben Lomond Drive, Mosgiel42822m2$1,194,000(last sale price)",https://www.realestate.co.nz/property/19-ben-lomond-drive-mosgiel-dunedin-city-otago/nsl39681d
1859,93,"Last sold on
      25/07/202445 Grendon Street, Maori Hill32665m2$720,000(last sale price)",https://www.realestate.co.nz/property/45-grendon-street-maori-hill-dunedin-city-otago/517qjmdr
1860,94,"Last sold on
      25/07/202469 Koremata Street, Green Island41592m2$615,000(last sale price)",https://www.realestate.co.nz/property/69-koremata-street-green-island-dunedin-city-otago/c2b7ps9r
1861,94,"Last sold on
      25/07/2024297 Brockville Road, Brockville31622m2$515,000(last sale price)",https://www.realestate.co.nz/property/297-brockville-road-brockville-dunedin-city-otago/dkxg75jr
1862,94,"Last sold on
      25/07/202412 Allanton-scroggs Hill Road, Allanton425322m2$890,000(last sale price)",https://www.realestate.co.nz/property/12-allanton-scroggs-hill-road-allanton-dunedin-city-otago/v7m1fv30
1863,94,"Last sold on
      25/07/2024285C Gladstone Road North, Mosgiel422275m2$1,150,000(last sale price)",https://www.realestate.co.nz/property/285c-gladstone-road-north-mosgiel-dunedin-city-otago/lmrz9qrlk
1864,94,"Last sold on
      25/07/202415 Wray Street, Brockville31797m2$515,000(last sale price)",https://www.realestate.co.nz/property/15-wray-street-brockville-dunedin-city-otago/7rd4ywjr
1865,94,"Last sold on
      25/07/2024203 Taieri Road, Kaikorai32508m2$761,000(last sale price)",https://www.realestate.co.nz/property/203-taieri-road-kaikorai-dunedin-city-otago/h3p9whhr
1866,94,"Last sold on
      25/07/20243 Martin Road, Fairfield31823m2$635,000(last sale price)",https://www.realestate.co.nz/property/3-martin-road-fairfield-dunedin-city-otago/3dq09lds
1867,94,"Last sold on
      25/07/20243 Alexander Street, Abbotsford21496m2$545,000(last sale price)",https://www.realestate.co.nz/property/3-alexander-street-abbotsford-dunedin-city-otago/fmdsrb9r
1868,94,"Last sold on
      25/07/20243 Spylaw Street, Maori Hill32613m2$905,000(last sale price)",https://www.realestate.co.nz/property/3-spylaw-street-maori-hill-dunedin-city-otago/w0jgshdr
1869,94,"Last sold on
      24/07/202428B Manchester Street, Bradford21$313,500(last sale price)",https://www.realestate.co.nz/property/28b-manchester-street-bradford-dunedin-city-otago/lc1l2fjr
1870,94,"Last sold on
      24/07/202424 Mount Street, Waikouaiti312428m2$750,000(last sale price)",https://www.realestate.co.nz/property/24-mount-street-waikouaiti-dunedin-city-otago/dndndn4q
1871,94,"Last sold on
      24/07/202422 Mardale Street, Kaikorai31640m2$550,000(last sale price)",https://www.realestate.co.nz/property/22-mardale-street-kaikorai-dunedin-city-otago/3j2pf8fr
1872,94,"Last sold on
      24/07/202425 Wales Street, Maori Hill63670m2$1,500,000(last sale price)",https://www.realestate.co.nz/property/25-wales-street-maori-hill-dunedin-city-otago/v38bb6fr
1873,94,"Last sold on
      24/07/202436 Green Street, Mosgiel31708m2$637,000(last sale price)",https://www.realestate.co.nz/property/36-green-street-mosgiel-dunedin-city-otago/3b3b3bjs
1874,94,"Last sold on
      24/07/202416 Galloway Street, Mornington42503m2$640,000(last sale price)",https://www.realestate.co.nz/property/16-galloway-street-mornington-dunedin-city-otago/hn0kb9kr
1875,94,"Last sold on
      24/07/202421A Nelson Street, Forbury21$373,000(last sale price)",https://www.realestate.co.nz/property/21a-nelson-street-forbury-dunedin-city-otago/2ltqbn1r
1876,94,"Last sold on
      24/07/2024792 Brighton Road, Ocean View41849m2$650,000(last sale price)",https://www.realestate.co.nz/property/792-brighton-road-ocean-view-dunedin-city-otago/x4rs60fs
1877,94,"Last sold on
      23/07/2024148 Bay View Road, South Dunedin32296m2$625,000(last sale price)",https://www.realestate.co.nz/property/148-bay-view-road-south-dunedin-dunedin-city-otago/mb1qf42r
1878,94,"Last sold on
      23/07/202434 Rutherford Street, Caversham31306m2$392,500(last sale price)",https://www.realestate.co.nz/property/34-rutherford-street-caversham-dunedin-city-otago/02r1xdyr
1879,94,"Last sold on
      23/07/202410E Brown Street, Waikouaiti31861m2$540,000(last sale price)",https://www.realestate.co.nz/property/10e-brown-street-waikouaiti-dunedin-city-otago/j1y8z33q
1880,95,"Last sold on
      23/07/2024359 Pine Hill Road, Liberton21628m2$400,000(last sale price)",https://www.realestate.co.nz/property/359-pine-hill-road-liberton-dunedin-city-otago/08qd899q
1881,95,"Last sold on
      23/07/202424 Norman Street, Tainui32626m2$725,000(last sale price)",https://www.realestate.co.nz/property/24-norman-street-tainui-dunedin-city-otago/d6kk49wr
1882,95,"Last sold on
      23/07/202418 Elwyn Crescent, Green Island31513m2$469,000(last sale price)",https://www.realestate.co.nz/property/18-elwyn-crescent-green-island-dunedin-city-otago/m946gybs
1883,95,"Last sold on
      23/07/202436 Allenby Avenue, Liberton21610m2$457,777(last sale price)",https://www.realestate.co.nz/property/36-allenby-avenue-liberton-dunedin-city-otago/l98k519q
1884,95,"Last sold on
      23/07/202414A Lanark Street, Mosgiel11463m2$450,000(last sale price)",https://www.realestate.co.nz/property/14a-lanark-street-mosgiel-dunedin-city-otago/8pjrcdms
1885,95,"Last sold on
      23/07/2024186 Kaikorai Valley Road, Bradford21$360,000(last sale price)",https://www.realestate.co.nz/property/186-kaikorai-valley-road-bradford-dunedin-city-otago/4snqzfjr
1886,95,"Last sold on
      23/07/202437 Ross Street, Mosgiel31752m2$570,000(last sale price)",https://www.realestate.co.nz/property/37-ross-street-mosgiel-dunedin-city-otago/0qkhjnjs
1887,95,"Last sold on
      22/07/20242B Forth Street, North Dunedin62$818,000(last sale price)",https://www.realestate.co.nz/property/2b-forth-street-north-dunedin-dunedin-city-otago/01wjz64v
1888,95,"Last sold on
      22/07/202488A Tomahawk Road, Andersons Bay31546m2$647,000(last sale price)",https://www.realestate.co.nz/property/88a-tomahawk-road-andersons-bay-dunedin-city-otago/12mp78vr
1889,95,"Last sold on
      21/07/20247 Rodeo Place, Outram1016m2$375,000(last sale price)",https://www.realestate.co.nz/property/7-rodeo-place-outram-dunedin-city-otago/XFWLsJ0Xk
1890,95,"Last sold on
      20/07/202420 Albert Street, Saint Clair21$770,000(last sale price)",https://www.realestate.co.nz/property/20-albert-street-saint-clair-dunedin-city-otago/wsplhd0r
1891,95,"Last sold on
      19/07/20247 Vampire Road, Waldronville32809m2$800,000(last sale price)",https://www.realestate.co.nz/property/7-vampire-road-waldronville-dunedin-city-otago/cnj02rgs
1892,95,"Last sold on
      19/07/202423 Foyle Street, Waitati311012m2$320,000(last sale price)",https://www.realestate.co.nz/property/23-foyle-street-waitati-dunedin-city-otago/qm7jk81q
1893,95,"Last sold on
      19/07/202423 Falcon Street, Kaikorai21511m2$698,000(last sale price)",https://www.realestate.co.nz/property/23-falcon-street-kaikorai-dunedin-city-otago/wyxsk7gr
1894,95,"Last sold on
      19/07/20248 Craig Hendry Street, Concord21346m2$420,000(last sale price)",https://www.realestate.co.nz/property/8-craig-hendry-street-concord-dunedin-city-otago/2czv1j8r
1895,95,"Last sold on
      19/07/20241A Everton Road, Andersons Bay42711m2$770,000(last sale price)",https://www.realestate.co.nz/property/1a-everton-road-andersons-bay-dunedin-city-otago/pbs01wtr
1896,95,"Last sold on
      19/07/2024220 Gordon Road, Mosgiel31890m2$515,000(last sale price)",https://www.realestate.co.nz/property/220-gordon-road-mosgiel-dunedin-city-otago/p6dby7js
1897,95,"Last sold on
      19/07/2024254B Middleton Road, Corstorphine41995m2$599,000(last sale price)",https://www.realestate.co.nz/property/254b-middleton-road-corstorphine-dunedin-city-otago/zyjqhw0r
1898,95,"Last sold on
      18/07/2024122 Easther Crescent, Kew31632m2$500,000(last sale price)",https://www.realestate.co.nz/property/122-easther-crescent-kew-dunedin-city-otago/gck1txyr
1899,95,"Last sold on
      18/07/2024534 South Road, Calton Hill31458m2$505,000(last sale price)",https://www.realestate.co.nz/property/534-south-road-calton-hill-dunedin-city-otago/dndndnxr
1900,96,"Last sold on
      18/07/2024534 South Road, Calton Hill31458m2$505,000(last sale price)",https://www.realestate.co.nz/property/534-south-road-calton-hill-dunedin-city-otago/dndndnxr
1901,96,"Last sold on
      18/07/202438 Easther Crescent, Kew41577m2$525,000(last sale price)",https://www.realestate.co.nz/property/38-easther-crescent-kew-dunedin-city-otago/cq4n90yr
1902,96,"Last sold on
      17/07/202417 Larkworthy Street, Saint Kilda31372m2$495,000(last sale price)",https://www.realestate.co.nz/property/17-larkworthy-street-saint-kilda-dunedin-city-otago/4rs6074r
1903,96,"Last sold on
      17/07/202457 Tay Street, Mosgiel31640m2$600,000(last sale price)",https://www.realestate.co.nz/property/57-tay-street-mosgiel-dunedin-city-otago/rl7nxyjs
1904,96,"Last sold on
      17/07/20246 Gilmore Street, Wakari31690m2$485,000(last sale price)",https://www.realestate.co.nz/property/6-gilmore-street-wakari-dunedin-city-otago/yn25zhfr
1905,96,"Last sold on
      17/07/202440 High Street, Mosgiel1832m2$630,000(last sale price)",https://www.realestate.co.nz/property/40-high-street-mosgiel-dunedin-city-otago/56blxbjs
1906,96,"Last sold on
      17/07/202427A Prince Albert Road, Saint Kilda21$415,000(last sale price)",https://www.realestate.co.nz/property/27a-prince-albert-road-saint-kilda-dunedin-city-otago/msvtpg3r
1907,96,"Last sold on
      17/07/202413 Friendship Drive, Waldronville31819m2$700,000(last sale price)",https://www.realestate.co.nz/property/13-friendship-drive-waldronville-dunedin-city-otago/607vw9ds
1908,96,"Last sold on
      17/07/202459 Glenbrook Drive, Mosgiel32505m2$880,000(last sale price)",https://www.realestate.co.nz/property/59-glenbrook-drive-mosgiel-dunedin-city-otago/1Vdw8R3Zk
1909,96,"Last sold on
      17/07/202446 Hunt Street, Andersons Bay31852m2$725,000(last sale price)",https://www.realestate.co.nz/property/46-hunt-street-andersons-bay-dunedin-city-otago/s1s1s1vr
1910,96,"Last sold on
      17/07/2024175 Scott Street, Waverley31521m2$760,000(last sale price)",https://www.realestate.co.nz/property/175-scott-street-waverley-dunedin-city-otago/2q5dg9sr
1911,96,"Last sold on
      17/07/20246 Shandon Road, Vauxhall311075m2$817,000(last sale price)",https://www.realestate.co.nz/property/6-shandon-road-vauxhall-dunedin-city-otago/tqbnnctr
1912,96,"Last sold on
      17/07/2024163 Victoria Road, Saint Clair42698m2$995,000(last sale price)",https://www.realestate.co.nz/property/163-victoria-road-saint-clair-dunedin-city-otago/z5clsz5r
1913,96,"Last sold on
      17/07/20248 Coburn Avenue, North East Valley31304m2$407,000(last sale price)",https://www.realestate.co.nz/property/8-coburn-avenue-north-east-valley-dunedin-city-otago/ysfw346q
1914,96,"Last sold on
      16/07/2024186B Kaikorai Valley Road, Bradford21$370,000(last sale price)",https://www.realestate.co.nz/property/186b-kaikorai-valley-road-bradford-dunedin-city-otago/99fp0fjr
1915,96,"Last sold on
      16/07/202422 Ascog Road, Ravensbourne1115m2$295,000(last sale price)",https://www.realestate.co.nz/property/22-ascog-road-ravensbourne-dunedin-city-otago/z10wnbvmk
1916,96,"Last sold on
      16/07/202440 Fairview Terrace, Sawyers Bay321012m2$646,000(last sale price)",https://www.realestate.co.nz/property/40-fairview-terrace-sawyers-bay-dunedin-city-otago/gknrvy5q
1917,96,"Last sold on
      16/07/202456 Norfolk Street, Saint Clair31963m2$910,000(last sale price)",https://www.realestate.co.nz/property/56-norfolk-street-saint-clair-dunedin-city-otago/8vryf7zr
1918,96,"Last sold on
      16/07/202426 College Street, Caversham31694m2$515,000(last sale price)",https://www.realestate.co.nz/property/26-college-street-caversham-dunedin-city-otago/vq68y7xr
1919,96,"Last sold on
      15/07/2024521 North Road, Normanby312732m2$412,000(last sale price)",https://www.realestate.co.nz/property/521-north-road-normanby-dunedin-city-otago/03h65g7q
1920,97,"Last sold on
      15/07/20249 Cobden Street, Dunedin Central3$512,000(last sale price)",https://www.realestate.co.nz/property/9-cobden-street-dunedin-central-dunedin-city-otago/7psgrmrr
1921,97,"Last sold on
      15/07/2024198 Elgin Road, Balaclava31558m2$586,000(last sale price)",https://www.realestate.co.nz/property/198-elgin-road-balaclava-dunedin-city-otago/8qd89knr
1922,97,"Last sold on
      15/07/2024111 Mulford Street, Concord31893m2$532,100(last sale price)",https://www.realestate.co.nz/property/111-mulford-street-concord-dunedin-city-otago/xg75bq8r
1923,97,"Last sold on
      15/07/2024139 Easther Crescent, Kew31606m2$572,500(last sale price)",https://www.realestate.co.nz/property/139-easther-crescent-kew-dunedin-city-otago/yqt6wwyr
1924,97,"Last sold on
      15/07/20249 Thomas Street, Waikouaiti11036m2$515,000(last sale price)",https://www.realestate.co.nz/property/9-thomas-street-waikouaiti-dunedin-city-otago/02r1xd4q
1925,97,"Last sold on
      15/07/202411 Watkin Drive, Karitane228257m2$650,000(last sale price)",https://www.realestate.co.nz/property/11-watkin-drive-karitane-dunedin-city-otago/q80z4h1q
1926,97,"Last sold on
      15/07/202445A Gordon Road, Mosgiel21$400,000(last sale price)",https://www.realestate.co.nz/property/45a-gordon-road-mosgiel-dunedin-city-otago/c0qkhjls
1927,97,"Last sold on
      14/07/20249 Crest Street, Tainui31374m2$577,000(last sale price)",https://www.realestate.co.nz/property/9-crest-street-tainui-dunedin-city-otago/y6cgf9wr
1928,97,"Last sold on
      12/07/20244 Hugh Street, Sawyers Bay311318m2$550,000(last sale price)",https://www.realestate.co.nz/property/4-hugh-street-sawyers-bay-dunedin-city-otago/jz672q5q
1929,97,"Last sold on
      12/07/202471 Eglinton Road, Mornington42546m2$721,900(last sale price)",https://www.realestate.co.nz/property/71-eglinton-road-mornington-dunedin-city-otago/ph063qlr
1930,97,"Last sold on
      12/07/20247 Paris Street, North East Valley52412m2$595,000(last sale price)",https://www.realestate.co.nz/property/7-paris-street-north-east-valley-dunedin-city-otago/tvpbs06q
1931,97,"Last sold on
      12/07/202434 Tyne Street, Mosgiel311113m2$570,000(last sale price)",https://www.realestate.co.nz/property/34-tyne-street-mosgiel-dunedin-city-otago/fv7m1fks
1932,97,"Last sold on
      12/07/202412 Melrose Street, Portobello321983m2$640,000(last sale price)",https://www.realestate.co.nz/property/12-melrose-street-portobello-dunedin-city-otago/ykl0t1qx
1933,97,"Last sold on
      12/07/202416 Saint Albans Street, Bradford31505m2$550,000(last sale price)",https://www.realestate.co.nz/property/16-saint-albans-street-bradford-dunedin-city-otago/xqykl0l7c
1934,97,"Last sold on
      12/07/202415 Luke Street, Ocean Grove32604m2$517,000(last sale price)",https://www.realestate.co.nz/property/15-luke-street-ocean-grove-dunedin-city-otago/69tr2s6r
1935,97,"Last sold on
      12/07/202469 Canongate, Dunedin Central31253m2$440,000(last sale price)",https://www.realestate.co.nz/property/69-canongate-dunedin-central-dunedin-city-otago/69tr2spr
1936,97,"Last sold on
      12/07/202461 Heathfield Drive, Mosgiel421085m2$1,280,000(last sale price)",https://www.realestate.co.nz/property/61-heathfield-drive-mosgiel-dunedin-city-otago/MGKfDKXXk
1937,97,"Last sold on
      12/07/202414 Johnny Jones Drive, Karitane211.52ha$445,000(last sale price)",https://www.realestate.co.nz/property/14-johnny-jones-drive-karitane-dunedin-city-otago/vsty5h1q
1938,97,"Last sold on
      11/07/202466 Mission Cove, Company Bay33574m2$905,000(last sale price)",https://www.realestate.co.nz/property/66-mission-cove-company-bay-dunedin-city-otago/f91q9r81d
1939,97,"Last sold on
      11/07/202438 Seaton Road, Portobello31809m2$600,000(last sale price)",https://www.realestate.co.nz/property/38-seaton-road-portobello-dunedin-city-otago/4rs6076r
1940,98,"Last sold on
      11/07/202466 Dundas Street, North Dunedin4185m2$430,000(last sale price)",https://www.realestate.co.nz/property/66-dundas-street-north-dunedin-dunedin-city-otago/xsk7s8rr
1941,98,"Last sold on
      11/07/202497 Leckhampton Court, Clyde Hill41668m2$440,000(last sale price)",https://www.realestate.co.nz/property/97-leckhampton-court-clyde-hill-dunedin-city-otago/fbtwkvmr
1942,98,"Last sold on
      11/07/2024297 Cape Saunders Road, Portobello241.56ha$2,005,000(last sale price)",https://www.realestate.co.nz/property/297-cape-saunders-road-portobello-dunedin-city-otago/jwq2x87r
1943,98,"Last sold on
      11/07/2024123D Macandrew Road, South Dunedin21$390,000(last sale price)",https://www.realestate.co.nz/property/123d-macandrew-road-south-dunedin-dunedin-city-otago/d952zw2r
1944,98,"Last sold on
      10/07/202431A Pentland Street, North East Valley21205m2$336,000(last sale price)",https://www.realestate.co.nz/property/31a-pentland-street-north-east-valley-dunedin-city-otago/703h656q
1945,98,"Last sold on
      10/07/2024446 Pine Hill Road, Pine Hill21544m2$475,000(last sale price)",https://www.realestate.co.nz/property/446-pine-hill-road-pine-hill-dunedin-city-otago/xw1dzq7q
1946,98,"Last sold on
      10/07/202417 Church Street, Green Island311075m2$570,000(last sale price)",https://www.realestate.co.nz/property/17-church-street-green-island-dunedin-city-otago/wsplhdbs
1947,98,"Last sold on
      10/07/202475 Nelson Street, Forbury41468m2$510,000(last sale price)",https://www.realestate.co.nz/property/75-nelson-street-forbury-dunedin-city-otago/04cq4n1r
1948,98,"Last sold on
      10/07/202443 Tyne Street, Mosgiel32847m2$760,000(last sale price)",https://www.realestate.co.nz/property/43-tyne-street-mosgiel-dunedin-city-otago/8s486yjs
1949,98,"Last sold on
      10/07/202445 Barclay Street, Liberton31519m2$500,000(last sale price)",https://www.realestate.co.nz/property/45-barclay-street-liberton-dunedin-city-otago/bpjwq29q
1950,98,"Last sold on
      10/07/202450 Park Road, Warrington31397m2$585,000(last sale price)",https://www.realestate.co.nz/property/50-park-road-warrington-dunedin-city-otago/cnj02r1q
1951,98,"Last sold on
      09/07/20241 Agnew Street, North Dunedin41212m2$572,000(last sale price)",https://www.realestate.co.nz/property/1-agnew-street-north-dunedin-dunedin-city-otago/7rd4ywrr
1952,98,"Last sold on
      09/07/2024300F Princes Street, Dunedin Central32$646,000(last sale price)",https://www.realestate.co.nz/property/300f-princes-street-dunedin-central-dunedin-city-otago/wmgdfkspd
1953,98,"Last sold on
      09/07/20241715 Waipori Falls Road, Waipori Falls31$55,000(last sale price)",https://www.realestate.co.nz/property/1715-waipori-falls-road-waipori-falls-dunedin-city-otago/b6ym6nv9z
1954,98,"Last sold on
      09/07/202418 Church Street, Green Island31834m2$525,000(last sale price)",https://www.realestate.co.nz/property/18-church-street-green-island-dunedin-city-otago/3x4rs69r
1955,98,"Last sold on
      09/07/202494 Mornington Road, Kenmure31766m2$571,500(last sale price)",https://www.realestate.co.nz/property/94-mornington-road-kenmure-dunedin-city-otago/d89k1pnr
1956,98,"Last sold on
      09/07/2024538 South Road, Calton Hill31587m2$500,000(last sale price)",https://www.realestate.co.nz/property/538-south-road-calton-hill-dunedin-city-otago/0xjvvkxr
1957,98,"Recently sold48 Hunt Street, Andersons Bay31852m2Price is not yet confirmed",https://www.realestate.co.nz/property/48-hunt-street-andersons-bay-dunedin-city-otago/ykl0t1vr
1958,98,"Last sold on
      09/07/202419 Calvert Place, Shiel Hill21549m2$536,500(last sale price)",https://www.realestate.co.nz/property/19-calvert-place-shiel-hill-dunedin-city-otago/dj1y8ztr
1959,98,"Last sold on
      09/07/20242 Grendon Street, Maori Hill41$645,000(last sale price)",https://www.realestate.co.nz/property/2-grendon-street-maori-hill-dunedin-city-otago/yv5w0jfw
1960,99,"Last sold on
      09/07/2024127 Ravensbourne Road, Ravensbourne1257m2$330,000(last sale price)",https://www.realestate.co.nz/property/127-ravensbourne-road-ravensbourne-dunedin-city-otago/x30myy6q
1961,99,"Last sold on
      09/07/202432B Eastbourne Street, Caversham21$460,000(last sale price)",https://www.realestate.co.nz/property/32b-eastbourne-street-caversham-dunedin-city-otago/3q11r50r
1962,99,"Last sold on
      09/07/202418 Freyberg Avenue, Sawyers Bay21613m2$380,000(last sale price)",https://www.realestate.co.nz/property/18-freyberg-avenue-sawyers-bay-dunedin-city-otago/9j9j9j5q
1963,99,"Last sold on
      08/07/2024170 Factory Road, Mosgiel32529m2$950,000(last sale price)",https://www.realestate.co.nz/property/170-factory-road-mosgiel-dunedin-city-otago/ZmHDJmNXk
1964,99,"Last sold on
      08/07/202432 Honeystone Street, Helensburgh2.40ha$3,000,000(last sale price)",https://www.realestate.co.nz/property/32-honeystone-street-helensburgh-dunedin-city-otago/9ftc42br
1965,99,"Last sold on
      08/07/20246 Freeman Close, Abbotsford42900m2$900,000(last sale price)",https://www.realestate.co.nz/property/6-freeman-close-abbotsford-dunedin-city-otago/jgshm4ds
1966,99,"Last sold on
      08/07/20245 Rodeo Place, Outram1016m2$360,000(last sale price)",https://www.realestate.co.nz/property/5-rodeo-place-outram-dunedin-city-otago/Ys73wJ0Xk
1967,99,"Last sold on
      08/07/202439 Forfar Street, Clyde Hill31488m2$510,000(last sale price)",https://www.realestate.co.nz/property/39-forfar-street-clyde-hill-dunedin-city-otago/cb2ly2xr
1968,99,"Recently sold100 Bush Road, Mosgiel31335m2Price is not yet confirmed",https://www.realestate.co.nz/property/100-bush-road-mosgiel-dunedin-city-otago/g9xcmnks
1969,99,"Last sold on
      08/07/2024349 Taieri Road, Halfway Bush42803m2$900,000(last sale price)",https://www.realestate.co.nz/property/349-taieri-road-halfway-bush-dunedin-city-otago/74g69thr
1970,99,"Last sold on
      08/07/202456 Kirkcaldy Street, South Dunedin31470m2$590,000(last sale price)",https://www.realestate.co.nz/property/56-kirkcaldy-street-south-dunedin-dunedin-city-otago/92gg162r
1971,99,"Last sold on
      08/07/202426 Caldwell Street, Brockville31670m2$560,000(last sale price)",https://www.realestate.co.nz/property/26-caldwell-street-brockville-dunedin-city-otago/29b6t8jr
1972,99,"Last sold on
      08/07/202488B Factory Road, Mosgiel21$720,000(last sale price)",https://www.realestate.co.nz/property/88b-factory-road-mosgiel-dunedin-city-otago/91q9r4hs
1973,99,"Last sold on
      08/07/202461 Opoho Road, North East Valley61584m2$478,500(last sale price)",https://www.realestate.co.nz/property/61-opoho-road-north-east-valley-dunedin-city-otago/98k5174x
1974,99,"Last sold on
      07/07/202450 Bernera Street, Karitane1012m2$182,500(last sale price)",https://www.realestate.co.nz/property/50-bernera-street-karitane-dunedin-city-otago/lsz5cl2q
1975,99,"Last sold on
      07/07/202439 Stirling Street, Andersons Bay31672m2$670,000(last sale price)",https://www.realestate.co.nz/property/39-stirling-street-andersons-bay-dunedin-city-otago/ydctr6vr
